Axis1,Axis2,Axis3,hand,session,datetime,id
0,0,0,sx,dom,2017-05-16 16:40:00,TD0
0,0,0,sx,dom,2017-05-16 16:40:01,TD0
0,0,0,sx,dom,2017-05-16 16:40:02,TD0
0,0,0,sx,dom,2017-05-16 16:40:03,TD0
0,0,0,sx,dom,2017-05-16 16:40:04,TD0
0,0,0,sx,dom,2017-05-16 16:40:05,TD0
0,0,0,sx,dom,2017-05-16 16:40:06,TD0
0,0,0,sx,dom,2017-05-16 16:40:07,TD0
0,0,0,sx,dom,2017-05-16 16:40:08,TD0
0,0,0,sx,dom,2017-05-16 16:40:09,TD0
0,0,0,sx,dom,2017-05-16 16:40:10,TD0
0,0,0,sx,dom,2017-05-16 16:40:11,TD0
0,0,0,sx,dom,2017-05-16 16:40:12,TD0
0,0,0,sx,dom,2017-05-16 16:40:13,TD0
0,0,0,sx,dom,2017-05-16 16:40:14,TD0
0,0,0,sx,dom,2017-05-16 16:40:15,TD0
0,0,0,sx,dom,2017-05-16 16:40:16,TD0
0,0,0,sx,dom,2017-05-16 16:40:17,TD0
0,0,0,sx,dom,2017-05-16 16:40:18,TD0
0,0,0,sx,dom,2017-05-16 16:40:19,TD0
0,0,0,sx,dom,2017-05-16 16:40:20,TD0
0,0,0,sx,dom,2017-05-16 16:40:21,TD0
0,0,0,sx,dom,2017-05-16 16:40:22,TD0
0,0,0,sx,dom,2017-05-16 16:40:23,TD0
0,0,0,sx,dom,2017-05-16 16:40:24,TD0
0,0,0,sx,dom,2017-05-16 16:40:25,TD0
0,7,7,sx,dom,2017-05-16 16:40:26,TD0
16,4,28,sx,dom,2017-05-16 16:40:27,TD0
91,89,184,sx,dom,2017-05-16 16:40:28,TD0
82,49,53,sx,dom,2017-05-16 16:40:29,TD0
0,0,0,sx,dom,2017-05-16 16:40:30,TD0
0,0,0,sx,dom,2017-05-16 16:40:31,TD0
0,0,0,sx,dom,2017-05-16 16:40:32,TD0
0,0,0,sx,dom,2017-05-16 16:40:33,TD0
0,0,0,sx,dom,2017-05-16 16:40:34,TD0
0,0,0,sx,dom,2017-05-16 16:40:35,TD0
0,0,0,sx,dom,2017-05-16 16:40:36,TD0
0,0,0,sx,dom,2017-05-16 16:40:37,TD0
0,0,0,sx,dom,2017-05-16 16:40:38,TD0
0,0,0,sx,dom,2017-05-16 16:40:39,TD0
0,0,0,sx,dom,2017-05-16 16:40:40,TD0
0,0,0,sx,dom,2017-05-16 16:40:41,TD0
0,0,0,sx,dom,2017-05-16 16:40:42,TD0
0,0,0,sx,dom,2017-05-16 16:40:43,TD0
0,0,0,sx,dom,2017-05-16 16:40:44,TD0
0,0,0,sx,dom,2017-05-16 16:40:45,TD0
0,0,0,sx,dom,2017-05-16 16:40:46,TD0
0,0,0,sx,dom,2017-05-16 16:40:47,TD0
0,0,0,sx,dom,2017-05-16 16:40:48,TD0
0,0,0,sx,dom,2017-05-16 16:40:49,TD0
0,0,0,sx,dom,2017-05-16 16:40:50,TD0
0,0,0,sx,dom,2017-05-16 16:40:51,TD0
0,0,0,sx,dom,2017-05-16 16:40:52,TD0
0,0,0,sx,dom,2017-05-16 16:40:53,TD0
0,0,0,sx,dom,2017-05-16 16:40:54,TD0
0,0,0,sx,dom,2017-05-16 16:40:55,TD0
0,0,0,sx,dom,2017-05-16 16:40:56,TD0
0,0,0,sx,dom,2017-05-16 16:40:57,TD0
0,0,0,sx,dom,2017-05-16 16:40:58,TD0
25,0,0,sx,dom,2017-05-16 16:40:59,TD0
11,0,0,sx,dom,2017-05-16 16:41:00,TD0
58,77,70,dx,dom,2017-05-16 16:40:00,TD0
34,94,71,dx,dom,2017-05-16 16:40:01,TD0
69,64,63,dx,dom,2017-05-16 16:40:02,TD0
81,54,64,dx,dom,2017-05-16 16:40:03,TD0
59,110,54,dx,dom,2017-05-16 16:40:04,TD0
53,122,79,dx,dom,2017-05-16 16:40:05,TD0
51,97,92,dx,dom,2017-05-16 16:40:06,TD0
55,123,114,dx,dom,2017-05-16 16:40:07,TD0
56,31,74,dx,dom,2017-05-16 16:40:08,TD0
50,46,109,dx,dom,2017-05-16 16:40:09,TD0
25,129,88,dx,dom,2017-05-16 16:40:10,TD0
53,148,101,dx,dom,2017-05-16 16:40:11,TD0
56,75,79,dx,dom,2017-05-16 16:40:12,TD0
30,67,132,dx,dom,2017-05-16 16:40:13,TD0
28,125,83,dx,dom,2017-05-16 16:40:14,TD0
52,64,70,dx,dom,2017-05-16 16:40:15,TD0
76,76,105,dx,dom,2017-05-16 16:40:16,TD0
63,111,78,dx,dom,2017-05-16 16:40:17,TD0
49,41,80,dx,dom,2017-05-16 16:40:18,TD0
82,65,86,dx,dom,2017-05-16 16:40:19,TD0
76,57,67,dx,dom,2017-05-16 16:40:20,TD0
49,41,111,dx,dom,2017-05-16 16:40:21,TD0
59,49,107,dx,dom,2017-05-16 16:40:22,TD0
73,98,102,dx,dom,2017-05-16 16:40:23,TD0
42,89,104,dx,dom,2017-05-16 16:40:24,TD0
47,61,134,dx,dom,2017-05-16 16:40:25,TD0
71,102,107,dx,dom,2017-05-16 16:40:26,TD0
102,64,121,dx,dom,2017-05-16 16:40:27,TD0
134,87,86,dx,dom,2017-05-16 16:40:28,TD0
56,114,42,dx,dom,2017-05-16 16:40:29,TD0
105,124,115,dx,dom,2017-05-16 16:40:30,TD0
117,43,109,dx,dom,2017-05-16 16:40:31,TD0
87,42,95,dx,dom,2017-05-16 16:40:32,TD0
44,67,122,dx,dom,2017-05-16 16:40:33,TD0
71,89,88,dx,dom,2017-05-16 16:40:34,TD0
92,34,116,dx,dom,2017-05-16 16:40:35,TD0
84,107,81,dx,dom,2017-05-16 16:40:36,TD0
50,14,95,dx,dom,2017-05-16 16:40:37,TD0
39,59,110,dx,dom,2017-05-16 16:40:38,TD0
27,98,110,dx,dom,2017-05-16 16:40:39,TD0
65,67,114,dx,dom,2017-05-16 16:40:40,TD0
35,96,114,dx,dom,2017-05-16 16:40:41,TD0
86,124,87,dx,dom,2017-05-16 16:40:42,TD0
48,121,73,dx,dom,2017-05-16 16:40:43,TD0
61,65,71,dx,dom,2017-05-16 16:40:44,TD0
53,85,71,dx,dom,2017-05-16 16:40:45,TD0
56,71,69,dx,dom,2017-05-16 16:40:46,TD0
76,102,90,dx,dom,2017-05-16 16:40:47,TD0
64,102,66,dx,dom,2017-05-16 16:40:48,TD0
59,109,67,dx,dom,2017-05-16 16:40:49,TD0
34,120,87,dx,dom,2017-05-16 16:40:50,TD0
61,52,120,dx,dom,2017-05-16 16:40:51,TD0
43,65,84,dx,dom,2017-05-16 16:40:52,TD0
52,79,83,dx,dom,2017-05-16 16:40:53,TD0
98,79,92,dx,dom,2017-05-16 16:40:54,TD0
80,65,86,dx,dom,2017-05-16 16:40:55,TD0
91,79,80,dx,dom,2017-05-16 16:40:56,TD0
70,72,115,dx,dom,2017-05-16 16:40:57,TD0
131,121,105,dx,dom,2017-05-16 16:40:58,TD0
40,108,9,dx,dom,2017-05-16 16:40:59,TD0
79,145,35,dx,dom,2017-05-16 16:41:00,TD0
118,87,71,sx,ndom,2017-05-16 16:42:35,TD0
90,58,85,sx,ndom,2017-05-16 16:42:36,TD0
137,79,84,sx,ndom,2017-05-16 16:42:37,TD0
44,70,45,sx,ndom,2017-05-16 16:42:38,TD0
80,66,57,sx,ndom,2017-05-16 16:42:39,TD0
74,94,125,sx,ndom,2017-05-16 16:42:40,TD0
68,102,54,sx,ndom,2017-05-16 16:42:41,TD0
61,76,76,sx,ndom,2017-05-16 16:42:42,TD0
70,78,87,sx,ndom,2017-05-16 16:42:43,TD0
72,72,80,sx,ndom,2017-05-16 16:42:44,TD0
94,98,67,sx,ndom,2017-05-16 16:42:45,TD0
65,128,90,sx,ndom,2017-05-16 16:42:46,TD0
38,126,68,sx,ndom,2017-05-16 16:42:47,TD0
68,100,34,sx,ndom,2017-05-16 16:42:48,TD0
120,65,70,sx,ndom,2017-05-16 16:42:49,TD0
63,129,60,sx,ndom,2017-05-16 16:42:50,TD0
47,87,61,sx,ndom,2017-05-16 16:42:51,TD0
46,83,52,sx,ndom,2017-05-16 16:42:52,TD0
62,95,40,sx,ndom,2017-05-16 16:42:53,TD0
47,63,49,sx,ndom,2017-05-16 16:42:54,TD0
87,102,79,sx,ndom,2017-05-16 16:42:55,TD0
85,75,73,sx,ndom,2017-05-16 16:42:56,TD0
68,71,67,sx,ndom,2017-05-16 16:42:57,TD0
136,67,75,sx,ndom,2017-05-16 16:42:58,TD0
85,70,60,sx,ndom,2017-05-16 16:42:59,TD0
91,73,88,sx,ndom,2017-05-16 16:43:00,TD0
72,77,76,sx,ndom,2017-05-16 16:43:01,TD0
71,82,51,sx,ndom,2017-05-16 16:43:02,TD0
125,91,52,sx,ndom,2017-05-16 16:43:03,TD0
94,77,44,sx,ndom,2017-05-16 16:43:04,TD0
91,86,40,sx,ndom,2017-05-16 16:43:05,TD0
76,92,62,sx,ndom,2017-05-16 16:43:06,TD0
105,78,76,sx,ndom,2017-05-16 16:43:07,TD0
109,42,60,sx,ndom,2017-05-16 16:43:08,TD0
91,82,49,sx,ndom,2017-05-16 16:43:09,TD0
89,140,83,sx,ndom,2017-05-16 16:43:10,TD0
71,90,60,sx,ndom,2017-05-16 16:43:11,TD0
107,82,80,sx,ndom,2017-05-16 16:43:12,TD0
76,210,78,sx,ndom,2017-05-16 16:43:13,TD0
89,250,44,sx,ndom,2017-05-16 16:43:14,TD0
98,131,73,sx,ndom,2017-05-16 16:43:15,TD0
78,139,73,sx,ndom,2017-05-16 16:43:16,TD0
86,116,22,sx,ndom,2017-05-16 16:43:17,TD0
49,95,41,sx,ndom,2017-05-16 16:43:18,TD0
58,117,65,sx,ndom,2017-05-16 16:43:19,TD0
38,121,28,sx,ndom,2017-05-16 16:43:20,TD0
60,85,62,sx,ndom,2017-05-16 16:43:21,TD0
55,78,48,sx,ndom,2017-05-16 16:43:22,TD0
58,106,40,sx,ndom,2017-05-16 16:43:23,TD0
68,71,54,sx,ndom,2017-05-16 16:43:24,TD0
55,121,50,sx,ndom,2017-05-16 16:43:25,TD0
82,62,33,sx,ndom,2017-05-16 16:43:26,TD0
51,125,20,sx,ndom,2017-05-16 16:43:27,TD0
78,124,56,sx,ndom,2017-05-16 16:43:28,TD0
83,95,50,sx,ndom,2017-05-16 16:43:29,TD0
112,122,58,sx,ndom,2017-05-16 16:43:30,TD0
78,92,51,sx,ndom,2017-05-16 16:43:31,TD0
62,107,65,sx,ndom,2017-05-16 16:43:32,TD0
107,117,42,sx,ndom,2017-05-16 16:43:33,TD0
123,133,59,sx,ndom,2017-05-16 16:43:34,TD0
144,59,97,sx,ndom,2017-05-16 16:43:35,TD0
0,0,0,dx,ndom,2017-05-16 16:42:35,TD0
0,4,0,dx,ndom,2017-05-16 16:42:36,TD0
0,0,0,dx,ndom,2017-05-16 16:42:37,TD0
0,0,0,dx,ndom,2017-05-16 16:42:38,TD0
0,0,0,dx,ndom,2017-05-16 16:42:39,TD0
0,0,0,dx,ndom,2017-05-16 16:42:40,TD0
0,0,0,dx,ndom,2017-05-16 16:42:41,TD0
0,0,0,dx,ndom,2017-05-16 16:42:42,TD0
0,0,0,dx,ndom,2017-05-16 16:42:43,TD0
0,0,0,dx,ndom,2017-05-16 16:42:44,TD0
0,0,0,dx,ndom,2017-05-16 16:42:45,TD0
0,0,0,dx,ndom,2017-05-16 16:42:46,TD0
0,0,0,dx,ndom,2017-05-16 16:42:47,TD0
0,0,0,dx,ndom,2017-05-16 16:42:48,TD0
0,0,0,dx,ndom,2017-05-16 16:42:49,TD0
0,0,0,dx,ndom,2017-05-16 16:42:50,TD0
0,0,0,dx,ndom,2017-05-16 16:42:51,TD0
0,0,0,dx,ndom,2017-05-16 16:42:52,TD0
0,0,0,dx,ndom,2017-05-16 16:42:53,TD0
0,0,0,dx,ndom,2017-05-16 16:42:54,TD0
0,0,0,dx,ndom,2017-05-16 16:42:55,TD0
0,0,0,dx,ndom,2017-05-16 16:42:56,TD0
0,0,0,dx,ndom,2017-05-16 16:42:57,TD0
0,0,0,dx,ndom,2017-05-16 16:42:58,TD0
0,0,0,dx,ndom,2017-05-16 16:42:59,TD0
0,0,0,dx,ndom,2017-05-16 16:43:00,TD0
0,0,0,dx,ndom,2017-05-16 16:43:01,TD0
0,0,0,dx,ndom,2017-05-16 16:43:02,TD0
0,0,0,dx,ndom,2017-05-16 16:43:03,TD0
0,0,0,dx,ndom,2017-05-16 16:43:04,TD0
0,0,0,dx,ndom,2017-05-16 16:43:05,TD0
0,0,0,dx,ndom,2017-05-16 16:43:06,TD0
0,0,0,dx,ndom,2017-05-16 16:43:07,TD0
0,0,0,dx,ndom,2017-05-16 16:43:08,TD0
0,0,0,dx,ndom,2017-05-16 16:43:09,TD0
0,0,0,dx,ndom,2017-05-16 16:43:10,TD0
0,0,0,dx,ndom,2017-05-16 16:43:11,TD0
0,0,0,dx,ndom,2017-05-16 16:43:12,TD0
0,0,0,dx,ndom,2017-05-16 16:43:13,TD0
0,0,0,dx,ndom,2017-05-16 16:43:14,TD0
0,0,0,dx,ndom,2017-05-16 16:43:15,TD0
0,0,0,dx,ndom,2017-05-16 16:43:16,TD0
0,0,0,dx,ndom,2017-05-16 16:43:17,TD0
0,0,0,dx,ndom,2017-05-16 16:43:18,TD0
0,0,0,dx,ndom,2017-05-16 16:43:19,TD0
60,24,24,dx,ndom,2017-05-16 16:43:20,TD0
61,5,54,dx,ndom,2017-05-16 16:43:21,TD0
0,0,6,dx,ndom,2017-05-16 16:43:22,TD0
0,0,0,dx,ndom,2017-05-16 16:43:23,TD0
0,0,0,dx,ndom,2017-05-16 16:43:24,TD0
0,0,0,dx,ndom,2017-05-16 16:43:25,TD0
0,0,0,dx,ndom,2017-05-16 16:43:26,TD0
0,0,0,dx,ndom,2017-05-16 16:43:27,TD0
0,0,0,dx,ndom,2017-05-16 16:43:28,TD0
0,0,0,dx,ndom,2017-05-16 16:43:29,TD0
0,0,0,dx,ndom,2017-05-16 16:43:30,TD0
0,0,0,dx,ndom,2017-05-16 16:43:31,TD0
0,0,0,dx,ndom,2017-05-16 16:43:32,TD0
0,0,0,dx,ndom,2017-05-16 16:43:33,TD0
0,0,0,dx,ndom,2017-05-16 16:43:34,TD0
0,0,0,dx,ndom,2017-05-16 16:43:35,TD0
0,0,0,sx,dom,2017-05-23 19:46:10,TD1
0,42,0,sx,dom,2017-05-23 19:46:11,TD1
0,1,0,sx,dom,2017-05-23 19:46:12,TD1
0,4,0,sx,dom,2017-05-23 19:46:13,TD1
0,3,0,sx,dom,2017-05-23 19:46:14,TD1
0,0,0,sx,dom,2017-05-23 19:46:15,TD1
0,0,0,sx,dom,2017-05-23 19:46:16,TD1
0,0,0,sx,dom,2017-05-23 19:46:17,TD1
0,0,0,sx,dom,2017-05-23 19:46:18,TD1
0,0,0,sx,dom,2017-05-23 19:46:19,TD1
0,0,0,sx,dom,2017-05-23 19:46:20,TD1
0,0,0,sx,dom,2017-05-23 19:46:21,TD1
0,0,0,sx,dom,2017-05-23 19:46:22,TD1
0,0,0,sx,dom,2017-05-23 19:46:23,TD1
0,0,0,sx,dom,2017-05-23 19:46:24,TD1
0,2,0,sx,dom,2017-05-23 19:46:25,TD1
0,0,0,sx,dom,2017-05-23 19:46:26,TD1
0,0,0,sx,dom,2017-05-23 19:46:27,TD1
0,0,0,sx,dom,2017-05-23 19:46:28,TD1
0,0,0,sx,dom,2017-05-23 19:46:29,TD1
0,3,3,sx,dom,2017-05-23 19:46:30,TD1
0,0,0,sx,dom,2017-05-23 19:46:31,TD1
0,0,0,sx,dom,2017-05-23 19:46:32,TD1
0,0,0,sx,dom,2017-05-23 19:46:33,TD1
0,0,0,sx,dom,2017-05-23 19:46:34,TD1
0,0,0,sx,dom,2017-05-23 19:46:35,TD1
0,2,2,sx,dom,2017-05-23 19:46:36,TD1
0,3,0,sx,dom,2017-05-23 19:46:37,TD1
0,1,0,sx,dom,2017-05-23 19:46:38,TD1
0,0,0,sx,dom,2017-05-23 19:46:39,TD1
0,0,0,sx,dom,2017-05-23 19:46:40,TD1
1,2,0,sx,dom,2017-05-23 19:46:41,TD1
1,6,0,sx,dom,2017-05-23 19:46:42,TD1
0,0,0,sx,dom,2017-05-23 19:46:43,TD1
0,0,0,sx,dom,2017-05-23 19:46:44,TD1
0,0,0,sx,dom,2017-05-23 19:46:45,TD1
0,0,0,sx,dom,2017-05-23 19:46:46,TD1
0,0,0,sx,dom,2017-05-23 19:46:47,TD1
0,0,0,sx,dom,2017-05-23 19:46:48,TD1
0,0,4,sx,dom,2017-05-23 19:46:49,TD1
0,0,2,sx,dom,2017-05-23 19:46:50,TD1
0,0,0,sx,dom,2017-05-23 19:46:51,TD1
0,0,0,sx,dom,2017-05-23 19:46:52,TD1
0,0,0,sx,dom,2017-05-23 19:46:53,TD1
0,0,0,sx,dom,2017-05-23 19:46:54,TD1
0,0,0,sx,dom,2017-05-23 19:46:55,TD1
0,0,0,sx,dom,2017-05-23 19:46:56,TD1
0,0,0,sx,dom,2017-05-23 19:46:57,TD1
0,0,0,sx,dom,2017-05-23 19:46:58,TD1
0,0,0,sx,dom,2017-05-23 19:46:59,TD1
0,0,0,sx,dom,2017-05-23 19:47:00,TD1
0,0,0,sx,dom,2017-05-23 19:47:01,TD1
0,0,0,sx,dom,2017-05-23 19:47:02,TD1
0,0,0,sx,dom,2017-05-23 19:47:03,TD1
13,13,41,sx,dom,2017-05-23 19:47:04,TD1
40,41,110,sx,dom,2017-05-23 19:47:05,TD1
0,4,21,sx,dom,2017-05-23 19:47:06,TD1
0,0,1,sx,dom,2017-05-23 19:47:07,TD1
0,4,2,sx,dom,2017-05-23 19:47:08,TD1
0,0,0,sx,dom,2017-05-23 19:47:09,TD1
0,0,0,sx,dom,2017-05-23 19:47:10,TD1
225,159,284,dx,dom,2017-05-23 19:46:10,TD1
134,73,251,dx,dom,2017-05-23 19:46:11,TD1
78,87,89,dx,dom,2017-05-23 19:46:12,TD1
127,146,95,dx,dom,2017-05-23 19:46:13,TD1
114,99,71,dx,dom,2017-05-23 19:46:14,TD1
91,60,41,dx,dom,2017-05-23 19:46:15,TD1
87,51,60,dx,dom,2017-05-23 19:46:16,TD1
58,57,49,dx,dom,2017-05-23 19:46:17,TD1
128,59,73,dx,dom,2017-05-23 19:46:18,TD1
42,94,99,dx,dom,2017-05-23 19:46:19,TD1
103,100,110,dx,dom,2017-05-23 19:46:20,TD1
125,66,93,dx,dom,2017-05-23 19:46:21,TD1
86,91,57,dx,dom,2017-05-23 19:46:22,TD1
100,146,96,dx,dom,2017-05-23 19:46:23,TD1
99,145,109,dx,dom,2017-05-23 19:46:24,TD1
84,127,90,dx,dom,2017-05-23 19:46:25,TD1
95,89,144,dx,dom,2017-05-23 19:46:26,TD1
97,181,75,dx,dom,2017-05-23 19:46:27,TD1
80,152,41,dx,dom,2017-05-23 19:46:28,TD1
110,76,60,dx,dom,2017-05-23 19:46:29,TD1
176,130,159,dx,dom,2017-05-23 19:46:30,TD1
115,87,84,dx,dom,2017-05-23 19:46:31,TD1
86,114,74,dx,dom,2017-05-23 19:46:32,TD1
120,113,79,dx,dom,2017-05-23 19:46:33,TD1
70,165,65,dx,dom,2017-05-23 19:46:34,TD1
100,152,74,dx,dom,2017-05-23 19:46:35,TD1
146,154,86,dx,dom,2017-05-23 19:46:36,TD1
206,165,223,dx,dom,2017-05-23 19:46:37,TD1
144,61,63,dx,dom,2017-05-23 19:46:38,TD1
133,51,84,dx,dom,2017-05-23 19:46:39,TD1
100,81,98,dx,dom,2017-05-23 19:46:40,TD1
190,153,111,dx,dom,2017-05-23 19:46:41,TD1
30,116,56,dx,dom,2017-05-23 19:46:42,TD1
130,71,87,dx,dom,2017-05-23 19:46:43,TD1
94,135,80,dx,dom,2017-05-23 19:46:44,TD1
172,44,58,dx,dom,2017-05-23 19:46:45,TD1
108,104,80,dx,dom,2017-05-23 19:46:46,TD1
163,116,103,dx,dom,2017-05-23 19:46:47,TD1
132,100,72,dx,dom,2017-05-23 19:46:48,TD1
106,160,40,dx,dom,2017-05-23 19:46:49,TD1
120,67,78,dx,dom,2017-05-23 19:46:50,TD1
62,125,22,dx,dom,2017-05-23 19:46:51,TD1
75,154,53,dx,dom,2017-05-23 19:46:52,TD1
88,70,60,dx,dom,2017-05-23 19:46:53,TD1
124,97,82,dx,dom,2017-05-23 19:46:54,TD1
91,80,79,dx,dom,2017-05-23 19:46:55,TD1
109,64,97,dx,dom,2017-05-23 19:46:56,TD1
117,107,74,dx,dom,2017-05-23 19:46:57,TD1
121,93,75,dx,dom,2017-05-23 19:46:58,TD1
92,85,62,dx,dom,2017-05-23 19:46:59,TD1
104,94,73,dx,dom,2017-05-23 19:47:00,TD1
86,86,72,dx,dom,2017-05-23 19:47:01,TD1
123,123,48,dx,dom,2017-05-23 19:47:02,TD1
94,124,77,dx,dom,2017-05-23 19:47:03,TD1
175,77,86,dx,dom,2017-05-23 19:47:04,TD1
103,44,102,dx,dom,2017-05-23 19:47:05,TD1
33,43,33,dx,dom,2017-05-23 19:47:06,TD1
167,97,117,dx,dom,2017-05-23 19:47:07,TD1
161,51,95,dx,dom,2017-05-23 19:47:08,TD1
86,56,15,dx,dom,2017-05-23 19:47:09,TD1
25,11,15,dx,dom,2017-05-23 19:47:10,TD1
47,66,135,sx,ndom,2017-05-23 19:49:00,TD1
295,124,146,sx,ndom,2017-05-23 19:49:01,TD1
166,89,87,sx,ndom,2017-05-23 19:49:02,TD1
117,73,100,sx,ndom,2017-05-23 19:49:03,TD1
122,58,95,sx,ndom,2017-05-23 19:49:04,TD1
132,131,77,sx,ndom,2017-05-23 19:49:05,TD1
47,58,42,sx,ndom,2017-05-23 19:49:06,TD1
107,117,72,sx,ndom,2017-05-23 19:49:07,TD1
78,103,65,sx,ndom,2017-05-23 19:49:08,TD1
118,140,48,sx,ndom,2017-05-23 19:49:09,TD1
90,132,50,sx,ndom,2017-05-23 19:49:10,TD1
87,98,68,sx,ndom,2017-05-23 19:49:11,TD1
54,73,57,sx,ndom,2017-05-23 19:49:12,TD1
144,111,91,sx,ndom,2017-05-23 19:49:13,TD1
212,115,110,sx,ndom,2017-05-23 19:49:14,TD1
142,91,17,sx,ndom,2017-05-23 19:49:15,TD1
113,97,31,sx,ndom,2017-05-23 19:49:16,TD1
131,77,43,sx,ndom,2017-05-23 19:49:17,TD1
114,67,88,sx,ndom,2017-05-23 19:49:18,TD1
136,103,74,sx,ndom,2017-05-23 19:49:19,TD1
120,68,88,sx,ndom,2017-05-23 19:49:20,TD1
110,88,30,sx,ndom,2017-05-23 19:49:21,TD1
114,105,78,sx,ndom,2017-05-23 19:49:22,TD1
89,42,43,sx,ndom,2017-05-23 19:49:23,TD1
105,75,51,sx,ndom,2017-05-23 19:49:24,TD1
125,99,69,sx,ndom,2017-05-23 19:49:25,TD1
79,120,60,sx,ndom,2017-05-23 19:49:26,TD1
102,197,49,sx,ndom,2017-05-23 19:49:27,TD1
98,161,109,sx,ndom,2017-05-23 19:49:28,TD1
74,177,100,sx,ndom,2017-05-23 19:49:29,TD1
109,173,100,sx,ndom,2017-05-23 19:49:30,TD1
121,179,52,sx,ndom,2017-05-23 19:49:31,TD1
75,73,20,sx,ndom,2017-05-23 19:49:32,TD1
163,110,74,sx,ndom,2017-05-23 19:49:33,TD1
211,113,87,sx,ndom,2017-05-23 19:49:34,TD1
103,127,84,sx,ndom,2017-05-23 19:49:35,TD1
93,86,11,sx,ndom,2017-05-23 19:49:36,TD1
114,80,25,sx,ndom,2017-05-23 19:49:37,TD1
29,62,7,sx,ndom,2017-05-23 19:49:38,TD1
91,68,14,sx,ndom,2017-05-23 19:49:39,TD1
124,79,41,sx,ndom,2017-05-23 19:49:40,TD1
113,235,44,sx,ndom,2017-05-23 19:49:41,TD1
64,223,37,sx,ndom,2017-05-23 19:49:42,TD1
131,139,27,sx,ndom,2017-05-23 19:49:43,TD1
168,109,35,sx,ndom,2017-05-23 19:49:44,TD1
143,145,46,sx,ndom,2017-05-23 19:49:45,TD1
127,90,42,sx,ndom,2017-05-23 19:49:46,TD1
161,144,66,sx,ndom,2017-05-23 19:49:47,TD1
61,98,54,sx,ndom,2017-05-23 19:49:48,TD1
58,57,12,sx,ndom,2017-05-23 19:49:49,TD1
134,163,85,sx,ndom,2017-05-23 19:49:50,TD1
125,130,92,sx,ndom,2017-05-23 19:49:51,TD1
90,144,42,sx,ndom,2017-05-23 19:49:52,TD1
29,55,29,sx,ndom,2017-05-23 19:49:53,TD1
78,84,20,sx,ndom,2017-05-23 19:49:54,TD1
127,220,47,sx,ndom,2017-05-23 19:49:55,TD1
76,119,48,sx,ndom,2017-05-23 19:49:56,TD1
120,138,62,sx,ndom,2017-05-23 19:49:57,TD1
129,170,60,sx,ndom,2017-05-23 19:49:58,TD1
117,114,76,sx,ndom,2017-05-23 19:49:59,TD1
99,94,38,sx,ndom,2017-05-23 19:50:00,TD1
0,11,0,dx,ndom,2017-05-23 19:49:00,TD1
0,5,2,dx,ndom,2017-05-23 19:49:01,TD1
0,0,0,dx,ndom,2017-05-23 19:49:02,TD1
0,8,9,dx,ndom,2017-05-23 19:49:03,TD1
0,0,2,dx,ndom,2017-05-23 19:49:04,TD1
0,0,0,dx,ndom,2017-05-23 19:49:05,TD1
0,0,9,dx,ndom,2017-05-23 19:49:06,TD1
0,0,0,dx,ndom,2017-05-23 19:49:07,TD1
0,0,0,dx,ndom,2017-05-23 19:49:08,TD1
0,0,0,dx,ndom,2017-05-23 19:49:09,TD1
0,0,0,dx,ndom,2017-05-23 19:49:10,TD1
0,0,0,dx,ndom,2017-05-23 19:49:11,TD1
0,0,3,dx,ndom,2017-05-23 19:49:12,TD1
0,0,0,dx,ndom,2017-05-23 19:49:13,TD1
0,0,0,dx,ndom,2017-05-23 19:49:14,TD1
0,0,0,dx,ndom,2017-05-23 19:49:15,TD1
0,0,0,dx,ndom,2017-05-23 19:49:16,TD1
0,0,0,dx,ndom,2017-05-23 19:49:17,TD1
0,0,0,dx,ndom,2017-05-23 19:49:18,TD1
0,0,0,dx,ndom,2017-05-23 19:49:19,TD1
0,0,0,dx,ndom,2017-05-23 19:49:20,TD1
0,0,0,dx,ndom,2017-05-23 19:49:21,TD1
0,0,0,dx,ndom,2017-05-23 19:49:22,TD1
0,0,0,dx,ndom,2017-05-23 19:49:23,TD1
0,0,0,dx,ndom,2017-05-23 19:49:24,TD1
0,0,0,dx,ndom,2017-05-23 19:49:25,TD1
0,0,0,dx,ndom,2017-05-23 19:49:26,TD1
0,0,0,dx,ndom,2017-05-23 19:49:27,TD1
0,0,0,dx,ndom,2017-05-23 19:49:28,TD1
0,0,0,dx,ndom,2017-05-23 19:49:29,TD1
0,0,0,dx,ndom,2017-05-23 19:49:30,TD1
0,0,0,dx,ndom,2017-05-23 19:49:31,TD1
0,0,0,dx,ndom,2017-05-23 19:49:32,TD1
0,0,4,dx,ndom,2017-05-23 19:49:33,TD1
0,0,0,dx,ndom,2017-05-23 19:49:34,TD1
0,0,0,dx,ndom,2017-05-23 19:49:35,TD1
0,0,0,dx,ndom,2017-05-23 19:49:36,TD1
0,0,0,dx,ndom,2017-05-23 19:49:37,TD1
0,0,0,dx,ndom,2017-05-23 19:49:38,TD1
0,0,0,dx,ndom,2017-05-23 19:49:39,TD1
0,0,0,dx,ndom,2017-05-23 19:49:40,TD1
0,0,0,dx,ndom,2017-05-23 19:49:41,TD1
0,0,0,dx,ndom,2017-05-23 19:49:42,TD1
0,0,0,dx,ndom,2017-05-23 19:49:43,TD1
0,0,0,dx,ndom,2017-05-23 19:49:44,TD1
0,0,0,dx,ndom,2017-05-23 19:49:45,TD1
0,0,0,dx,ndom,2017-05-23 19:49:46,TD1
0,0,0,dx,ndom,2017-05-23 19:49:47,TD1
0,0,0,dx,ndom,2017-05-23 19:49:48,TD1
0,0,0,dx,ndom,2017-05-23 19:49:49,TD1
0,0,0,dx,ndom,2017-05-23 19:49:50,TD1
0,0,0,dx,ndom,2017-05-23 19:49:51,TD1
0,0,0,dx,ndom,2017-05-23 19:49:52,TD1
0,0,0,dx,ndom,2017-05-23 19:49:53,TD1
0,0,0,dx,ndom,2017-05-23 19:49:54,TD1
0,0,0,dx,ndom,2017-05-23 19:49:55,TD1
0,0,0,dx,ndom,2017-05-23 19:49:56,TD1
64,102,46,dx,ndom,2017-05-23 19:49:57,TD1
39,19,41,dx,ndom,2017-05-23 19:49:58,TD1
9,0,1,dx,ndom,2017-05-23 19:49:59,TD1
3,0,5,dx,ndom,2017-05-23 19:50:00,TD1
0,6,0,sx,dom,2017-05-23 19:52:10,TD2
0,9,0,sx,dom,2017-05-23 19:52:11,TD2
0,0,0,sx,dom,2017-05-23 19:52:12,TD2
0,1,0,sx,dom,2017-05-23 19:52:13,TD2
0,6,0,sx,dom,2017-05-23 19:52:14,TD2
0,0,0,sx,dom,2017-05-23 19:52:15,TD2
0,0,0,sx,dom,2017-05-23 19:52:16,TD2
0,0,0,sx,dom,2017-05-23 19:52:17,TD2
0,0,0,sx,dom,2017-05-23 19:52:18,TD2
0,0,0,sx,dom,2017-05-23 19:52:19,TD2
0,0,0,sx,dom,2017-05-23 19:52:20,TD2
0,0,0,sx,dom,2017-05-23 19:52:21,TD2
0,0,0,sx,dom,2017-05-23 19:52:22,TD2
0,1,0,sx,dom,2017-05-23 19:52:23,TD2
0,0,0,sx,dom,2017-05-23 19:52:24,TD2
0,0,0,sx,dom,2017-05-23 19:52:25,TD2
0,0,0,sx,dom,2017-05-23 19:52:26,TD2
0,0,0,sx,dom,2017-05-23 19:52:27,TD2
0,0,0,sx,dom,2017-05-23 19:52:28,TD2
0,0,0,sx,dom,2017-05-23 19:52:29,TD2
0,0,0,sx,dom,2017-05-23 19:52:30,TD2
0,0,0,sx,dom,2017-05-23 19:52:31,TD2
0,0,0,sx,dom,2017-05-23 19:52:32,TD2
0,0,0,sx,dom,2017-05-23 19:52:33,TD2
0,0,0,sx,dom,2017-05-23 19:52:34,TD2
0,0,0,sx,dom,2017-05-23 19:52:35,TD2
0,0,0,sx,dom,2017-05-23 19:52:36,TD2
0,0,0,sx,dom,2017-05-23 19:52:37,TD2
0,7,14,sx,dom,2017-05-23 19:52:38,TD2
0,3,6,sx,dom,2017-05-23 19:52:39,TD2
0,0,0,sx,dom,2017-05-23 19:52:40,TD2
0,0,0,sx,dom,2017-05-23 19:52:41,TD2
0,0,0,sx,dom,2017-05-23 19:52:42,TD2
0,0,0,sx,dom,2017-05-23 19:52:43,TD2
0,0,0,sx,dom,2017-05-23 19:52:44,TD2
0,0,0,sx,dom,2017-05-23 19:52:45,TD2
0,0,0,sx,dom,2017-05-23 19:52:46,TD2
0,0,0,sx,dom,2017-05-23 19:52:47,TD2
0,0,0,sx,dom,2017-05-23 19:52:48,TD2
0,0,0,sx,dom,2017-05-23 19:52:49,TD2
0,0,0,sx,dom,2017-05-23 19:52:50,TD2
0,4,0,sx,dom,2017-05-23 19:52:51,TD2
0,0,0,sx,dom,2017-05-23 19:52:52,TD2
0,0,0,sx,dom,2017-05-23 19:52:53,TD2
0,0,0,sx,dom,2017-05-23 19:52:54,TD2
0,0,0,sx,dom,2017-05-23 19:52:55,TD2
0,0,0,sx,dom,2017-05-23 19:52:56,TD2
0,0,0,sx,dom,2017-05-23 19:52:57,TD2
0,0,0,sx,dom,2017-05-23 19:52:58,TD2
0,0,0,sx,dom,2017-05-23 19:52:59,TD2
44,15,25,sx,dom,2017-05-23 19:53:00,TD2
0,0,0,sx,dom,2017-05-23 19:53:01,TD2
19,0,0,sx,dom,2017-05-23 19:53:02,TD2
0,0,13,sx,dom,2017-05-23 19:53:03,TD2
0,0,0,sx,dom,2017-05-23 19:53:04,TD2
0,0,0,sx,dom,2017-05-23 19:53:05,TD2
0,0,0,sx,dom,2017-05-23 19:53:06,TD2
0,0,0,sx,dom,2017-05-23 19:53:07,TD2
0,0,0,sx,dom,2017-05-23 19:53:08,TD2
0,0,0,sx,dom,2017-05-23 19:53:09,TD2
0,0,0,sx,dom,2017-05-23 19:53:10,TD2
159,90,211,dx,dom,2017-05-23 19:52:10,TD2
99,146,75,dx,dom,2017-05-23 19:52:11,TD2
110,96,72,dx,dom,2017-05-23 19:52:12,TD2
80,113,50,dx,dom,2017-05-23 19:52:13,TD2
96,86,85,dx,dom,2017-05-23 19:52:14,TD2
113,91,119,dx,dom,2017-05-23 19:52:15,TD2
88,162,130,dx,dom,2017-05-23 19:52:16,TD2
58,120,61,dx,dom,2017-05-23 19:52:17,TD2
44,53,34,dx,dom,2017-05-23 19:52:18,TD2
122,135,80,dx,dom,2017-05-23 19:52:19,TD2
71,115,111,dx,dom,2017-05-23 19:52:20,TD2
159,193,221,dx,dom,2017-05-23 19:52:21,TD2
224,165,190,dx,dom,2017-05-23 19:52:22,TD2
51,93,169,dx,dom,2017-05-23 19:52:23,TD2
83,133,194,dx,dom,2017-05-23 19:52:24,TD2
95,114,134,dx,dom,2017-05-23 19:52:25,TD2
111,107,136,dx,dom,2017-05-23 19:52:26,TD2
65,117,16,dx,dom,2017-05-23 19:52:27,TD2
46,48,39,dx,dom,2017-05-23 19:52:28,TD2
39,27,46,dx,dom,2017-05-23 19:52:29,TD2
83,124,54,dx,dom,2017-05-23 19:52:30,TD2
41,17,16,dx,dom,2017-05-23 19:52:31,TD2
113,90,127,dx,dom,2017-05-23 19:52:32,TD2
65,94,96,dx,dom,2017-05-23 19:52:33,TD2
89,115,112,dx,dom,2017-05-23 19:52:34,TD2
60,84,62,dx,dom,2017-05-23 19:52:35,TD2
91,112,68,dx,dom,2017-05-23 19:52:36,TD2
81,119,63,dx,dom,2017-05-23 19:52:37,TD2
110,131,98,dx,dom,2017-05-23 19:52:38,TD2
61,29,18,dx,dom,2017-05-23 19:52:39,TD2
125,69,63,dx,dom,2017-05-23 19:52:40,TD2
63,55,48,dx,dom,2017-05-23 19:52:41,TD2
100,93,30,dx,dom,2017-05-23 19:52:42,TD2
101,131,93,dx,dom,2017-05-23 19:52:43,TD2
96,124,199,dx,dom,2017-05-23 19:52:44,TD2
169,153,179,dx,dom,2017-05-23 19:52:45,TD2
82,101,112,dx,dom,2017-05-23 19:52:46,TD2
81,130,88,dx,dom,2017-05-23 19:52:47,TD2
46,73,55,dx,dom,2017-05-23 19:52:48,TD2
128,66,116,dx,dom,2017-05-23 19:52:49,TD2
85,108,80,dx,dom,2017-05-23 19:52:50,TD2
54,169,143,dx,dom,2017-05-23 19:52:51,TD2
116,121,155,dx,dom,2017-05-23 19:52:52,TD2
127,118,131,dx,dom,2017-05-23 19:52:53,TD2
85,127,69,dx,dom,2017-05-23 19:52:54,TD2
106,91,124,dx,dom,2017-05-23 19:52:55,TD2
175,103,141,dx,dom,2017-05-23 19:52:56,TD2
110,98,120,dx,dom,2017-05-23 19:52:57,TD2
67,89,100,dx,dom,2017-05-23 19:52:58,TD2
98,143,45,dx,dom,2017-05-23 19:52:59,TD2
150,82,77,dx,dom,2017-05-23 19:53:00,TD2
100,70,91,dx,dom,2017-05-23 19:53:01,TD2
115,84,129,dx,dom,2017-05-23 19:53:02,TD2
76,85,180,dx,dom,2017-05-23 19:53:03,TD2
68,59,71,dx,dom,2017-05-23 19:53:04,TD2
108,82,153,dx,dom,2017-05-23 19:53:05,TD2
78,63,50,dx,dom,2017-05-23 19:53:06,TD2
209,72,190,dx,dom,2017-05-23 19:53:07,TD2
47,165,155,dx,dom,2017-05-23 19:53:08,TD2
70,123,88,dx,dom,2017-05-23 19:53:09,TD2
0,0,0,dx,dom,2017-05-23 19:53:10,TD2
91,17,78,sx,ndom,2017-05-23 19:56:00,TD2
51,44,98,sx,ndom,2017-05-23 19:56:01,TD2
113,69,75,sx,ndom,2017-05-23 19:56:02,TD2
66,86,53,sx,ndom,2017-05-23 19:56:03,TD2
80,32,52,sx,ndom,2017-05-23 19:56:04,TD2
106,55,66,sx,ndom,2017-05-23 19:56:05,TD2
73,74,46,sx,ndom,2017-05-23 19:56:06,TD2
57,80,70,sx,ndom,2017-05-23 19:56:07,TD2
74,53,93,sx,ndom,2017-05-23 19:56:08,TD2
111,88,110,sx,ndom,2017-05-23 19:56:09,TD2
52,47,97,sx,ndom,2017-05-23 19:56:10,TD2
82,61,42,sx,ndom,2017-05-23 19:56:11,TD2
4,6,0,sx,ndom,2017-05-23 19:56:12,TD2
79,103,30,sx,ndom,2017-05-23 19:56:13,TD2
28,63,47,sx,ndom,2017-05-23 19:56:14,TD2
65,28,6,sx,ndom,2017-05-23 19:56:15,TD2
105,89,52,sx,ndom,2017-05-23 19:56:16,TD2
108,83,78,sx,ndom,2017-05-23 19:56:17,TD2
92,177,56,sx,ndom,2017-05-23 19:56:18,TD2
80,62,54,sx,ndom,2017-05-23 19:56:19,TD2
87,70,93,sx,ndom,2017-05-23 19:56:20,TD2
21,111,38,sx,ndom,2017-05-23 19:56:21,TD2
112,99,38,sx,ndom,2017-05-23 19:56:22,TD2
15,84,5,sx,ndom,2017-05-23 19:56:23,TD2
14,69,0,sx,ndom,2017-05-23 19:56:24,TD2
82,87,50,sx,ndom,2017-05-23 19:56:25,TD2
18,81,0,sx,ndom,2017-05-23 19:56:26,TD2
72,117,52,sx,ndom,2017-05-23 19:56:27,TD2
78,27,30,sx,ndom,2017-05-23 19:56:28,TD2
73,78,34,sx,ndom,2017-05-23 19:56:29,TD2
80,46,27,sx,ndom,2017-05-23 19:56:30,TD2
73,69,42,sx,ndom,2017-05-23 19:56:31,TD2
65,73,64,sx,ndom,2017-05-23 19:56:32,TD2
77,65,55,sx,ndom,2017-05-23 19:56:33,TD2
78,84,59,sx,ndom,2017-05-23 19:56:34,TD2
48,82,82,sx,ndom,2017-05-23 19:56:35,TD2
74,85,39,sx,ndom,2017-05-23 19:56:36,TD2
102,60,83,sx,ndom,2017-05-23 19:56:37,TD2
128,65,34,sx,ndom,2017-05-23 19:56:38,TD2
122,108,51,sx,ndom,2017-05-23 19:56:39,TD2
94,79,106,sx,ndom,2017-05-23 19:56:40,TD2
123,143,85,sx,ndom,2017-05-23 19:56:41,TD2
112,119,43,sx,ndom,2017-05-23 19:56:42,TD2
131,84,72,sx,ndom,2017-05-23 19:56:43,TD2
80,179,49,sx,ndom,2017-05-23 19:56:44,TD2
83,143,82,sx,ndom,2017-05-23 19:56:45,TD2
85,26,56,sx,ndom,2017-05-23 19:56:46,TD2
95,133,64,sx,ndom,2017-05-23 19:56:47,TD2
64,33,44,sx,ndom,2017-05-23 19:56:48,TD2
68,132,39,sx,ndom,2017-05-23 19:56:49,TD2
67,92,34,sx,ndom,2017-05-23 19:56:50,TD2
11,82,0,sx,ndom,2017-05-23 19:56:51,TD2
137,133,75,sx,ndom,2017-05-23 19:56:52,TD2
98,36,49,sx,ndom,2017-05-23 19:56:53,TD2
74,59,48,sx,ndom,2017-05-23 19:56:54,TD2
73,107,39,sx,ndom,2017-05-23 19:56:55,TD2
77,111,53,sx,ndom,2017-05-23 19:56:56,TD2
77,119,42,sx,ndom,2017-05-23 19:56:57,TD2
89,71,47,sx,ndom,2017-05-23 19:56:58,TD2
39,18,18,sx,ndom,2017-05-23 19:56:59,TD2
52,124,39,sx,ndom,2017-05-23 19:57:00,TD2
0,0,0,dx,ndom,2017-05-23 19:56:00,TD2
0,0,0,dx,ndom,2017-05-23 19:56:01,TD2
0,0,0,dx,ndom,2017-05-23 19:56:02,TD2
0,0,0,dx,ndom,2017-05-23 19:56:03,TD2
0,0,0,dx,ndom,2017-05-23 19:56:04,TD2
0,0,0,dx,ndom,2017-05-23 19:56:05,TD2
0,0,0,dx,ndom,2017-05-23 19:56:06,TD2
0,0,0,dx,ndom,2017-05-23 19:56:07,TD2
0,0,0,dx,ndom,2017-05-23 19:56:08,TD2
0,0,0,dx,ndom,2017-05-23 19:56:09,TD2
0,0,0,dx,ndom,2017-05-23 19:56:10,TD2
0,0,0,dx,ndom,2017-05-23 19:56:11,TD2
0,0,0,dx,ndom,2017-05-23 19:56:12,TD2
0,0,0,dx,ndom,2017-05-23 19:56:13,TD2
0,0,0,dx,ndom,2017-05-23 19:56:14,TD2
0,0,0,dx,ndom,2017-05-23 19:56:15,TD2
0,0,0,dx,ndom,2017-05-23 19:56:16,TD2
0,0,0,dx,ndom,2017-05-23 19:56:17,TD2
0,0,0,dx,ndom,2017-05-23 19:56:18,TD2
0,0,0,dx,ndom,2017-05-23 19:56:19,TD2
0,0,0,dx,ndom,2017-05-23 19:56:20,TD2
0,0,0,dx,ndom,2017-05-23 19:56:21,TD2
0,0,0,dx,ndom,2017-05-23 19:56:22,TD2
0,0,0,dx,ndom,2017-05-23 19:56:23,TD2
0,0,0,dx,ndom,2017-05-23 19:56:24,TD2
0,0,0,dx,ndom,2017-05-23 19:56:25,TD2
0,0,0,dx,ndom,2017-05-23 19:56:26,TD2
0,0,0,dx,ndom,2017-05-23 19:56:27,TD2
0,0,0,dx,ndom,2017-05-23 19:56:28,TD2
0,0,0,dx,ndom,2017-05-23 19:56:29,TD2
0,0,0,dx,ndom,2017-05-23 19:56:30,TD2
0,0,0,dx,ndom,2017-05-23 19:56:31,TD2
0,0,0,dx,ndom,2017-05-23 19:56:32,TD2
0,0,0,dx,ndom,2017-05-23 19:56:33,TD2
38,69,39,dx,ndom,2017-05-23 19:56:34,TD2
129,57,102,dx,ndom,2017-05-23 19:56:35,TD2
51,32,120,dx,ndom,2017-05-23 19:56:36,TD2
23,31,74,dx,ndom,2017-05-23 19:56:37,TD2
4,17,105,dx,ndom,2017-05-23 19:56:38,TD2
19,9,25,dx,ndom,2017-05-23 19:56:39,TD2
0,19,37,dx,ndom,2017-05-23 19:56:40,TD2
44,29,9,dx,ndom,2017-05-23 19:56:41,TD2
0,0,6,dx,ndom,2017-05-23 19:56:42,TD2
0,0,0,dx,ndom,2017-05-23 19:56:43,TD2
0,0,0,dx,ndom,2017-05-23 19:56:44,TD2
0,0,0,dx,ndom,2017-05-23 19:56:45,TD2
0,0,0,dx,ndom,2017-05-23 19:56:46,TD2
0,0,0,dx,ndom,2017-05-23 19:56:47,TD2
0,0,0,dx,ndom,2017-05-23 19:56:48,TD2
0,0,0,dx,ndom,2017-05-23 19:56:49,TD2
0,0,0,dx,ndom,2017-05-23 19:56:50,TD2
0,0,0,dx,ndom,2017-05-23 19:56:51,TD2
0,0,0,dx,ndom,2017-05-23 19:56:52,TD2
0,0,0,dx,ndom,2017-05-23 19:56:53,TD2
0,0,0,dx,ndom,2017-05-23 19:56:54,TD2
0,0,0,dx,ndom,2017-05-23 19:56:55,TD2
0,0,0,dx,ndom,2017-05-23 19:56:56,TD2
0,0,0,dx,ndom,2017-05-23 19:56:57,TD2
0,0,0,dx,ndom,2017-05-23 19:56:58,TD2
0,0,0,dx,ndom,2017-05-23 19:56:59,TD2
0,0,0,dx,ndom,2017-05-23 19:57:00,TD2
0,6,6,sx,dom,2017-03-22 12:20:50,TD3
0,0,0,sx,dom,2017-03-22 12:20:51,TD3
0,0,0,sx,dom,2017-03-22 12:20:52,TD3
0,0,0,sx,dom,2017-03-22 12:20:53,TD3
0,0,0,sx,dom,2017-03-22 12:20:54,TD3
0,0,0,sx,dom,2017-03-22 12:20:55,TD3
0,0,0,sx,dom,2017-03-22 12:20:56,TD3
0,0,0,sx,dom,2017-03-22 12:20:57,TD3
0,0,0,sx,dom,2017-03-22 12:20:58,TD3
0,0,0,sx,dom,2017-03-22 12:20:59,TD3
0,0,0,sx,dom,2017-03-22 12:21:00,TD3
0,0,0,sx,dom,2017-03-22 12:21:01,TD3
0,0,0,sx,dom,2017-03-22 12:21:02,TD3
0,0,0,sx,dom,2017-03-22 12:21:03,TD3
0,0,0,sx,dom,2017-03-22 12:21:04,TD3
0,0,0,sx,dom,2017-03-22 12:21:05,TD3
0,0,0,sx,dom,2017-03-22 12:21:06,TD3
0,0,0,sx,dom,2017-03-22 12:21:07,TD3
0,0,0,sx,dom,2017-03-22 12:21:08,TD3
0,0,0,sx,dom,2017-03-22 12:21:09,TD3
0,0,0,sx,dom,2017-03-22 12:21:10,TD3
0,0,0,sx,dom,2017-03-22 12:21:11,TD3
0,0,0,sx,dom,2017-03-22 12:21:12,TD3
0,2,1,sx,dom,2017-03-22 12:21:13,TD3
0,0,0,sx,dom,2017-03-22 12:21:14,TD3
0,0,0,sx,dom,2017-03-22 12:21:15,TD3
0,0,0,sx,dom,2017-03-22 12:21:16,TD3
0,0,0,sx,dom,2017-03-22 12:21:17,TD3
0,0,6,sx,dom,2017-03-22 12:21:18,TD3
0,13,23,sx,dom,2017-03-22 12:21:19,TD3
0,16,20,sx,dom,2017-03-22 12:21:20,TD3
0,0,0,sx,dom,2017-03-22 12:21:21,TD3
0,0,0,sx,dom,2017-03-22 12:21:22,TD3
0,0,0,sx,dom,2017-03-22 12:21:23,TD3
0,0,0,sx,dom,2017-03-22 12:21:24,TD3
0,0,0,sx,dom,2017-03-22 12:21:25,TD3
0,0,0,sx,dom,2017-03-22 12:21:26,TD3
0,0,0,sx,dom,2017-03-22 12:21:27,TD3
0,0,0,sx,dom,2017-03-22 12:21:28,TD3
0,0,0,sx,dom,2017-03-22 12:21:29,TD3
0,0,0,sx,dom,2017-03-22 12:21:30,TD3
0,0,0,sx,dom,2017-03-22 12:21:31,TD3
0,0,0,sx,dom,2017-03-22 12:21:32,TD3
0,0,0,sx,dom,2017-03-22 12:21:33,TD3
0,0,0,sx,dom,2017-03-22 12:21:34,TD3
0,0,0,sx,dom,2017-03-22 12:21:35,TD3
0,0,0,sx,dom,2017-03-22 12:21:36,TD3
0,0,0,sx,dom,2017-03-22 12:21:37,TD3
0,0,0,sx,dom,2017-03-22 12:21:38,TD3
0,0,4,sx,dom,2017-03-22 12:21:39,TD3
0,0,0,sx,dom,2017-03-22 12:21:40,TD3
0,0,0,sx,dom,2017-03-22 12:21:41,TD3
0,0,0,sx,dom,2017-03-22 12:21:42,TD3
0,0,0,sx,dom,2017-03-22 12:21:43,TD3
0,0,0,sx,dom,2017-03-22 12:21:44,TD3
0,0,0,sx,dom,2017-03-22 12:21:45,TD3
0,0,0,sx,dom,2017-03-22 12:21:46,TD3
0,0,0,sx,dom,2017-03-22 12:21:47,TD3
0,0,0,sx,dom,2017-03-22 12:21:48,TD3
0,1,9,sx,dom,2017-03-22 12:21:49,TD3
41,54,62,sx,dom,2017-03-22 12:21:50,TD3
205,139,75,dx,dom,2017-03-22 12:20:50,TD3
227,216,88,dx,dom,2017-03-22 12:20:51,TD3
70,142,86,dx,dom,2017-03-22 12:20:52,TD3
65,158,127,dx,dom,2017-03-22 12:20:53,TD3
63,140,116,dx,dom,2017-03-22 12:20:54,TD3
118,151,112,dx,dom,2017-03-22 12:20:55,TD3
150,143,89,dx,dom,2017-03-22 12:20:56,TD3
179,114,94,dx,dom,2017-03-22 12:20:57,TD3
213,124,99,dx,dom,2017-03-22 12:20:58,TD3
122,99,96,dx,dom,2017-03-22 12:20:59,TD3
230,117,137,dx,dom,2017-03-22 12:21:00,TD3
177,85,77,dx,dom,2017-03-22 12:21:01,TD3
207,153,54,dx,dom,2017-03-22 12:21:02,TD3
181,236,85,dx,dom,2017-03-22 12:21:03,TD3
79,146,48,dx,dom,2017-03-22 12:21:04,TD3
38,122,48,dx,dom,2017-03-22 12:21:05,TD3
58,96,88,dx,dom,2017-03-22 12:21:06,TD3
211,73,75,dx,dom,2017-03-22 12:21:07,TD3
229,129,28,dx,dom,2017-03-22 12:21:08,TD3
127,212,96,dx,dom,2017-03-22 12:21:09,TD3
132,151,46,dx,dom,2017-03-22 12:21:10,TD3
106,192,40,dx,dom,2017-03-22 12:21:11,TD3
66,161,69,dx,dom,2017-03-22 12:21:12,TD3
120,151,50,dx,dom,2017-03-22 12:21:13,TD3
231,156,52,dx,dom,2017-03-22 12:21:14,TD3
101,167,60,dx,dom,2017-03-22 12:21:15,TD3
70,137,46,dx,dom,2017-03-22 12:21:16,TD3
135,128,49,dx,dom,2017-03-22 12:21:17,TD3
205,94,80,dx,dom,2017-03-22 12:21:18,TD3
104,132,32,dx,dom,2017-03-22 12:21:19,TD3
107,137,97,dx,dom,2017-03-22 12:21:20,TD3
115,197,90,dx,dom,2017-03-22 12:21:21,TD3
111,173,83,dx,dom,2017-03-22 12:21:22,TD3
121,198,65,dx,dom,2017-03-22 12:21:23,TD3
34,77,91,dx,dom,2017-03-22 12:21:24,TD3
66,120,95,dx,dom,2017-03-22 12:21:25,TD3
143,115,44,dx,dom,2017-03-22 12:21:26,TD3
71,110,47,dx,dom,2017-03-22 12:21:27,TD3
138,186,92,dx,dom,2017-03-22 12:21:28,TD3
147,175,141,dx,dom,2017-03-22 12:21:29,TD3
116,124,125,dx,dom,2017-03-22 12:21:30,TD3
90,168,101,dx,dom,2017-03-22 12:21:31,TD3
44,115,149,dx,dom,2017-03-22 12:21:32,TD3
56,136,121,dx,dom,2017-03-22 12:21:33,TD3
36,179,68,dx,dom,2017-03-22 12:21:34,TD3
98,147,55,dx,dom,2017-03-22 12:21:35,TD3
125,188,109,dx,dom,2017-03-22 12:21:36,TD3
54,122,118,dx,dom,2017-03-22 12:21:37,TD3
153,172,88,dx,dom,2017-03-22 12:21:38,TD3
133,146,80,dx,dom,2017-03-22 12:21:39,TD3
201,236,111,dx,dom,2017-03-22 12:21:40,TD3
171,131,88,dx,dom,2017-03-22 12:21:41,TD3
152,90,82,dx,dom,2017-03-22 12:21:42,TD3
227,195,96,dx,dom,2017-03-22 12:21:43,TD3
234,186,80,dx,dom,2017-03-22 12:21:44,TD3
168,190,80,dx,dom,2017-03-22 12:21:45,TD3
210,154,157,dx,dom,2017-03-22 12:21:46,TD3
207,132,112,dx,dom,2017-03-22 12:21:47,TD3
39,75,29,dx,dom,2017-03-22 12:21:48,TD3
135,158,70,dx,dom,2017-03-22 12:21:49,TD3
89,53,61,dx,dom,2017-03-22 12:21:50,TD3
156,74,90,sx,ndom,2017-03-22 12:18:30,TD3
108,50,86,sx,ndom,2017-03-22 12:18:31,TD3
235,63,74,sx,ndom,2017-03-22 12:18:32,TD3
200,38,159,sx,ndom,2017-03-22 12:18:33,TD3
190,81,70,sx,ndom,2017-03-22 12:18:34,TD3
62,44,47,sx,ndom,2017-03-22 12:18:35,TD3
67,67,96,sx,ndom,2017-03-22 12:18:36,TD3
107,115,106,sx,ndom,2017-03-22 12:18:37,TD3
114,124,64,sx,ndom,2017-03-22 12:18:38,TD3
109,121,97,sx,ndom,2017-03-22 12:18:39,TD3
155,118,64,sx,ndom,2017-03-22 12:18:40,TD3
188,128,79,sx,ndom,2017-03-22 12:18:41,TD3
221,123,83,sx,ndom,2017-03-22 12:18:42,TD3
270,90,104,sx,ndom,2017-03-22 12:18:43,TD3
152,95,103,sx,ndom,2017-03-22 12:18:44,TD3
125,105,55,sx,ndom,2017-03-22 12:18:45,TD3
139,99,84,sx,ndom,2017-03-22 12:18:46,TD3
108,141,37,sx,ndom,2017-03-22 12:18:47,TD3
100,168,72,sx,ndom,2017-03-22 12:18:48,TD3
125,115,71,sx,ndom,2017-03-22 12:18:49,TD3
148,80,54,sx,ndom,2017-03-22 12:18:50,TD3
122,109,39,sx,ndom,2017-03-22 12:18:51,TD3
131,64,65,sx,ndom,2017-03-22 12:18:52,TD3
153,88,60,sx,ndom,2017-03-22 12:18:53,TD3
138,95,65,sx,ndom,2017-03-22 12:18:54,TD3
177,83,54,sx,ndom,2017-03-22 12:18:55,TD3
163,70,44,sx,ndom,2017-03-22 12:18:56,TD3
228,103,56,sx,ndom,2017-03-22 12:18:57,TD3
115,86,112,sx,ndom,2017-03-22 12:18:58,TD3
95,87,76,sx,ndom,2017-03-22 12:18:59,TD3
111,112,80,sx,ndom,2017-03-22 12:19:00,TD3
54,97,110,sx,ndom,2017-03-22 12:19:01,TD3
111,91,81,sx,ndom,2017-03-22 12:19:02,TD3
66,111,75,sx,ndom,2017-03-22 12:19:03,TD3
112,119,72,sx,ndom,2017-03-22 12:19:04,TD3
138,138,61,sx,ndom,2017-03-22 12:19:05,TD3
114,97,55,sx,ndom,2017-03-22 12:19:06,TD3
121,160,94,sx,ndom,2017-03-22 12:19:07,TD3
166,153,72,sx,ndom,2017-03-22 12:19:08,TD3
172,150,76,sx,ndom,2017-03-22 12:19:09,TD3
150,199,99,sx,ndom,2017-03-22 12:19:10,TD3
162,185,82,sx,ndom,2017-03-22 12:19:11,TD3
183,180,94,sx,ndom,2017-03-22 12:19:12,TD3
116,99,90,sx,ndom,2017-03-22 12:19:13,TD3
128,117,75,sx,ndom,2017-03-22 12:19:14,TD3
160,191,108,sx,ndom,2017-03-22 12:19:15,TD3
66,108,84,sx,ndom,2017-03-22 12:19:16,TD3
72,101,60,sx,ndom,2017-03-22 12:19:17,TD3
83,156,57,sx,ndom,2017-03-22 12:19:18,TD3
94,111,42,sx,ndom,2017-03-22 12:19:19,TD3
121,151,90,sx,ndom,2017-03-22 12:19:20,TD3
175,148,85,sx,ndom,2017-03-22 12:19:21,TD3
142,78,53,sx,ndom,2017-03-22 12:19:22,TD3
135,118,68,sx,ndom,2017-03-22 12:19:23,TD3
181,178,99,sx,ndom,2017-03-22 12:19:24,TD3
201,146,69,sx,ndom,2017-03-22 12:19:25,TD3
198,144,46,sx,ndom,2017-03-22 12:19:26,TD3
182,129,136,sx,ndom,2017-03-22 12:19:27,TD3
183,84,52,sx,ndom,2017-03-22 12:19:28,TD3
125,126,44,sx,ndom,2017-03-22 12:19:29,TD3
23,10,8,sx,ndom,2017-03-22 12:19:30,TD3
0,13,0,dx,ndom,2017-03-22 12:18:30,TD3
0,7,0,dx,ndom,2017-03-22 12:18:31,TD3
0,0,0,dx,ndom,2017-03-22 12:18:32,TD3
0,0,0,dx,ndom,2017-03-22 12:18:33,TD3
0,0,0,dx,ndom,2017-03-22 12:18:34,TD3
0,0,0,dx,ndom,2017-03-22 12:18:35,TD3
0,0,0,dx,ndom,2017-03-22 12:18:36,TD3
0,0,0,dx,ndom,2017-03-22 12:18:37,TD3
0,0,0,dx,ndom,2017-03-22 12:18:38,TD3
0,0,0,dx,ndom,2017-03-22 12:18:39,TD3
0,0,0,dx,ndom,2017-03-22 12:18:40,TD3
0,0,0,dx,ndom,2017-03-22 12:18:41,TD3
0,0,0,dx,ndom,2017-03-22 12:18:42,TD3
0,0,0,dx,ndom,2017-03-22 12:18:43,TD3
0,0,0,dx,ndom,2017-03-22 12:18:44,TD3
0,0,0,dx,ndom,2017-03-22 12:18:45,TD3
0,0,0,dx,ndom,2017-03-22 12:18:46,TD3
0,0,0,dx,ndom,2017-03-22 12:18:47,TD3
0,0,0,dx,ndom,2017-03-22 12:18:48,TD3
0,0,0,dx,ndom,2017-03-22 12:18:49,TD3
0,0,0,dx,ndom,2017-03-22 12:18:50,TD3
0,0,0,dx,ndom,2017-03-22 12:18:51,TD3
0,0,0,dx,ndom,2017-03-22 12:18:52,TD3
0,0,0,dx,ndom,2017-03-22 12:18:53,TD3
0,0,0,dx,ndom,2017-03-22 12:18:54,TD3
0,0,0,dx,ndom,2017-03-22 12:18:55,TD3
0,0,0,dx,ndom,2017-03-22 12:18:56,TD3
0,0,0,dx,ndom,2017-03-22 12:18:57,TD3
0,0,0,dx,ndom,2017-03-22 12:18:58,TD3
0,0,0,dx,ndom,2017-03-22 12:18:59,TD3
0,0,0,dx,ndom,2017-03-22 12:19:00,TD3
0,0,0,dx,ndom,2017-03-22 12:19:01,TD3
0,0,0,dx,ndom,2017-03-22 12:19:02,TD3
0,0,0,dx,ndom,2017-03-22 12:19:03,TD3
0,0,0,dx,ndom,2017-03-22 12:19:04,TD3
0,0,0,dx,ndom,2017-03-22 12:19:05,TD3
0,0,0,dx,ndom,2017-03-22 12:19:06,TD3
0,0,0,dx,ndom,2017-03-22 12:19:07,TD3
0,0,0,dx,ndom,2017-03-22 12:19:08,TD3
0,0,0,dx,ndom,2017-03-22 12:19:09,TD3
0,0,0,dx,ndom,2017-03-22 12:19:10,TD3
0,0,0,dx,ndom,2017-03-22 12:19:11,TD3
0,0,0,dx,ndom,2017-03-22 12:19:12,TD3
0,0,0,dx,ndom,2017-03-22 12:19:13,TD3
0,0,0,dx,ndom,2017-03-22 12:19:14,TD3
0,0,0,dx,ndom,2017-03-22 12:19:15,TD3
0,0,0,dx,ndom,2017-03-22 12:19:16,TD3
0,0,0,dx,ndom,2017-03-22 12:19:17,TD3
0,0,0,dx,ndom,2017-03-22 12:19:18,TD3
0,0,0,dx,ndom,2017-03-22 12:19:19,TD3
0,0,0,dx,ndom,2017-03-22 12:19:20,TD3
0,0,0,dx,ndom,2017-03-22 12:19:21,TD3
0,4,0,dx,ndom,2017-03-22 12:19:22,TD3
0,0,0,dx,ndom,2017-03-22 12:19:23,TD3
0,0,0,dx,ndom,2017-03-22 12:19:24,TD3
0,2,0,dx,ndom,2017-03-22 12:19:25,TD3
0,0,0,dx,ndom,2017-03-22 12:19:26,TD3
0,2,0,dx,ndom,2017-03-22 12:19:27,TD3
6,0,0,dx,ndom,2017-03-22 12:19:28,TD3
20,16,13,dx,ndom,2017-03-22 12:19:29,TD3
26,37,0,dx,ndom,2017-03-22 12:19:30,TD3
0,0,0,sx,dom,2017-05-25 19:56:50,TD4
0,0,0,sx,dom,2017-05-25 19:56:51,TD4
0,0,0,sx,dom,2017-05-25 19:56:52,TD4
0,0,0,sx,dom,2017-05-25 19:56:53,TD4
0,0,0,sx,dom,2017-05-25 19:56:54,TD4
0,0,0,sx,dom,2017-05-25 19:56:55,TD4
0,0,0,sx,dom,2017-05-25 19:56:56,TD4
0,0,0,sx,dom,2017-05-25 19:56:57,TD4
0,0,0,sx,dom,2017-05-25 19:56:58,TD4
0,0,0,sx,dom,2017-05-25 19:56:59,TD4
0,0,0,sx,dom,2017-05-25 19:57:00,TD4
0,0,0,sx,dom,2017-05-25 19:57:01,TD4
0,0,0,sx,dom,2017-05-25 19:57:02,TD4
0,0,0,sx,dom,2017-05-25 19:57:03,TD4
0,0,0,sx,dom,2017-05-25 19:57:04,TD4
0,0,0,sx,dom,2017-05-25 19:57:05,TD4
0,0,0,sx,dom,2017-05-25 19:57:06,TD4
0,0,0,sx,dom,2017-05-25 19:57:07,TD4
0,0,0,sx,dom,2017-05-25 19:57:08,TD4
0,0,0,sx,dom,2017-05-25 19:57:09,TD4
0,0,0,sx,dom,2017-05-25 19:57:10,TD4
0,0,0,sx,dom,2017-05-25 19:57:11,TD4
0,0,0,sx,dom,2017-05-25 19:57:12,TD4
0,0,0,sx,dom,2017-05-25 19:57:13,TD4
0,0,0,sx,dom,2017-05-25 19:57:14,TD4
0,0,0,sx,dom,2017-05-25 19:57:15,TD4
0,0,0,sx,dom,2017-05-25 19:57:16,TD4
0,0,0,sx,dom,2017-05-25 19:57:17,TD4
0,0,0,sx,dom,2017-05-25 19:57:18,TD4
0,0,0,sx,dom,2017-05-25 19:57:19,TD4
0,0,0,sx,dom,2017-05-25 19:57:20,TD4
0,0,0,sx,dom,2017-05-25 19:57:21,TD4
0,0,0,sx,dom,2017-05-25 19:57:22,TD4
0,0,0,sx,dom,2017-05-25 19:57:23,TD4
0,0,0,sx,dom,2017-05-25 19:57:24,TD4
0,0,0,sx,dom,2017-05-25 19:57:25,TD4
0,0,0,sx,dom,2017-05-25 19:57:26,TD4
0,0,0,sx,dom,2017-05-25 19:57:27,TD4
0,0,0,sx,dom,2017-05-25 19:57:28,TD4
0,0,0,sx,dom,2017-05-25 19:57:29,TD4
0,0,0,sx,dom,2017-05-25 19:57:30,TD4
0,0,0,sx,dom,2017-05-25 19:57:31,TD4
0,0,0,sx,dom,2017-05-25 19:57:32,TD4
0,0,0,sx,dom,2017-05-25 19:57:33,TD4
0,0,0,sx,dom,2017-05-25 19:57:34,TD4
0,0,0,sx,dom,2017-05-25 19:57:35,TD4
0,0,0,sx,dom,2017-05-25 19:57:36,TD4
0,0,0,sx,dom,2017-05-25 19:57:37,TD4
0,0,0,sx,dom,2017-05-25 19:57:38,TD4
0,0,0,sx,dom,2017-05-25 19:57:39,TD4
0,0,0,sx,dom,2017-05-25 19:57:40,TD4
0,0,0,sx,dom,2017-05-25 19:57:41,TD4
0,0,0,sx,dom,2017-05-25 19:57:42,TD4
0,0,0,sx,dom,2017-05-25 19:57:43,TD4
0,0,0,sx,dom,2017-05-25 19:57:44,TD4
0,0,0,sx,dom,2017-05-25 19:57:45,TD4
0,0,0,sx,dom,2017-05-25 19:57:46,TD4
0,0,0,sx,dom,2017-05-25 19:57:47,TD4
0,0,0,sx,dom,2017-05-25 19:57:48,TD4
0,0,0,sx,dom,2017-05-25 19:57:49,TD4
0,0,0,sx,dom,2017-05-25 19:57:50,TD4
99,54,41,dx,dom,2017-05-25 19:56:50,TD4
82,33,58,dx,dom,2017-05-25 19:56:51,TD4
170,45,57,dx,dom,2017-05-25 19:56:52,TD4
169,63,93,dx,dom,2017-05-25 19:56:53,TD4
226,69,73,dx,dom,2017-05-25 19:56:54,TD4
104,40,83,dx,dom,2017-05-25 19:56:55,TD4
83,72,90,dx,dom,2017-05-25 19:56:56,TD4
130,83,75,dx,dom,2017-05-25 19:56:57,TD4
135,116,60,dx,dom,2017-05-25 19:56:58,TD4
100,62,113,dx,dom,2017-05-25 19:56:59,TD4
99,44,80,dx,dom,2017-05-25 19:57:00,TD4
108,58,100,dx,dom,2017-05-25 19:57:01,TD4
136,64,107,dx,dom,2017-05-25 19:57:02,TD4
101,75,90,dx,dom,2017-05-25 19:57:03,TD4
69,76,101,dx,dom,2017-05-25 19:57:04,TD4
110,69,118,dx,dom,2017-05-25 19:57:05,TD4
120,72,130,dx,dom,2017-05-25 19:57:06,TD4
145,84,117,dx,dom,2017-05-25 19:57:07,TD4
226,67,101,dx,dom,2017-05-25 19:57:08,TD4
203,118,103,dx,dom,2017-05-25 19:57:09,TD4
156,100,103,dx,dom,2017-05-25 19:57:10,TD4
133,85,51,dx,dom,2017-05-25 19:57:11,TD4
164,49,78,dx,dom,2017-05-25 19:57:12,TD4
121,58,65,dx,dom,2017-05-25 19:57:13,TD4
102,77,53,dx,dom,2017-05-25 19:57:14,TD4
163,61,95,dx,dom,2017-05-25 19:57:15,TD4
157,102,109,dx,dom,2017-05-25 19:57:16,TD4
82,98,61,dx,dom,2017-05-25 19:57:17,TD4
121,83,95,dx,dom,2017-05-25 19:57:18,TD4
145,69,66,dx,dom,2017-05-25 19:57:19,TD4
189,35,83,dx,dom,2017-05-25 19:57:20,TD4
99,79,108,dx,dom,2017-05-25 19:57:21,TD4
137,75,48,dx,dom,2017-05-25 19:57:22,TD4
207,47,74,dx,dom,2017-05-25 19:57:23,TD4
207,74,72,dx,dom,2017-05-25 19:57:24,TD4
155,146,70,dx,dom,2017-05-25 19:57:25,TD4
157,56,90,dx,dom,2017-05-25 19:57:26,TD4
131,92,78,dx,dom,2017-05-25 19:57:27,TD4
168,80,75,dx,dom,2017-05-25 19:57:28,TD4
99,65,94,dx,dom,2017-05-25 19:57:29,TD4
84,82,87,dx,dom,2017-05-25 19:57:30,TD4
91,92,100,dx,dom,2017-05-25 19:57:31,TD4
83,97,99,dx,dom,2017-05-25 19:57:32,TD4
83,81,102,dx,dom,2017-05-25 19:57:33,TD4
96,52,102,dx,dom,2017-05-25 19:57:34,TD4
87,58,85,dx,dom,2017-05-25 19:57:35,TD4
74,168,47,dx,dom,2017-05-25 19:57:36,TD4
51,79,97,dx,dom,2017-05-25 19:57:37,TD4
76,102,109,dx,dom,2017-05-25 19:57:38,TD4
74,83,103,dx,dom,2017-05-25 19:57:39,TD4
76,67,102,dx,dom,2017-05-25 19:57:40,TD4
76,61,89,dx,dom,2017-05-25 19:57:41,TD4
77,66,66,dx,dom,2017-05-25 19:57:42,TD4
98,48,62,dx,dom,2017-05-25 19:57:43,TD4
96,49,81,dx,dom,2017-05-25 19:57:44,TD4
85,57,77,dx,dom,2017-05-25 19:57:45,TD4
79,64,59,dx,dom,2017-05-25 19:57:46,TD4
84,50,124,dx,dom,2017-05-25 19:57:47,TD4
126,77,71,dx,dom,2017-05-25 19:57:48,TD4
80,35,93,dx,dom,2017-05-25 19:57:49,TD4
1,0,10,dx,dom,2017-05-25 19:57:50,TD4
97,115,67,sx,ndom,2017-05-25 19:54:35,TD4
67,161,57,sx,ndom,2017-05-25 19:54:36,TD4
43,195,54,sx,ndom,2017-05-25 19:54:37,TD4
47,144,67,sx,ndom,2017-05-25 19:54:38,TD4
91,168,54,sx,ndom,2017-05-25 19:54:39,TD4
42,116,32,sx,ndom,2017-05-25 19:54:40,TD4
131,129,56,sx,ndom,2017-05-25 19:54:41,TD4
73,98,20,sx,ndom,2017-05-25 19:54:42,TD4
133,148,65,sx,ndom,2017-05-25 19:54:43,TD4
128,148,86,sx,ndom,2017-05-25 19:54:44,TD4
121,124,76,sx,ndom,2017-05-25 19:54:45,TD4
67,121,75,sx,ndom,2017-05-25 19:54:46,TD4
112,169,77,sx,ndom,2017-05-25 19:54:47,TD4
180,204,72,sx,ndom,2017-05-25 19:54:48,TD4
182,152,89,sx,ndom,2017-05-25 19:54:49,TD4
113,133,91,sx,ndom,2017-05-25 19:54:50,TD4
121,188,79,sx,ndom,2017-05-25 19:54:51,TD4
61,133,70,sx,ndom,2017-05-25 19:54:52,TD4
48,88,45,sx,ndom,2017-05-25 19:54:53,TD4
88,122,66,sx,ndom,2017-05-25 19:54:54,TD4
36,170,60,sx,ndom,2017-05-25 19:54:55,TD4
81,128,58,sx,ndom,2017-05-25 19:54:56,TD4
71,139,75,sx,ndom,2017-05-25 19:54:57,TD4
80,174,52,sx,ndom,2017-05-25 19:54:58,TD4
98,178,45,sx,ndom,2017-05-25 19:54:59,TD4
101,120,55,sx,ndom,2017-05-25 19:55:00,TD4
115,135,111,sx,ndom,2017-05-25 19:55:01,TD4
164,139,149,sx,ndom,2017-05-25 19:55:02,TD4
125,146,105,sx,ndom,2017-05-25 19:55:03,TD4
122,137,100,sx,ndom,2017-05-25 19:55:04,TD4
74,151,66,sx,ndom,2017-05-25 19:55:05,TD4
114,140,98,sx,ndom,2017-05-25 19:55:06,TD4
109,170,92,sx,ndom,2017-05-25 19:55:07,TD4
128,187,100,sx,ndom,2017-05-25 19:55:08,TD4
103,182,116,sx,ndom,2017-05-25 19:55:09,TD4
111,158,91,sx,ndom,2017-05-25 19:55:10,TD4
78,145,67,sx,ndom,2017-05-25 19:55:11,TD4
71,121,60,sx,ndom,2017-05-25 19:55:12,TD4
68,145,64,sx,ndom,2017-05-25 19:55:13,TD4
88,107,67,sx,ndom,2017-05-25 19:55:14,TD4
81,118,44,sx,ndom,2017-05-25 19:55:15,TD4
176,139,73,sx,ndom,2017-05-25 19:55:16,TD4
114,147,20,sx,ndom,2017-05-25 19:55:17,TD4
178,141,58,sx,ndom,2017-05-25 19:55:18,TD4
161,103,88,sx,ndom,2017-05-25 19:55:19,TD4
151,128,109,sx,ndom,2017-05-25 19:55:20,TD4
119,95,104,sx,ndom,2017-05-25 19:55:21,TD4
90,116,39,sx,ndom,2017-05-25 19:55:22,TD4
98,100,52,sx,ndom,2017-05-25 19:55:23,TD4
133,135,104,sx,ndom,2017-05-25 19:55:24,TD4
102,101,84,sx,ndom,2017-05-25 19:55:25,TD4
102,140,110,sx,ndom,2017-05-25 19:55:26,TD4
82,124,67,sx,ndom,2017-05-25 19:55:27,TD4
127,117,70,sx,ndom,2017-05-25 19:55:28,TD4
59,121,60,sx,ndom,2017-05-25 19:55:29,TD4
50,135,54,sx,ndom,2017-05-25 19:55:30,TD4
58,75,74,sx,ndom,2017-05-25 19:55:31,TD4
50,131,80,sx,ndom,2017-05-25 19:55:32,TD4
65,99,67,sx,ndom,2017-05-25 19:55:33,TD4
38,146,58,sx,ndom,2017-05-25 19:55:34,TD4
80,103,137,sx,ndom,2017-05-25 19:55:35,TD4
0,0,0,dx,ndom,2017-05-25 19:54:35,TD4
0,0,0,dx,ndom,2017-05-25 19:54:36,TD4
0,0,0,dx,ndom,2017-05-25 19:54:37,TD4
0,0,0,dx,ndom,2017-05-25 19:54:38,TD4
0,0,0,dx,ndom,2017-05-25 19:54:39,TD4
0,0,0,dx,ndom,2017-05-25 19:54:40,TD4
0,0,0,dx,ndom,2017-05-25 19:54:41,TD4
0,0,0,dx,ndom,2017-05-25 19:54:42,TD4
0,0,0,dx,ndom,2017-05-25 19:54:43,TD4
0,0,0,dx,ndom,2017-05-25 19:54:44,TD4
0,0,0,dx,ndom,2017-05-25 19:54:45,TD4
0,0,0,dx,ndom,2017-05-25 19:54:46,TD4
0,0,0,dx,ndom,2017-05-25 19:54:47,TD4
0,0,0,dx,ndom,2017-05-25 19:54:48,TD4
0,0,0,dx,ndom,2017-05-25 19:54:49,TD4
0,0,0,dx,ndom,2017-05-25 19:54:50,TD4
0,0,0,dx,ndom,2017-05-25 19:54:51,TD4
0,0,0,dx,ndom,2017-05-25 19:54:52,TD4
0,0,0,dx,ndom,2017-05-25 19:54:53,TD4
0,0,0,dx,ndom,2017-05-25 19:54:54,TD4
0,0,0,dx,ndom,2017-05-25 19:54:55,TD4
0,0,0,dx,ndom,2017-05-25 19:54:56,TD4
0,0,0,dx,ndom,2017-05-25 19:54:57,TD4
0,0,0,dx,ndom,2017-05-25 19:54:58,TD4
0,0,0,dx,ndom,2017-05-25 19:54:59,TD4
0,0,0,dx,ndom,2017-05-25 19:55:00,TD4
0,0,0,dx,ndom,2017-05-25 19:55:01,TD4
0,0,0,dx,ndom,2017-05-25 19:55:02,TD4
0,0,0,dx,ndom,2017-05-25 19:55:03,TD4
0,0,0,dx,ndom,2017-05-25 19:55:04,TD4
0,0,0,dx,ndom,2017-05-25 19:55:05,TD4
0,0,0,dx,ndom,2017-05-25 19:55:06,TD4
0,0,0,dx,ndom,2017-05-25 19:55:07,TD4
0,0,0,dx,ndom,2017-05-25 19:55:08,TD4
0,0,0,dx,ndom,2017-05-25 19:55:09,TD4
0,0,0,dx,ndom,2017-05-25 19:55:10,TD4
0,0,0,dx,ndom,2017-05-25 19:55:11,TD4
0,0,0,dx,ndom,2017-05-25 19:55:12,TD4
0,0,0,dx,ndom,2017-05-25 19:55:13,TD4
0,0,0,dx,ndom,2017-05-25 19:55:14,TD4
0,0,0,dx,ndom,2017-05-25 19:55:15,TD4
0,0,0,dx,ndom,2017-05-25 19:55:16,TD4
0,0,0,dx,ndom,2017-05-25 19:55:17,TD4
0,0,0,dx,ndom,2017-05-25 19:55:18,TD4
0,0,0,dx,ndom,2017-05-25 19:55:19,TD4
0,0,0,dx,ndom,2017-05-25 19:55:20,TD4
0,0,0,dx,ndom,2017-05-25 19:55:21,TD4
0,0,0,dx,ndom,2017-05-25 19:55:22,TD4
0,0,0,dx,ndom,2017-05-25 19:55:23,TD4
0,0,0,dx,ndom,2017-05-25 19:55:24,TD4
0,0,0,dx,ndom,2017-05-25 19:55:25,TD4
0,0,0,dx,ndom,2017-05-25 19:55:26,TD4
0,0,0,dx,ndom,2017-05-25 19:55:27,TD4
0,0,0,dx,ndom,2017-05-25 19:55:28,TD4
0,0,0,dx,ndom,2017-05-25 19:55:29,TD4
0,0,0,dx,ndom,2017-05-25 19:55:30,TD4
0,0,0,dx,ndom,2017-05-25 19:55:31,TD4
0,0,0,dx,ndom,2017-05-25 19:55:32,TD4
0,0,0,dx,ndom,2017-05-25 19:55:33,TD4
0,0,0,dx,ndom,2017-05-25 19:55:34,TD4
0,19,4,dx,ndom,2017-05-25 19:55:35,TD4
131,104,215,sx,dom,2016-06-06 16:02:15,TD5
220,116,56,sx,dom,2016-06-06 16:02:16,TD5
68,137,95,sx,dom,2016-06-06 16:02:17,TD5
133,85,96,sx,dom,2016-06-06 16:02:18,TD5
146,56,61,sx,dom,2016-06-06 16:02:19,TD5
108,73,37,sx,dom,2016-06-06 16:02:20,TD5
48,63,32,sx,dom,2016-06-06 16:02:21,TD5
8,44,30,sx,dom,2016-06-06 16:02:22,TD5
142,71,57,sx,dom,2016-06-06 16:02:23,TD5
81,28,40,sx,dom,2016-06-06 16:02:24,TD5
109,214,86,sx,dom,2016-06-06 16:02:25,TD5
106,221,85,sx,dom,2016-06-06 16:02:26,TD5
108,102,86,sx,dom,2016-06-06 16:02:27,TD5
91,97,53,sx,dom,2016-06-06 16:02:28,TD5
65,97,80,sx,dom,2016-06-06 16:02:29,TD5
40,58,36,sx,dom,2016-06-06 16:02:30,TD5
169,148,163,sx,dom,2016-06-06 16:02:31,TD5
142,128,117,sx,dom,2016-06-06 16:02:32,TD5
85,29,82,sx,dom,2016-06-06 16:02:33,TD5
118,113,88,sx,dom,2016-06-06 16:02:34,TD5
119,110,90,sx,dom,2016-06-06 16:02:35,TD5
91,94,64,sx,dom,2016-06-06 16:02:36,TD5
87,72,70,sx,dom,2016-06-06 16:02:37,TD5
71,56,32,sx,dom,2016-06-06 16:02:38,TD5
164,167,68,sx,dom,2016-06-06 16:02:39,TD5
50,89,47,sx,dom,2016-06-06 16:02:40,TD5
97,86,51,sx,dom,2016-06-06 16:02:41,TD5
148,45,34,sx,dom,2016-06-06 16:02:42,TD5
74,69,4,sx,dom,2016-06-06 16:02:43,TD5
143,93,51,sx,dom,2016-06-06 16:02:44,TD5
106,87,13,sx,dom,2016-06-06 16:02:45,TD5
131,132,59,sx,dom,2016-06-06 16:02:46,TD5
67,56,40,sx,dom,2016-06-06 16:02:47,TD5
104,62,69,sx,dom,2016-06-06 16:02:48,TD5
87,45,51,sx,dom,2016-06-06 16:02:49,TD5
123,70,42,sx,dom,2016-06-06 16:02:50,TD5
89,104,52,sx,dom,2016-06-06 16:02:51,TD5
144,90,86,sx,dom,2016-06-06 16:02:52,TD5
98,27,69,sx,dom,2016-06-06 16:02:53,TD5
143,89,59,sx,dom,2016-06-06 16:02:54,TD5
14,97,6,sx,dom,2016-06-06 16:02:55,TD5
163,110,44,sx,dom,2016-06-06 16:02:56,TD5
149,72,49,sx,dom,2016-06-06 16:02:57,TD5
102,144,27,sx,dom,2016-06-06 16:02:58,TD5
123,119,50,sx,dom,2016-06-06 16:02:59,TD5
89,73,11,sx,dom,2016-06-06 16:03:00,TD5
78,91,48,sx,dom,2016-06-06 16:03:01,TD5
118,100,94,sx,dom,2016-06-06 16:03:02,TD5
92,65,81,sx,dom,2016-06-06 16:03:03,TD5
89,82,28,sx,dom,2016-06-06 16:03:04,TD5
77,94,80,sx,dom,2016-06-06 16:03:05,TD5
112,107,40,sx,dom,2016-06-06 16:03:06,TD5
119,71,44,sx,dom,2016-06-06 16:03:07,TD5
100,91,48,sx,dom,2016-06-06 16:03:08,TD5
31,61,5,sx,dom,2016-06-06 16:03:09,TD5
134,62,60,sx,dom,2016-06-06 16:03:10,TD5
98,52,38,sx,dom,2016-06-06 16:03:11,TD5
105,56,62,sx,dom,2016-06-06 16:03:12,TD5
121,56,30,sx,dom,2016-06-06 16:03:13,TD5
25,105,13,sx,dom,2016-06-06 16:03:14,TD5
37,67,8,sx,dom,2016-06-06 16:03:15,TD5
58,88,56,dx,ndom,2016-06-06 16:05:20,TD5
82,67,54,dx,ndom,2016-06-06 16:05:21,TD5
117,69,114,dx,ndom,2016-06-06 16:05:22,TD5
166,121,114,dx,ndom,2016-06-06 16:05:23,TD5
107,90,67,dx,ndom,2016-06-06 16:05:24,TD5
6,51,29,dx,ndom,2016-06-06 16:05:25,TD5
61,104,19,dx,ndom,2016-06-06 16:05:26,TD5
58,176,53,dx,ndom,2016-06-06 16:05:27,TD5
99,150,90,dx,ndom,2016-06-06 16:05:28,TD5
75,114,50,dx,ndom,2016-06-06 16:05:29,TD5
96,71,56,dx,ndom,2016-06-06 16:05:30,TD5
54,118,52,dx,ndom,2016-06-06 16:05:31,TD5
88,99,50,dx,ndom,2016-06-06 16:05:32,TD5
89,86,68,dx,ndom,2016-06-06 16:05:33,TD5
95,203,52,dx,ndom,2016-06-06 16:05:34,TD5
110,63,50,dx,ndom,2016-06-06 16:05:35,TD5
106,138,69,dx,ndom,2016-06-06 16:05:36,TD5
80,97,52,dx,ndom,2016-06-06 16:05:37,TD5
79,129,58,dx,ndom,2016-06-06 16:05:38,TD5
69,62,21,dx,ndom,2016-06-06 16:05:39,TD5
117,77,109,dx,ndom,2016-06-06 16:05:40,TD5
104,121,38,dx,ndom,2016-06-06 16:05:41,TD5
53,72,57,dx,ndom,2016-06-06 16:05:42,TD5
106,223,63,dx,ndom,2016-06-06 16:05:43,TD5
175,70,114,dx,ndom,2016-06-06 16:05:44,TD5
136,86,102,dx,ndom,2016-06-06 16:05:45,TD5
99,57,100,dx,ndom,2016-06-06 16:05:46,TD5
113,150,73,dx,ndom,2016-06-06 16:05:47,TD5
142,167,90,dx,ndom,2016-06-06 16:05:48,TD5
106,115,97,dx,ndom,2016-06-06 16:05:49,TD5
62,95,54,dx,ndom,2016-06-06 16:05:50,TD5
157,95,148,dx,ndom,2016-06-06 16:05:51,TD5
62,189,42,dx,ndom,2016-06-06 16:05:52,TD5
127,105,51,dx,ndom,2016-06-06 16:05:53,TD5
53,100,48,dx,ndom,2016-06-06 16:05:54,TD5
80,57,54,dx,ndom,2016-06-06 16:05:55,TD5
83,47,76,dx,ndom,2016-06-06 16:05:56,TD5
122,64,75,dx,ndom,2016-06-06 16:05:57,TD5
147,67,66,dx,ndom,2016-06-06 16:05:58,TD5
159,81,128,dx,ndom,2016-06-06 16:05:59,TD5
189,81,144,dx,ndom,2016-06-06 16:06:00,TD5
119,118,126,dx,ndom,2016-06-06 16:06:01,TD5
123,69,134,dx,ndom,2016-06-06 16:06:02,TD5
103,81,97,dx,ndom,2016-06-06 16:06:03,TD5
108,115,99,dx,ndom,2016-06-06 16:06:04,TD5
81,91,86,dx,ndom,2016-06-06 16:06:05,TD5
107,57,51,dx,ndom,2016-06-06 16:06:06,TD5
86,79,111,dx,ndom,2016-06-06 16:06:07,TD5
123,145,21,dx,ndom,2016-06-06 16:06:08,TD5
136,161,61,dx,ndom,2016-06-06 16:06:09,TD5
65,53,57,dx,ndom,2016-06-06 16:06:10,TD5
98,48,45,dx,ndom,2016-06-06 16:06:11,TD5
135,105,109,dx,ndom,2016-06-06 16:06:12,TD5
158,73,96,dx,ndom,2016-06-06 16:06:13,TD5
136,80,68,dx,ndom,2016-06-06 16:06:14,TD5
162,123,106,dx,ndom,2016-06-06 16:06:15,TD5
119,127,142,dx,ndom,2016-06-06 16:06:16,TD5
160,106,147,dx,ndom,2016-06-06 16:06:17,TD5
172,142,122,dx,ndom,2016-06-06 16:06:18,TD5
126,76,51,dx,ndom,2016-06-06 16:06:19,TD5
29,0,7,dx,ndom,2016-06-06 16:06:20,TD5
0,0,0,sx,ndom,2016-06-06 16:05:20,TD5
0,0,0,sx,ndom,2016-06-06 16:05:21,TD5
32,19,4,sx,ndom,2016-06-06 16:05:22,TD5
54,48,27,sx,ndom,2016-06-06 16:05:23,TD5
37,1,5,sx,ndom,2016-06-06 16:05:24,TD5
15,5,5,sx,ndom,2016-06-06 16:05:25,TD5
0,0,0,sx,ndom,2016-06-06 16:05:26,TD5
0,0,0,sx,ndom,2016-06-06 16:05:27,TD5
1,0,0,sx,ndom,2016-06-06 16:05:28,TD5
19,0,8,sx,ndom,2016-06-06 16:05:29,TD5
43,59,27,sx,ndom,2016-06-06 16:05:30,TD5
0,20,22,sx,ndom,2016-06-06 16:05:31,TD5
0,13,8,sx,ndom,2016-06-06 16:05:32,TD5
0,0,2,sx,ndom,2016-06-06 16:05:33,TD5
0,0,0,sx,ndom,2016-06-06 16:05:34,TD5
0,0,0,sx,ndom,2016-06-06 16:05:35,TD5
0,0,0,sx,ndom,2016-06-06 16:05:36,TD5
0,0,0,sx,ndom,2016-06-06 16:05:37,TD5
0,0,0,sx,ndom,2016-06-06 16:05:38,TD5
0,0,0,sx,ndom,2016-06-06 16:05:39,TD5
0,0,0,sx,ndom,2016-06-06 16:05:40,TD5
0,0,0,sx,ndom,2016-06-06 16:05:41,TD5
0,0,0,sx,ndom,2016-06-06 16:05:42,TD5
0,0,0,sx,ndom,2016-06-06 16:05:43,TD5
0,0,0,sx,ndom,2016-06-06 16:05:44,TD5
0,0,0,sx,ndom,2016-06-06 16:05:45,TD5
0,0,0,sx,ndom,2016-06-06 16:05:46,TD5
0,0,0,sx,ndom,2016-06-06 16:05:47,TD5
0,0,0,sx,ndom,2016-06-06 16:05:48,TD5
0,0,0,sx,ndom,2016-06-06 16:05:49,TD5
0,0,0,sx,ndom,2016-06-06 16:05:50,TD5
0,0,0,sx,ndom,2016-06-06 16:05:51,TD5
0,0,0,sx,ndom,2016-06-06 16:05:52,TD5
0,0,0,sx,ndom,2016-06-06 16:05:53,TD5
0,0,0,sx,ndom,2016-06-06 16:05:54,TD5
0,0,0,sx,ndom,2016-06-06 16:05:55,TD5
0,0,0,sx,ndom,2016-06-06 16:05:56,TD5
0,0,0,sx,ndom,2016-06-06 16:05:57,TD5
0,0,0,sx,ndom,2016-06-06 16:05:58,TD5
0,0,0,sx,ndom,2016-06-06 16:05:59,TD5
0,0,0,sx,ndom,2016-06-06 16:06:00,TD5
0,0,0,sx,ndom,2016-06-06 16:06:01,TD5
0,0,0,sx,ndom,2016-06-06 16:06:02,TD5
0,0,0,sx,ndom,2016-06-06 16:06:03,TD5
0,0,0,sx,ndom,2016-06-06 16:06:04,TD5
0,0,0,sx,ndom,2016-06-06 16:06:05,TD5
0,0,0,sx,ndom,2016-06-06 16:06:06,TD5
0,0,0,sx,ndom,2016-06-06 16:06:07,TD5
0,0,0,sx,ndom,2016-06-06 16:06:08,TD5
0,0,0,sx,ndom,2016-06-06 16:06:09,TD5
0,0,2,sx,ndom,2016-06-06 16:06:10,TD5
0,0,0,sx,ndom,2016-06-06 16:06:11,TD5
0,11,0,sx,ndom,2016-06-06 16:06:12,TD5
0,0,0,sx,ndom,2016-06-06 16:06:13,TD5
0,0,0,sx,ndom,2016-06-06 16:06:14,TD5
0,0,0,sx,ndom,2016-06-06 16:06:15,TD5
0,0,0,sx,ndom,2016-06-06 16:06:16,TD5
0,0,0,sx,ndom,2016-06-06 16:06:17,TD5
0,0,0,sx,ndom,2016-06-06 16:06:18,TD5
0,0,0,sx,ndom,2016-06-06 16:06:19,TD5
0,0,0,sx,ndom,2016-06-06 16:06:20,TD5
4,0,0,dx,dom,2016-06-06 16:02:15,TD5
0,25,1,dx,dom,2016-06-06 16:02:16,TD5
0,5,2,dx,dom,2016-06-06 16:02:17,TD5
0,0,0,dx,dom,2016-06-06 16:02:18,TD5
0,0,0,dx,dom,2016-06-06 16:02:19,TD5
0,0,0,dx,dom,2016-06-06 16:02:20,TD5
0,0,0,dx,dom,2016-06-06 16:02:21,TD5
0,5,0,dx,dom,2016-06-06 16:02:22,TD5
0,1,0,dx,dom,2016-06-06 16:02:23,TD5
0,0,0,dx,dom,2016-06-06 16:02:24,TD5
0,6,0,dx,dom,2016-06-06 16:02:25,TD5
0,27,0,dx,dom,2016-06-06 16:02:26,TD5
0,0,0,dx,dom,2016-06-06 16:02:27,TD5
0,3,0,dx,dom,2016-06-06 16:02:28,TD5
0,5,0,dx,dom,2016-06-06 16:02:29,TD5
0,20,0,dx,dom,2016-06-06 16:02:30,TD5
0,30,19,dx,dom,2016-06-06 16:02:31,TD5
0,3,5,dx,dom,2016-06-06 16:02:32,TD5
0,14,13,dx,dom,2016-06-06 16:02:33,TD5
0,0,0,dx,dom,2016-06-06 16:02:34,TD5
0,0,0,dx,dom,2016-06-06 16:02:35,TD5
0,6,0,dx,dom,2016-06-06 16:02:36,TD5
0,0,0,dx,dom,2016-06-06 16:02:37,TD5
0,0,0,dx,dom,2016-06-06 16:02:38,TD5
0,0,0,dx,dom,2016-06-06 16:02:39,TD5
0,0,0,dx,dom,2016-06-06 16:02:40,TD5
0,0,0,dx,dom,2016-06-06 16:02:41,TD5
0,0,0,dx,dom,2016-06-06 16:02:42,TD5
0,0,0,dx,dom,2016-06-06 16:02:43,TD5
0,7,3,dx,dom,2016-06-06 16:02:44,TD5
0,0,0,dx,dom,2016-06-06 16:02:45,TD5
0,5,0,dx,dom,2016-06-06 16:02:46,TD5
0,0,0,dx,dom,2016-06-06 16:02:47,TD5
0,0,0,dx,dom,2016-06-06 16:02:48,TD5
0,0,0,dx,dom,2016-06-06 16:02:49,TD5
0,1,0,dx,dom,2016-06-06 16:02:50,TD5
0,0,0,dx,dom,2016-06-06 16:02:51,TD5
0,0,0,dx,dom,2016-06-06 16:02:52,TD5
0,0,0,dx,dom,2016-06-06 16:02:53,TD5
0,0,0,dx,dom,2016-06-06 16:02:54,TD5
0,0,0,dx,dom,2016-06-06 16:02:55,TD5
0,0,0,dx,dom,2016-06-06 16:02:56,TD5
0,4,9,dx,dom,2016-06-06 16:02:57,TD5
0,0,0,dx,dom,2016-06-06 16:02:58,TD5
0,0,0,dx,dom,2016-06-06 16:02:59,TD5
0,0,0,dx,dom,2016-06-06 16:03:00,TD5
0,0,0,dx,dom,2016-06-06 16:03:01,TD5
0,0,0,dx,dom,2016-06-06 16:03:02,TD5
0,0,0,dx,dom,2016-06-06 16:03:03,TD5
0,0,0,dx,dom,2016-06-06 16:03:04,TD5
0,13,14,dx,dom,2016-06-06 16:03:05,TD5
0,0,0,dx,dom,2016-06-06 16:03:06,TD5
0,0,6,dx,dom,2016-06-06 16:03:07,TD5
0,0,0,dx,dom,2016-06-06 16:03:08,TD5
0,0,0,dx,dom,2016-06-06 16:03:09,TD5
0,0,0,dx,dom,2016-06-06 16:03:10,TD5
0,0,0,dx,dom,2016-06-06 16:03:11,TD5
0,0,7,dx,dom,2016-06-06 16:03:12,TD5
0,0,4,dx,dom,2016-06-06 16:03:13,TD5
0,0,0,dx,dom,2016-06-06 16:03:14,TD5
0,0,0,dx,dom,2016-06-06 16:03:15,TD5
0,0,3,sx,dom,2016-06-06 16:05:20,TD6
0,10,15,sx,dom,2016-06-06 16:05:21,TD6
0,0,0,sx,dom,2016-06-06 16:05:22,TD6
0,0,0,sx,dom,2016-06-06 16:05:23,TD6
70,34,121,sx,dom,2016-06-06 16:05:24,TD6
17,33,42,sx,dom,2016-06-06 16:05:25,TD6
109,123,67,sx,dom,2016-06-06 16:05:26,TD6
33,1,31,sx,dom,2016-06-06 16:05:27,TD6
28,0,0,sx,dom,2016-06-06 16:05:28,TD6
1,0,0,sx,dom,2016-06-06 16:05:29,TD6
0,0,0,sx,dom,2016-06-06 16:05:30,TD6
49,6,21,sx,dom,2016-06-06 16:05:31,TD6
37,32,24,sx,dom,2016-06-06 16:05:32,TD6
33,46,28,sx,dom,2016-06-06 16:05:33,TD6
11,27,5,sx,dom,2016-06-06 16:05:34,TD6
41,17,45,sx,dom,2016-06-06 16:05:35,TD6
56,24,27,sx,dom,2016-06-06 16:05:36,TD6
74,15,41,sx,dom,2016-06-06 16:05:37,TD6
148,55,34,sx,dom,2016-06-06 16:05:38,TD6
79,55,54,sx,dom,2016-06-06 16:05:39,TD6
40,15,16,sx,dom,2016-06-06 16:05:40,TD6
72,115,107,sx,dom,2016-06-06 16:05:41,TD6
4,31,9,sx,dom,2016-06-06 16:05:42,TD6
48,6,16,sx,dom,2016-06-06 16:05:43,TD6
103,24,23,sx,dom,2016-06-06 16:05:44,TD6
60,19,56,sx,dom,2016-06-06 16:05:45,TD6
37,19,33,sx,dom,2016-06-06 16:05:46,TD6
3,0,19,sx,dom,2016-06-06 16:05:47,TD6
15,10,6,sx,dom,2016-06-06 16:05:48,TD6
0,0,0,sx,dom,2016-06-06 16:05:49,TD6
13,5,5,sx,dom,2016-06-06 16:05:50,TD6
0,0,0,sx,dom,2016-06-06 16:05:51,TD6
8,12,28,sx,dom,2016-06-06 16:05:52,TD6
3,20,32,sx,dom,2016-06-06 16:05:53,TD6
0,0,0,sx,dom,2016-06-06 16:05:54,TD6
0,0,0,sx,dom,2016-06-06 16:05:55,TD6
0,0,0,sx,dom,2016-06-06 16:05:56,TD6
0,0,0,sx,dom,2016-06-06 16:05:57,TD6
0,0,0,sx,dom,2016-06-06 16:05:58,TD6
0,0,0,sx,dom,2016-06-06 16:05:59,TD6
0,0,0,sx,dom,2016-06-06 16:06:00,TD6
0,0,0,sx,dom,2016-06-06 16:06:01,TD6
0,0,0,sx,dom,2016-06-06 16:06:02,TD6
0,0,0,sx,dom,2016-06-06 16:06:03,TD6
0,0,0,sx,dom,2016-06-06 16:06:04,TD6
0,0,0,sx,dom,2016-06-06 16:06:05,TD6
0,0,0,sx,dom,2016-06-06 16:06:06,TD6
0,0,0,sx,dom,2016-06-06 16:06:07,TD6
0,0,0,sx,dom,2016-06-06 16:06:08,TD6
0,0,0,sx,dom,2016-06-06 16:06:09,TD6
6,2,0,sx,dom,2016-06-06 16:06:10,TD6
36,13,27,sx,dom,2016-06-06 16:06:11,TD6
6,8,0,sx,dom,2016-06-06 16:06:12,TD6
34,25,5,sx,dom,2016-06-06 16:06:13,TD6
6,1,23,sx,dom,2016-06-06 16:06:14,TD6
6,9,1,sx,dom,2016-06-06 16:06:15,TD6
3,6,9,sx,dom,2016-06-06 16:06:16,TD6
15,9,27,sx,dom,2016-06-06 16:06:17,TD6
0,0,0,sx,dom,2016-06-06 16:06:18,TD6
0,0,0,sx,dom,2016-06-06 16:06:19,TD6
0,0,0,sx,dom,2016-06-06 16:06:20,TD6
6,10,12,dx,dom,2016-06-06 16:05:20,TD6
186,119,130,dx,dom,2016-06-06 16:05:21,TD6
74,9,0,dx,dom,2016-06-06 16:05:22,TD6
94,62,51,dx,dom,2016-06-06 16:05:23,TD6
206,142,139,dx,dom,2016-06-06 16:05:24,TD6
74,73,85,dx,dom,2016-06-06 16:05:25,TD6
41,19,96,dx,dom,2016-06-06 16:05:26,TD6
0,0,3,dx,dom,2016-06-06 16:05:27,TD6
0,0,3,dx,dom,2016-06-06 16:05:28,TD6
0,0,0,dx,dom,2016-06-06 16:05:29,TD6
0,0,0,dx,dom,2016-06-06 16:05:30,TD6
11,0,27,dx,dom,2016-06-06 16:05:31,TD6
4,16,44,dx,dom,2016-06-06 16:05:32,TD6
16,33,86,dx,dom,2016-06-06 16:05:33,TD6
67,27,33,dx,dom,2016-06-06 16:05:34,TD6
14,4,31,dx,dom,2016-06-06 16:05:35,TD6
80,34,49,dx,dom,2016-06-06 16:05:36,TD6
72,19,98,dx,dom,2016-06-06 16:05:37,TD6
113,175,95,dx,dom,2016-06-06 16:05:38,TD6
100,100,105,dx,dom,2016-06-06 16:05:39,TD6
61,45,38,dx,dom,2016-06-06 16:05:40,TD6
9,19,86,dx,dom,2016-06-06 16:05:41,TD6
132,121,71,dx,dom,2016-06-06 16:05:42,TD6
35,109,61,dx,dom,2016-06-06 16:05:43,TD6
38,94,30,dx,dom,2016-06-06 16:05:44,TD6
310,210,131,dx,dom,2016-06-06 16:05:45,TD6
309,141,68,dx,dom,2016-06-06 16:05:46,TD6
21,30,72,dx,dom,2016-06-06 16:05:47,TD6
61,67,107,dx,dom,2016-06-06 16:05:48,TD6
100,62,48,dx,dom,2016-06-06 16:05:49,TD6
68,88,157,dx,dom,2016-06-06 16:05:50,TD6
154,158,70,dx,dom,2016-06-06 16:05:51,TD6
220,123,46,dx,dom,2016-06-06 16:05:52,TD6
124,22,74,dx,dom,2016-06-06 16:05:53,TD6
57,14,0,dx,dom,2016-06-06 16:05:54,TD6
13,0,0,dx,dom,2016-06-06 16:05:55,TD6
0,0,0,dx,dom,2016-06-06 16:05:56,TD6
0,0,0,dx,dom,2016-06-06 16:05:57,TD6
0,0,0,dx,dom,2016-06-06 16:05:58,TD6
0,0,0,dx,dom,2016-06-06 16:05:59,TD6
0,0,0,dx,dom,2016-06-06 16:06:00,TD6
0,0,0,dx,dom,2016-06-06 16:06:01,TD6
0,0,0,dx,dom,2016-06-06 16:06:02,TD6
0,0,0,dx,dom,2016-06-06 16:06:03,TD6
0,0,0,dx,dom,2016-06-06 16:06:04,TD6
0,0,0,dx,dom,2016-06-06 16:06:05,TD6
0,0,0,dx,dom,2016-06-06 16:06:06,TD6
0,0,0,dx,dom,2016-06-06 16:06:07,TD6
0,0,0,dx,dom,2016-06-06 16:06:08,TD6
0,0,0,dx,dom,2016-06-06 16:06:09,TD6
0,0,0,dx,dom,2016-06-06 16:06:10,TD6
11,11,19,dx,dom,2016-06-06 16:06:11,TD6
0,0,0,dx,dom,2016-06-06 16:06:12,TD6
0,16,28,dx,dom,2016-06-06 16:06:13,TD6
2,1,33,dx,dom,2016-06-06 16:06:14,TD6
124,88,56,dx,dom,2016-06-06 16:06:15,TD6
173,145,24,dx,dom,2016-06-06 16:06:16,TD6
205,100,78,dx,dom,2016-06-06 16:06:17,TD6
47,0,0,dx,dom,2016-06-06 16:06:18,TD6
13,0,0,dx,dom,2016-06-06 16:06:19,TD6
0,0,0,dx,dom,2016-06-06 16:06:20,TD6
27,15,29,sx,ndom,2016-06-06 16:02:15,TD6
0,0,0,sx,ndom,2016-06-06 16:02:16,TD6
0,0,0,sx,ndom,2016-06-06 16:02:17,TD6
0,0,0,sx,ndom,2016-06-06 16:02:18,TD6
6,0,0,sx,ndom,2016-06-06 16:02:19,TD6
19,1,0,sx,ndom,2016-06-06 16:02:20,TD6
0,0,0,sx,ndom,2016-06-06 16:02:21,TD6
0,0,0,sx,ndom,2016-06-06 16:02:22,TD6
12,16,0,sx,ndom,2016-06-06 16:02:23,TD6
48,50,0,sx,ndom,2016-06-06 16:02:24,TD6
17,5,0,sx,ndom,2016-06-06 16:02:25,TD6
0,0,0,sx,ndom,2016-06-06 16:02:26,TD6
0,0,0,sx,ndom,2016-06-06 16:02:27,TD6
0,0,0,sx,ndom,2016-06-06 16:02:28,TD6
1,0,0,sx,ndom,2016-06-06 16:02:29,TD6
3,0,0,sx,ndom,2016-06-06 16:02:30,TD6
0,0,0,sx,ndom,2016-06-06 16:02:31,TD6
0,0,0,sx,ndom,2016-06-06 16:02:32,TD6
0,0,0,sx,ndom,2016-06-06 16:02:33,TD6
0,0,0,sx,ndom,2016-06-06 16:02:34,TD6
0,0,0,sx,ndom,2016-06-06 16:02:35,TD6
0,0,0,sx,ndom,2016-06-06 16:02:36,TD6
0,0,0,sx,ndom,2016-06-06 16:02:37,TD6
0,0,0,sx,ndom,2016-06-06 16:02:38,TD6
0,0,0,sx,ndom,2016-06-06 16:02:39,TD6
0,0,0,sx,ndom,2016-06-06 16:02:40,TD6
0,0,0,sx,ndom,2016-06-06 16:02:41,TD6
0,0,0,sx,ndom,2016-06-06 16:02:42,TD6
0,0,0,sx,ndom,2016-06-06 16:02:43,TD6
0,0,0,sx,ndom,2016-06-06 16:02:44,TD6
58,44,35,sx,ndom,2016-06-06 16:02:45,TD6
151,118,77,sx,ndom,2016-06-06 16:02:46,TD6
288,95,152,sx,ndom,2016-06-06 16:02:47,TD6
23,2,54,sx,ndom,2016-06-06 16:02:48,TD6
88,30,121,sx,ndom,2016-06-06 16:02:49,TD6
3,0,33,sx,ndom,2016-06-06 16:02:50,TD6
0,2,23,sx,ndom,2016-06-06 16:02:51,TD6
0,0,0,sx,ndom,2016-06-06 16:02:52,TD6
20,0,0,sx,ndom,2016-06-06 16:02:53,TD6
0,0,0,sx,ndom,2016-06-06 16:02:54,TD6
0,0,0,sx,ndom,2016-06-06 16:02:55,TD6
0,0,0,sx,ndom,2016-06-06 16:02:56,TD6
0,0,0,sx,ndom,2016-06-06 16:02:57,TD6
0,0,0,sx,ndom,2016-06-06 16:02:58,TD6
0,0,0,sx,ndom,2016-06-06 16:02:59,TD6
0,0,0,sx,ndom,2016-06-06 16:03:00,TD6
0,0,0,sx,ndom,2016-06-06 16:03:01,TD6
0,0,0,sx,ndom,2016-06-06 16:03:02,TD6
0,0,0,sx,ndom,2016-06-06 16:03:03,TD6
0,0,0,sx,ndom,2016-06-06 16:03:04,TD6
0,0,0,sx,ndom,2016-06-06 16:03:05,TD6
0,0,0,sx,ndom,2016-06-06 16:03:06,TD6
0,0,0,sx,ndom,2016-06-06 16:03:07,TD6
0,0,0,sx,ndom,2016-06-06 16:03:08,TD6
0,0,0,sx,ndom,2016-06-06 16:03:09,TD6
0,0,0,sx,ndom,2016-06-06 16:03:10,TD6
46,9,0,sx,ndom,2016-06-06 16:03:11,TD6
11,14,0,sx,ndom,2016-06-06 16:03:12,TD6
5,8,0,sx,ndom,2016-06-06 16:03:13,TD6
23,0,2,sx,ndom,2016-06-06 16:03:14,TD6
0,0,0,sx,ndom,2016-06-06 16:03:15,TD6
0,0,0,dx,ndom,2016-06-06 16:02:15,TD6
0,0,0,dx,ndom,2016-06-06 16:02:16,TD6
0,0,0,dx,ndom,2016-06-06 16:02:17,TD6
0,0,0,dx,ndom,2016-06-06 16:02:18,TD6
0,0,0,dx,ndom,2016-06-06 16:02:19,TD6
0,0,0,dx,ndom,2016-06-06 16:02:20,TD6
0,0,0,dx,ndom,2016-06-06 16:02:21,TD6
0,0,0,dx,ndom,2016-06-06 16:02:22,TD6
0,16,0,dx,ndom,2016-06-06 16:02:23,TD6
8,0,14,dx,ndom,2016-06-06 16:02:24,TD6
0,0,1,dx,ndom,2016-06-06 16:02:25,TD6
0,0,0,dx,ndom,2016-06-06 16:02:26,TD6
0,0,0,dx,ndom,2016-06-06 16:02:27,TD6
0,0,0,dx,ndom,2016-06-06 16:02:28,TD6
0,0,0,dx,ndom,2016-06-06 16:02:29,TD6
1,0,0,dx,ndom,2016-06-06 16:02:30,TD6
0,4,0,dx,ndom,2016-06-06 16:02:31,TD6
0,0,0,dx,ndom,2016-06-06 16:02:32,TD6
0,0,0,dx,ndom,2016-06-06 16:02:33,TD6
0,0,0,dx,ndom,2016-06-06 16:02:34,TD6
0,0,0,dx,ndom,2016-06-06 16:02:35,TD6
0,0,0,dx,ndom,2016-06-06 16:02:36,TD6
0,0,0,dx,ndom,2016-06-06 16:02:37,TD6
0,0,0,dx,ndom,2016-06-06 16:02:38,TD6
0,0,0,dx,ndom,2016-06-06 16:02:39,TD6
0,0,0,dx,ndom,2016-06-06 16:02:40,TD6
0,0,0,dx,ndom,2016-06-06 16:02:41,TD6
0,0,0,dx,ndom,2016-06-06 16:02:42,TD6
0,0,0,dx,ndom,2016-06-06 16:02:43,TD6
0,0,0,dx,ndom,2016-06-06 16:02:44,TD6
0,0,0,dx,ndom,2016-06-06 16:02:45,TD6
209,170,83,dx,ndom,2016-06-06 16:02:46,TD6
89,28,10,dx,ndom,2016-06-06 16:02:47,TD6
33,17,88,dx,ndom,2016-06-06 16:02:48,TD6
255,114,142,dx,ndom,2016-06-06 16:02:49,TD6
77,27,51,dx,ndom,2016-06-06 16:02:50,TD6
82,0,22,dx,ndom,2016-06-06 16:02:51,TD6
19,0,0,dx,ndom,2016-06-06 16:02:52,TD6
0,0,0,dx,ndom,2016-06-06 16:02:53,TD6
0,0,0,dx,ndom,2016-06-06 16:02:54,TD6
0,0,0,dx,ndom,2016-06-06 16:02:55,TD6
0,0,0,dx,ndom,2016-06-06 16:02:56,TD6
0,0,0,dx,ndom,2016-06-06 16:02:57,TD6
0,0,0,dx,ndom,2016-06-06 16:02:58,TD6
0,0,0,dx,ndom,2016-06-06 16:02:59,TD6
0,0,0,dx,ndom,2016-06-06 16:03:00,TD6
0,0,0,dx,ndom,2016-06-06 16:03:01,TD6
0,0,0,dx,ndom,2016-06-06 16:03:02,TD6
0,0,0,dx,ndom,2016-06-06 16:03:03,TD6
0,0,0,dx,ndom,2016-06-06 16:03:04,TD6
0,0,0,dx,ndom,2016-06-06 16:03:05,TD6
0,0,0,dx,ndom,2016-06-06 16:03:06,TD6
0,0,0,dx,ndom,2016-06-06 16:03:07,TD6
0,0,0,dx,ndom,2016-06-06 16:03:08,TD6
0,0,0,dx,ndom,2016-06-06 16:03:09,TD6
0,0,0,dx,ndom,2016-06-06 16:03:10,TD6
0,0,0,dx,ndom,2016-06-06 16:03:11,TD6
0,0,0,dx,ndom,2016-06-06 16:03:12,TD6
8,8,7,dx,ndom,2016-06-06 16:03:13,TD6
0,7,0,dx,ndom,2016-06-06 16:03:14,TD6
0,0,0,dx,ndom,2016-06-06 16:03:15,TD6
117,88,167,sx,dom,2017-06-16 11:13:50,TD7
47,49,95,sx,dom,2017-06-16 11:13:51,TD7
142,115,158,sx,dom,2017-06-16 11:13:52,TD7
125,88,151,sx,dom,2017-06-16 11:13:53,TD7
70,63,175,sx,dom,2017-06-16 11:13:54,TD7
97,88,115,sx,dom,2017-06-16 11:13:55,TD7
77,78,124,sx,dom,2017-06-16 11:13:56,TD7
119,121,154,sx,dom,2017-06-16 11:13:57,TD7
77,76,64,sx,dom,2017-06-16 11:13:58,TD7
123,133,73,sx,dom,2017-06-16 11:13:59,TD7
110,160,61,sx,dom,2017-06-16 11:14:00,TD7
110,86,87,sx,dom,2017-06-16 11:14:01,TD7
62,110,73,sx,dom,2017-06-16 11:14:02,TD7
36,39,130,sx,dom,2017-06-16 11:14:03,TD7
52,96,126,sx,dom,2017-06-16 11:14:04,TD7
43,90,117,sx,dom,2017-06-16 11:14:05,TD7
116,79,94,sx,dom,2017-06-16 11:14:06,TD7
142,92,61,sx,dom,2017-06-16 11:14:07,TD7
88,45,64,sx,dom,2017-06-16 11:14:08,TD7
85,65,46,sx,dom,2017-06-16 11:14:09,TD7
47,84,89,sx,dom,2017-06-16 11:14:10,TD7
71,70,114,sx,dom,2017-06-16 11:14:11,TD7
83,62,68,sx,dom,2017-06-16 11:14:12,TD7
109,142,76,sx,dom,2017-06-16 11:14:13,TD7
98,152,58,sx,dom,2017-06-16 11:14:14,TD7
108,114,85,sx,dom,2017-06-16 11:14:15,TD7
50,163,52,sx,dom,2017-06-16 11:14:16,TD7
106,119,64,sx,dom,2017-06-16 11:14:17,TD7
85,187,71,sx,dom,2017-06-16 11:14:18,TD7
71,69,118,sx,dom,2017-06-16 11:14:19,TD7
161,49,119,sx,dom,2017-06-16 11:14:20,TD7
61,111,138,sx,dom,2017-06-16 11:14:21,TD7
108,72,109,sx,dom,2017-06-16 11:14:22,TD7
66,65,119,sx,dom,2017-06-16 11:14:23,TD7
97,92,156,sx,dom,2017-06-16 11:14:24,TD7
135,138,130,sx,dom,2017-06-16 11:14:25,TD7
147,55,138,sx,dom,2017-06-16 11:14:26,TD7
118,51,71,sx,dom,2017-06-16 11:14:27,TD7
125,86,134,sx,dom,2017-06-16 11:14:28,TD7
100,44,72,sx,dom,2017-06-16 11:14:29,TD7
123,82,64,sx,dom,2017-06-16 11:14:30,TD7
87,119,84,sx,dom,2017-06-16 11:14:31,TD7
77,104,181,sx,dom,2017-06-16 11:14:32,TD7
59,67,161,sx,dom,2017-06-16 11:14:33,TD7
74,59,108,sx,dom,2017-06-16 11:14:34,TD7
92,59,108,sx,dom,2017-06-16 11:14:35,TD7
92,192,74,sx,dom,2017-06-16 11:14:36,TD7
73,182,130,sx,dom,2017-06-16 11:14:37,TD7
75,163,99,sx,dom,2017-06-16 11:14:38,TD7
64,102,94,sx,dom,2017-06-16 11:14:39,TD7
112,165,116,sx,dom,2017-06-16 11:14:40,TD7
93,97,158,sx,dom,2017-06-16 11:14:41,TD7
81,91,129,sx,dom,2017-06-16 11:14:42,TD7
115,85,115,sx,dom,2017-06-16 11:14:43,TD7
77,64,125,sx,dom,2017-06-16 11:14:44,TD7
58,39,147,sx,dom,2017-06-16 11:14:45,TD7
68,71,35,sx,dom,2017-06-16 11:14:46,TD7
113,96,92,sx,dom,2017-06-16 11:14:47,TD7
116,139,113,sx,dom,2017-06-16 11:14:48,TD7
91,132,109,sx,dom,2017-06-16 11:14:49,TD7
137,122,201,sx,dom,2017-06-16 11:14:50,TD7
0,0,0,dx,dom,2017-06-16 11:13:50,TD7
0,0,0,dx,dom,2017-06-16 11:13:51,TD7
0,0,0,dx,dom,2017-06-16 11:13:52,TD7
0,0,0,dx,dom,2017-06-16 11:13:53,TD7
0,0,0,dx,dom,2017-06-16 11:13:54,TD7
0,0,0,dx,dom,2017-06-16 11:13:55,TD7
0,0,0,dx,dom,2017-06-16 11:13:56,TD7
0,0,0,dx,dom,2017-06-16 11:13:57,TD7
0,0,0,dx,dom,2017-06-16 11:13:58,TD7
0,0,0,dx,dom,2017-06-16 11:13:59,TD7
0,0,0,dx,dom,2017-06-16 11:14:00,TD7
0,0,0,dx,dom,2017-06-16 11:14:01,TD7
0,0,0,dx,dom,2017-06-16 11:14:02,TD7
0,0,0,dx,dom,2017-06-16 11:14:03,TD7
0,0,0,dx,dom,2017-06-16 11:14:04,TD7
0,0,0,dx,dom,2017-06-16 11:14:05,TD7
0,0,0,dx,dom,2017-06-16 11:14:06,TD7
0,0,0,dx,dom,2017-06-16 11:14:07,TD7
0,0,0,dx,dom,2017-06-16 11:14:08,TD7
0,0,0,dx,dom,2017-06-16 11:14:09,TD7
0,0,0,dx,dom,2017-06-16 11:14:10,TD7
0,0,0,dx,dom,2017-06-16 11:14:11,TD7
5,0,0,dx,dom,2017-06-16 11:14:12,TD7
1,0,0,dx,dom,2017-06-16 11:14:13,TD7
9,0,0,dx,dom,2017-06-16 11:14:14,TD7
4,0,0,dx,dom,2017-06-16 11:14:15,TD7
0,0,0,dx,dom,2017-06-16 11:14:16,TD7
3,0,0,dx,dom,2017-06-16 11:14:17,TD7
0,0,0,dx,dom,2017-06-16 11:14:18,TD7
0,0,0,dx,dom,2017-06-16 11:14:19,TD7
0,1,6,dx,dom,2017-06-16 11:14:20,TD7
1,0,0,dx,dom,2017-06-16 11:14:21,TD7
0,0,0,dx,dom,2017-06-16 11:14:22,TD7
0,0,0,dx,dom,2017-06-16 11:14:23,TD7
0,0,0,dx,dom,2017-06-16 11:14:24,TD7
0,0,0,dx,dom,2017-06-16 11:14:25,TD7
0,0,0,dx,dom,2017-06-16 11:14:26,TD7
0,0,0,dx,dom,2017-06-16 11:14:27,TD7
0,0,0,dx,dom,2017-06-16 11:14:28,TD7
0,0,0,dx,dom,2017-06-16 11:14:29,TD7
0,0,0,dx,dom,2017-06-16 11:14:30,TD7
0,0,0,dx,dom,2017-06-16 11:14:31,TD7
0,0,0,dx,dom,2017-06-16 11:14:32,TD7
0,0,0,dx,dom,2017-06-16 11:14:33,TD7
0,0,0,dx,dom,2017-06-16 11:14:34,TD7
2,0,0,dx,dom,2017-06-16 11:14:35,TD7
9,0,0,dx,dom,2017-06-16 11:14:36,TD7
0,0,0,dx,dom,2017-06-16 11:14:37,TD7
0,0,0,dx,dom,2017-06-16 11:14:38,TD7
0,0,0,dx,dom,2017-06-16 11:14:39,TD7
0,0,0,dx,dom,2017-06-16 11:14:40,TD7
0,0,0,dx,dom,2017-06-16 11:14:41,TD7
0,0,0,dx,dom,2017-06-16 11:14:42,TD7
0,0,0,dx,dom,2017-06-16 11:14:43,TD7
0,0,0,dx,dom,2017-06-16 11:14:44,TD7
0,0,0,dx,dom,2017-06-16 11:14:45,TD7
0,0,0,dx,dom,2017-06-16 11:14:46,TD7
11,0,1,dx,dom,2017-06-16 11:14:47,TD7
8,0,5,dx,dom,2017-06-16 11:14:48,TD7
0,0,0,dx,dom,2017-06-16 11:14:49,TD7
29,0,5,dx,dom,2017-06-16 11:14:50,TD7
0,18,0,sx,ndom,2017-06-16 11:17:00,TD7
0,2,0,sx,ndom,2017-06-16 11:17:01,TD7
0,3,0,sx,ndom,2017-06-16 11:17:02,TD7
0,0,0,sx,ndom,2017-06-16 11:17:03,TD7
0,4,0,sx,ndom,2017-06-16 11:17:04,TD7
0,7,0,sx,ndom,2017-06-16 11:17:05,TD7
0,0,0,sx,ndom,2017-06-16 11:17:06,TD7
0,6,0,sx,ndom,2017-06-16 11:17:07,TD7
0,21,0,sx,ndom,2017-06-16 11:17:08,TD7
0,28,6,sx,ndom,2017-06-16 11:17:09,TD7
0,0,0,sx,ndom,2017-06-16 11:17:10,TD7
0,0,0,sx,ndom,2017-06-16 11:17:11,TD7
0,10,0,sx,ndom,2017-06-16 11:17:12,TD7
0,8,0,sx,ndom,2017-06-16 11:17:13,TD7
0,1,0,sx,ndom,2017-06-16 11:17:14,TD7
0,26,3,sx,ndom,2017-06-16 11:17:15,TD7
0,9,0,sx,ndom,2017-06-16 11:17:16,TD7
0,4,0,sx,ndom,2017-06-16 11:17:17,TD7
0,0,0,sx,ndom,2017-06-16 11:17:18,TD7
0,10,0,sx,ndom,2017-06-16 11:17:19,TD7
0,12,3,sx,ndom,2017-06-16 11:17:20,TD7
0,10,5,sx,ndom,2017-06-16 11:17:21,TD7
0,5,0,sx,ndom,2017-06-16 11:17:22,TD7
0,3,1,sx,ndom,2017-06-16 11:17:23,TD7
0,17,3,sx,ndom,2017-06-16 11:17:24,TD7
0,10,6,sx,ndom,2017-06-16 11:17:25,TD7
0,30,25,sx,ndom,2017-06-16 11:17:26,TD7
0,6,0,sx,ndom,2017-06-16 11:17:27,TD7
0,21,18,sx,ndom,2017-06-16 11:17:28,TD7
0,13,7,sx,ndom,2017-06-16 11:17:29,TD7
0,5,0,sx,ndom,2017-06-16 11:17:30,TD7
0,12,10,sx,ndom,2017-06-16 11:17:31,TD7
0,0,0,sx,ndom,2017-06-16 11:17:32,TD7
0,2,0,sx,ndom,2017-06-16 11:17:33,TD7
0,0,0,sx,ndom,2017-06-16 11:17:34,TD7
0,8,2,sx,ndom,2017-06-16 11:17:35,TD7
0,0,0,sx,ndom,2017-06-16 11:17:36,TD7
0,3,3,sx,ndom,2017-06-16 11:17:37,TD7
0,5,5,sx,ndom,2017-06-16 11:17:38,TD7
0,0,0,sx,ndom,2017-06-16 11:17:39,TD7
0,5,3,sx,ndom,2017-06-16 11:17:40,TD7
0,6,0,sx,ndom,2017-06-16 11:17:41,TD7
0,8,5,sx,ndom,2017-06-16 11:17:42,TD7
0,0,0,sx,ndom,2017-06-16 11:17:43,TD7
0,0,0,sx,ndom,2017-06-16 11:17:44,TD7
0,0,0,sx,ndom,2017-06-16 11:17:45,TD7
0,0,0,sx,ndom,2017-06-16 11:17:46,TD7
0,0,0,sx,ndom,2017-06-16 11:17:47,TD7
0,0,0,sx,ndom,2017-06-16 11:17:48,TD7
0,0,0,sx,ndom,2017-06-16 11:17:49,TD7
0,0,0,sx,ndom,2017-06-16 11:17:50,TD7
0,0,0,sx,ndom,2017-06-16 11:17:51,TD7
0,0,0,sx,ndom,2017-06-16 11:17:52,TD7
0,0,0,sx,ndom,2017-06-16 11:17:53,TD7
0,0,0,sx,ndom,2017-06-16 11:17:54,TD7
0,7,8,sx,ndom,2017-06-16 11:17:55,TD7
0,0,0,sx,ndom,2017-06-16 11:17:56,TD7
0,0,0,sx,ndom,2017-06-16 11:17:57,TD7
0,0,0,sx,ndom,2017-06-16 11:17:58,TD7
0,0,1,sx,ndom,2017-06-16 11:17:59,TD7
26,38,28,sx,ndom,2017-06-16 11:18:00,TD7
173,85,125,dx,ndom,2017-06-16 11:17:00,TD7
137,59,133,dx,ndom,2017-06-16 11:17:01,TD7
95,38,136,dx,ndom,2017-06-16 11:17:02,TD7
156,52,88,dx,ndom,2017-06-16 11:17:03,TD7
122,79,105,dx,ndom,2017-06-16 11:17:04,TD7
93,31,120,dx,ndom,2017-06-16 11:17:05,TD7
97,11,80,dx,ndom,2017-06-16 11:17:06,TD7
167,60,85,dx,ndom,2017-06-16 11:17:07,TD7
169,32,74,dx,ndom,2017-06-16 11:17:08,TD7
153,50,122,dx,ndom,2017-06-16 11:17:09,TD7
168,76,112,dx,ndom,2017-06-16 11:17:10,TD7
108,84,109,dx,ndom,2017-06-16 11:17:11,TD7
164,123,121,dx,ndom,2017-06-16 11:17:12,TD7
164,63,120,dx,ndom,2017-06-16 11:17:13,TD7
197,109,126,dx,ndom,2017-06-16 11:17:14,TD7
199,76,96,dx,ndom,2017-06-16 11:17:15,TD7
175,56,82,dx,ndom,2017-06-16 11:17:16,TD7
165,102,113,dx,ndom,2017-06-16 11:17:17,TD7
111,98,97,dx,ndom,2017-06-16 11:17:18,TD7
96,72,80,dx,ndom,2017-06-16 11:17:19,TD7
99,43,93,dx,ndom,2017-06-16 11:17:20,TD7
112,48,58,dx,ndom,2017-06-16 11:17:21,TD7
112,85,75,dx,ndom,2017-06-16 11:17:22,TD7
88,56,77,dx,ndom,2017-06-16 11:17:23,TD7
155,68,133,dx,ndom,2017-06-16 11:17:24,TD7
70,44,75,dx,ndom,2017-06-16 11:17:25,TD7
96,60,92,dx,ndom,2017-06-16 11:17:26,TD7
80,62,47,dx,ndom,2017-06-16 11:17:27,TD7
88,59,101,dx,ndom,2017-06-16 11:17:28,TD7
68,66,139,dx,ndom,2017-06-16 11:17:29,TD7
79,45,107,dx,ndom,2017-06-16 11:17:30,TD7
101,53,116,dx,ndom,2017-06-16 11:17:31,TD7
77,27,112,dx,ndom,2017-06-16 11:17:32,TD7
87,44,70,dx,ndom,2017-06-16 11:17:33,TD7
97,72,109,dx,ndom,2017-06-16 11:17:34,TD7
105,93,135,dx,ndom,2017-06-16 11:17:35,TD7
79,52,114,dx,ndom,2017-06-16 11:17:36,TD7
98,84,100,dx,ndom,2017-06-16 11:17:37,TD7
122,40,104,dx,ndom,2017-06-16 11:17:38,TD7
107,52,153,dx,ndom,2017-06-16 11:17:39,TD7
102,100,105,dx,ndom,2017-06-16 11:17:40,TD7
113,36,79,dx,ndom,2017-06-16 11:17:41,TD7
99,35,55,dx,ndom,2017-06-16 11:17:42,TD7
117,40,96,dx,ndom,2017-06-16 11:17:43,TD7
133,14,88,dx,ndom,2017-06-16 11:17:44,TD7
131,19,104,dx,ndom,2017-06-16 11:17:45,TD7
86,51,99,dx,ndom,2017-06-16 11:17:46,TD7
123,56,93,dx,ndom,2017-06-16 11:17:47,TD7
82,58,99,dx,ndom,2017-06-16 11:17:48,TD7
103,104,33,dx,ndom,2017-06-16 11:17:49,TD7
102,73,144,dx,ndom,2017-06-16 11:17:50,TD7
81,58,99,dx,ndom,2017-06-16 11:17:51,TD7
121,69,71,dx,ndom,2017-06-16 11:17:52,TD7
119,65,64,dx,ndom,2017-06-16 11:17:53,TD7
137,31,44,dx,ndom,2017-06-16 11:17:54,TD7
112,37,84,dx,ndom,2017-06-16 11:17:55,TD7
113,23,104,dx,ndom,2017-06-16 11:17:56,TD7
47,45,95,dx,ndom,2017-06-16 11:17:57,TD7
63,76,91,dx,ndom,2017-06-16 11:17:58,TD7
170,103,94,dx,ndom,2017-06-16 11:17:59,TD7
39,48,22,dx,ndom,2017-06-16 11:18:00,TD7
0,27,2,sx,dom,2017-06-16 11:20:55,TD8
0,6,0,sx,dom,2017-06-16 11:20:56,TD8
0,5,0,sx,dom,2017-06-16 11:20:57,TD8
0,7,0,sx,dom,2017-06-16 11:20:58,TD8
0,17,9,sx,dom,2017-06-16 11:20:59,TD8
0,30,6,sx,dom,2017-06-16 11:21:00,TD8
0,7,0,sx,dom,2017-06-16 11:21:01,TD8
0,21,2,sx,dom,2017-06-16 11:21:02,TD8
0,2,0,sx,dom,2017-06-16 11:21:03,TD8
0,8,0,sx,dom,2017-06-16 11:21:04,TD8
0,4,3,sx,dom,2017-06-16 11:21:05,TD8
0,5,0,sx,dom,2017-06-16 11:21:06,TD8
0,9,0,sx,dom,2017-06-16 11:21:07,TD8
0,16,2,sx,dom,2017-06-16 11:21:08,TD8
0,8,0,sx,dom,2017-06-16 11:21:09,TD8
0,11,0,sx,dom,2017-06-16 11:21:10,TD8
0,0,0,sx,dom,2017-06-16 11:21:11,TD8
0,8,0,sx,dom,2017-06-16 11:21:12,TD8
0,0,0,sx,dom,2017-06-16 11:21:13,TD8
0,7,0,sx,dom,2017-06-16 11:21:14,TD8
0,0,0,sx,dom,2017-06-16 11:21:15,TD8
0,0,0,sx,dom,2017-06-16 11:21:16,TD8
0,0,0,sx,dom,2017-06-16 11:21:17,TD8
0,0,0,sx,dom,2017-06-16 11:21:18,TD8
0,0,0,sx,dom,2017-06-16 11:21:19,TD8
0,8,0,sx,dom,2017-06-16 11:21:20,TD8
0,0,0,sx,dom,2017-06-16 11:21:21,TD8
0,0,0,sx,dom,2017-06-16 11:21:22,TD8
0,0,0,sx,dom,2017-06-16 11:21:23,TD8
0,0,0,sx,dom,2017-06-16 11:21:24,TD8
0,0,0,sx,dom,2017-06-16 11:21:25,TD8
0,0,0,sx,dom,2017-06-16 11:21:26,TD8
0,5,0,sx,dom,2017-06-16 11:21:27,TD8
0,2,0,sx,dom,2017-06-16 11:21:28,TD8
0,5,0,sx,dom,2017-06-16 11:21:29,TD8
0,0,0,sx,dom,2017-06-16 11:21:30,TD8
0,2,0,sx,dom,2017-06-16 11:21:31,TD8
0,0,0,sx,dom,2017-06-16 11:21:32,TD8
0,0,0,sx,dom,2017-06-16 11:21:33,TD8
0,0,0,sx,dom,2017-06-16 11:21:34,TD8
0,0,0,sx,dom,2017-06-16 11:21:35,TD8
0,0,0,sx,dom,2017-06-16 11:21:36,TD8
0,7,0,sx,dom,2017-06-16 11:21:37,TD8
0,0,0,sx,dom,2017-06-16 11:21:38,TD8
0,0,0,sx,dom,2017-06-16 11:21:39,TD8
0,0,0,sx,dom,2017-06-16 11:21:40,TD8
0,0,0,sx,dom,2017-06-16 11:21:41,TD8
0,0,0,sx,dom,2017-06-16 11:21:42,TD8
0,0,0,sx,dom,2017-06-16 11:21:43,TD8
0,10,0,sx,dom,2017-06-16 11:21:44,TD8
0,21,4,sx,dom,2017-06-16 11:21:45,TD8
0,6,0,sx,dom,2017-06-16 11:21:46,TD8
0,0,0,sx,dom,2017-06-16 11:21:47,TD8
0,2,0,sx,dom,2017-06-16 11:21:48,TD8
0,0,0,sx,dom,2017-06-16 11:21:49,TD8
0,0,0,sx,dom,2017-06-16 11:21:50,TD8
0,0,0,sx,dom,2017-06-16 11:21:51,TD8
0,0,0,sx,dom,2017-06-16 11:21:52,TD8
0,0,0,sx,dom,2017-06-16 11:21:53,TD8
0,0,0,sx,dom,2017-06-16 11:21:54,TD8
0,8,0,sx,dom,2017-06-16 11:21:55,TD8
82,145,121,dx,dom,2017-06-16 11:20:55,TD8
172,34,109,dx,dom,2017-06-16 11:20:56,TD8
117,53,71,dx,dom,2017-06-16 11:20:57,TD8
139,54,141,dx,dom,2017-06-16 11:20:58,TD8
100,41,116,dx,dom,2017-06-16 11:20:59,TD8
143,40,115,dx,dom,2017-06-16 11:21:00,TD8
85,70,82,dx,dom,2017-06-16 11:21:01,TD8
109,42,127,dx,dom,2017-06-16 11:21:02,TD8
90,66,127,dx,dom,2017-06-16 11:21:03,TD8
127,69,79,dx,dom,2017-06-16 11:21:04,TD8
117,94,107,dx,dom,2017-06-16 11:21:05,TD8
110,137,94,dx,dom,2017-06-16 11:21:06,TD8
90,60,110,dx,dom,2017-06-16 11:21:07,TD8
175,62,115,dx,dom,2017-06-16 11:21:08,TD8
111,34,99,dx,dom,2017-06-16 11:21:09,TD8
127,63,94,dx,dom,2017-06-16 11:21:10,TD8
126,25,87,dx,dom,2017-06-16 11:21:11,TD8
123,35,89,dx,dom,2017-06-16 11:21:12,TD8
67,28,38,dx,dom,2017-06-16 11:21:13,TD8
85,114,59,dx,dom,2017-06-16 11:21:14,TD8
77,82,20,dx,dom,2017-06-16 11:21:15,TD8
161,95,82,dx,dom,2017-06-16 11:21:16,TD8
139,58,77,dx,dom,2017-06-16 11:21:17,TD8
67,70,51,dx,dom,2017-06-16 11:21:18,TD8
72,60,85,dx,dom,2017-06-16 11:21:19,TD8
91,91,80,dx,dom,2017-06-16 11:21:20,TD8
35,64,63,dx,dom,2017-06-16 11:21:21,TD8
74,82,66,dx,dom,2017-06-16 11:21:22,TD8
65,73,88,dx,dom,2017-06-16 11:21:23,TD8
78,73,78,dx,dom,2017-06-16 11:21:24,TD8
77,92,63,dx,dom,2017-06-16 11:21:25,TD8
106,77,26,dx,dom,2017-06-16 11:21:26,TD8
100,59,63,dx,dom,2017-06-16 11:21:27,TD8
89,62,72,dx,dom,2017-06-16 11:21:28,TD8
122,70,63,dx,dom,2017-06-16 11:21:29,TD8
73,68,57,dx,dom,2017-06-16 11:21:30,TD8
92,93,63,dx,dom,2017-06-16 11:21:31,TD8
71,62,80,dx,dom,2017-06-16 11:21:32,TD8
50,85,55,dx,dom,2017-06-16 11:21:33,TD8
50,95,64,dx,dom,2017-06-16 11:21:34,TD8
102,108,70,dx,dom,2017-06-16 11:21:35,TD8
50,70,46,dx,dom,2017-06-16 11:21:36,TD8
58,91,58,dx,dom,2017-06-16 11:21:37,TD8
80,58,72,dx,dom,2017-06-16 11:21:38,TD8
59,52,67,dx,dom,2017-06-16 11:21:39,TD8
127,52,60,dx,dom,2017-06-16 11:21:40,TD8
97,32,76,dx,dom,2017-06-16 11:21:41,TD8
106,92,72,dx,dom,2017-06-16 11:21:42,TD8
136,98,56,dx,dom,2017-06-16 11:21:43,TD8
129,49,112,dx,dom,2017-06-16 11:21:44,TD8
80,97,97,dx,dom,2017-06-16 11:21:45,TD8
97,65,97,dx,dom,2017-06-16 11:21:46,TD8
90,123,67,dx,dom,2017-06-16 11:21:47,TD8
101,34,43,dx,dom,2017-06-16 11:21:48,TD8
82,31,73,dx,dom,2017-06-16 11:21:49,TD8
117,72,73,dx,dom,2017-06-16 11:21:50,TD8
129,85,69,dx,dom,2017-06-16 11:21:51,TD8
127,53,49,dx,dom,2017-06-16 11:21:52,TD8
112,86,75,dx,dom,2017-06-16 11:21:53,TD8
93,134,107,dx,dom,2017-06-16 11:21:54,TD8
283,67,61,dx,dom,2017-06-16 11:21:55,TD8
206,188,94,sx,ndom,2017-06-16 11:23:20,TD8
96,99,49,sx,ndom,2017-06-16 11:23:21,TD8
185,107,73,sx,ndom,2017-06-16 11:23:22,TD8
187,114,89,sx,ndom,2017-06-16 11:23:23,TD8
131,125,123,sx,ndom,2017-06-16 11:23:24,TD8
89,125,61,sx,ndom,2017-06-16 11:23:25,TD8
119,158,131,sx,ndom,2017-06-16 11:23:26,TD8
132,114,122,sx,ndom,2017-06-16 11:23:27,TD8
153,79,51,sx,ndom,2017-06-16 11:23:28,TD8
78,247,98,sx,ndom,2017-06-16 11:23:29,TD8
85,141,33,sx,ndom,2017-06-16 11:23:30,TD8
62,139,42,sx,ndom,2017-06-16 11:23:31,TD8
136,117,49,sx,ndom,2017-06-16 11:23:32,TD8
63,97,82,sx,ndom,2017-06-16 11:23:33,TD8
93,104,63,sx,ndom,2017-06-16 11:23:34,TD8
87,70,67,sx,ndom,2017-06-16 11:23:35,TD8
87,94,35,sx,ndom,2017-06-16 11:23:36,TD8
146,144,55,sx,ndom,2017-06-16 11:23:37,TD8
129,41,26,sx,ndom,2017-06-16 11:23:38,TD8
167,166,20,sx,ndom,2017-06-16 11:23:39,TD8
147,204,67,sx,ndom,2017-06-16 11:23:40,TD8
114,101,21,sx,ndom,2017-06-16 11:23:41,TD8
96,90,56,sx,ndom,2017-06-16 11:23:42,TD8
182,58,27,sx,ndom,2017-06-16 11:23:43,TD8
94,50,56,sx,ndom,2017-06-16 11:23:44,TD8
72,80,42,sx,ndom,2017-06-16 11:23:45,TD8
120,120,91,sx,ndom,2017-06-16 11:23:46,TD8
123,65,44,sx,ndom,2017-06-16 11:23:47,TD8
76,157,56,sx,ndom,2017-06-16 11:23:48,TD8
115,117,57,sx,ndom,2017-06-16 11:23:49,TD8
118,83,59,sx,ndom,2017-06-16 11:23:50,TD8
32,102,17,sx,ndom,2017-06-16 11:23:51,TD8
72,91,46,sx,ndom,2017-06-16 11:23:52,TD8
82,65,61,sx,ndom,2017-06-16 11:23:53,TD8
60,79,57,sx,ndom,2017-06-16 11:23:54,TD8
118,146,51,sx,ndom,2017-06-16 11:23:55,TD8
108,57,70,sx,ndom,2017-06-16 11:23:56,TD8
114,88,38,sx,ndom,2017-06-16 11:23:57,TD8
108,106,46,sx,ndom,2017-06-16 11:23:58,TD8
108,107,55,sx,ndom,2017-06-16 11:23:59,TD8
86,127,32,sx,ndom,2017-06-16 11:24:00,TD8
57,134,38,sx,ndom,2017-06-16 11:24:01,TD8
83,109,53,sx,ndom,2017-06-16 11:24:02,TD8
81,130,82,sx,ndom,2017-06-16 11:24:03,TD8
104,168,41,sx,ndom,2017-06-16 11:24:04,TD8
107,44,19,sx,ndom,2017-06-16 11:24:05,TD8
125,78,54,sx,ndom,2017-06-16 11:24:06,TD8
156,23,46,sx,ndom,2017-06-16 11:24:07,TD8
210,87,59,sx,ndom,2017-06-16 11:24:08,TD8
199,43,58,sx,ndom,2017-06-16 11:24:09,TD8
71,45,20,sx,ndom,2017-06-16 11:24:10,TD8
139,74,70,sx,ndom,2017-06-16 11:24:11,TD8
157,139,48,sx,ndom,2017-06-16 11:24:12,TD8
123,133,49,sx,ndom,2017-06-16 11:24:13,TD8
116,108,47,sx,ndom,2017-06-16 11:24:14,TD8
97,61,39,sx,ndom,2017-06-16 11:24:15,TD8
96,65,24,sx,ndom,2017-06-16 11:24:16,TD8
82,136,74,sx,ndom,2017-06-16 11:24:17,TD8
158,90,116,sx,ndom,2017-06-16 11:24:18,TD8
53,106,93,sx,ndom,2017-06-16 11:24:19,TD8
56,73,63,sx,ndom,2017-06-16 11:24:20,TD8
0,7,0,dx,ndom,2017-06-16 11:23:20,TD8
0,5,6,dx,ndom,2017-06-16 11:23:21,TD8
0,0,5,dx,ndom,2017-06-16 11:23:22,TD8
0,6,11,dx,ndom,2017-06-16 11:23:23,TD8
0,0,0,dx,ndom,2017-06-16 11:23:24,TD8
0,0,0,dx,ndom,2017-06-16 11:23:25,TD8
0,0,0,dx,ndom,2017-06-16 11:23:26,TD8
0,0,0,dx,ndom,2017-06-16 11:23:27,TD8
0,0,0,dx,ndom,2017-06-16 11:23:28,TD8
0,0,0,dx,ndom,2017-06-16 11:23:29,TD8
0,8,8,dx,ndom,2017-06-16 11:23:30,TD8
0,0,0,dx,ndom,2017-06-16 11:23:31,TD8
0,0,0,dx,ndom,2017-06-16 11:23:32,TD8
0,1,16,dx,ndom,2017-06-16 11:23:33,TD8
0,0,0,dx,ndom,2017-06-16 11:23:34,TD8
0,0,4,dx,ndom,2017-06-16 11:23:35,TD8
0,0,0,dx,ndom,2017-06-16 11:23:36,TD8
0,1,9,dx,ndom,2017-06-16 11:23:37,TD8
0,0,4,dx,ndom,2017-06-16 11:23:38,TD8
0,0,0,dx,ndom,2017-06-16 11:23:39,TD8
0,0,0,dx,ndom,2017-06-16 11:23:40,TD8
0,3,4,dx,ndom,2017-06-16 11:23:41,TD8
0,5,3,dx,ndom,2017-06-16 11:23:42,TD8
0,8,3,dx,ndom,2017-06-16 11:23:43,TD8
6,19,24,dx,ndom,2017-06-16 11:23:44,TD8
0,0,0,dx,ndom,2017-06-16 11:23:45,TD8
0,0,0,dx,ndom,2017-06-16 11:23:46,TD8
0,0,4,dx,ndom,2017-06-16 11:23:47,TD8
0,0,0,dx,ndom,2017-06-16 11:23:48,TD8
0,9,13,dx,ndom,2017-06-16 11:23:49,TD8
0,6,10,dx,ndom,2017-06-16 11:23:50,TD8
0,11,13,dx,ndom,2017-06-16 11:23:51,TD8
0,0,0,dx,ndom,2017-06-16 11:23:52,TD8
0,0,8,dx,ndom,2017-06-16 11:23:53,TD8
0,15,26,dx,ndom,2017-06-16 11:23:54,TD8
0,0,2,dx,ndom,2017-06-16 11:23:55,TD8
0,0,4,dx,ndom,2017-06-16 11:23:56,TD8
0,1,6,dx,ndom,2017-06-16 11:23:57,TD8
0,0,0,dx,ndom,2017-06-16 11:23:58,TD8
0,0,0,dx,ndom,2017-06-16 11:23:59,TD8
0,10,16,dx,ndom,2017-06-16 11:24:00,TD8
4,6,6,dx,ndom,2017-06-16 11:24:01,TD8
0,4,19,dx,ndom,2017-06-16 11:24:02,TD8
0,0,8,dx,ndom,2017-06-16 11:24:03,TD8
0,0,7,dx,ndom,2017-06-16 11:24:04,TD8
0,0,4,dx,ndom,2017-06-16 11:24:05,TD8
0,7,28,dx,ndom,2017-06-16 11:24:06,TD8
0,0,0,dx,ndom,2017-06-16 11:24:07,TD8
0,4,13,dx,ndom,2017-06-16 11:24:08,TD8
0,12,24,dx,ndom,2017-06-16 11:24:09,TD8
0,0,0,dx,ndom,2017-06-16 11:24:10,TD8
0,0,0,dx,ndom,2017-06-16 11:24:11,TD8
0,0,0,dx,ndom,2017-06-16 11:24:12,TD8
0,0,0,dx,ndom,2017-06-16 11:24:13,TD8
0,1,4,dx,ndom,2017-06-16 11:24:14,TD8
0,1,7,dx,ndom,2017-06-16 11:24:15,TD8
0,0,0,dx,ndom,2017-06-16 11:24:16,TD8
0,0,6,dx,ndom,2017-06-16 11:24:17,TD8
0,0,12,dx,ndom,2017-06-16 11:24:18,TD8
0,5,15,dx,ndom,2017-06-16 11:24:19,TD8
0,0,13,dx,ndom,2017-06-16 11:24:20,TD8
0,3,0,sx,dom,2017-06-16 11:08:10,TD9
0,0,0,sx,dom,2017-06-16 11:08:11,TD9
0,5,9,sx,dom,2017-06-16 11:08:12,TD9
0,0,0,sx,dom,2017-06-16 11:08:13,TD9
0,1,0,sx,dom,2017-06-16 11:08:14,TD9
0,0,2,sx,dom,2017-06-16 11:08:15,TD9
0,0,0,sx,dom,2017-06-16 11:08:16,TD9
0,0,0,sx,dom,2017-06-16 11:08:17,TD9
0,0,0,sx,dom,2017-06-16 11:08:18,TD9
0,0,0,sx,dom,2017-06-16 11:08:19,TD9
0,0,0,sx,dom,2017-06-16 11:08:20,TD9
0,0,0,sx,dom,2017-06-16 11:08:21,TD9
0,0,0,sx,dom,2017-06-16 11:08:22,TD9
0,0,0,sx,dom,2017-06-16 11:08:23,TD9
0,0,0,sx,dom,2017-06-16 11:08:24,TD9
0,0,0,sx,dom,2017-06-16 11:08:25,TD9
0,0,0,sx,dom,2017-06-16 11:08:26,TD9
0,0,0,sx,dom,2017-06-16 11:08:27,TD9
0,0,0,sx,dom,2017-06-16 11:08:28,TD9
0,0,0,sx,dom,2017-06-16 11:08:29,TD9
0,0,0,sx,dom,2017-06-16 11:08:30,TD9
0,0,0,sx,dom,2017-06-16 11:08:31,TD9
0,0,0,sx,dom,2017-06-16 11:08:32,TD9
0,0,0,sx,dom,2017-06-16 11:08:33,TD9
0,0,0,sx,dom,2017-06-16 11:08:34,TD9
0,0,0,sx,dom,2017-06-16 11:08:35,TD9
0,0,0,sx,dom,2017-06-16 11:08:36,TD9
0,0,0,sx,dom,2017-06-16 11:08:37,TD9
0,0,0,sx,dom,2017-06-16 11:08:38,TD9
0,0,0,sx,dom,2017-06-16 11:08:39,TD9
0,0,0,sx,dom,2017-06-16 11:08:40,TD9
0,0,0,sx,dom,2017-06-16 11:08:41,TD9
0,1,2,sx,dom,2017-06-16 11:08:42,TD9
0,0,0,sx,dom,2017-06-16 11:08:43,TD9
0,0,0,sx,dom,2017-06-16 11:08:44,TD9
0,0,0,sx,dom,2017-06-16 11:08:45,TD9
0,0,0,sx,dom,2017-06-16 11:08:46,TD9
0,0,0,sx,dom,2017-06-16 11:08:47,TD9
0,0,0,sx,dom,2017-06-16 11:08:48,TD9
0,0,0,sx,dom,2017-06-16 11:08:49,TD9
0,0,0,sx,dom,2017-06-16 11:08:50,TD9
0,0,0,sx,dom,2017-06-16 11:08:51,TD9
0,0,0,sx,dom,2017-06-16 11:08:52,TD9
0,0,0,sx,dom,2017-06-16 11:08:53,TD9
0,0,0,sx,dom,2017-06-16 11:08:54,TD9
0,0,0,sx,dom,2017-06-16 11:08:55,TD9
0,0,0,sx,dom,2017-06-16 11:08:56,TD9
0,0,0,sx,dom,2017-06-16 11:08:57,TD9
0,0,0,sx,dom,2017-06-16 11:08:58,TD9
0,0,0,sx,dom,2017-06-16 11:08:59,TD9
0,0,0,sx,dom,2017-06-16 11:09:00,TD9
0,0,0,sx,dom,2017-06-16 11:09:01,TD9
0,0,0,sx,dom,2017-06-16 11:09:02,TD9
0,0,0,sx,dom,2017-06-16 11:09:03,TD9
0,0,0,sx,dom,2017-06-16 11:09:04,TD9
0,0,0,sx,dom,2017-06-16 11:09:05,TD9
0,0,0,sx,dom,2017-06-16 11:09:06,TD9
0,0,0,sx,dom,2017-06-16 11:09:07,TD9
0,0,0,sx,dom,2017-06-16 11:09:08,TD9
0,9,11,sx,dom,2017-06-16 11:09:09,TD9
249,163,68,sx,dom,2017-06-16 11:09:10,TD9
125,74,117,dx,dom,2017-06-16 11:08:10,TD9
124,65,132,dx,dom,2017-06-16 11:08:11,TD9
148,137,82,dx,dom,2017-06-16 11:08:12,TD9
100,68,150,dx,dom,2017-06-16 11:08:13,TD9
129,52,131,dx,dom,2017-06-16 11:08:14,TD9
48,95,86,dx,dom,2017-06-16 11:08:15,TD9
38,113,45,dx,dom,2017-06-16 11:08:16,TD9
59,77,94,dx,dom,2017-06-16 11:08:17,TD9
92,109,101,dx,dom,2017-06-16 11:08:18,TD9
42,98,72,dx,dom,2017-06-16 11:08:19,TD9
64,115,98,dx,dom,2017-06-16 11:08:20,TD9
72,51,60,dx,dom,2017-06-16 11:08:21,TD9
83,68,97,dx,dom,2017-06-16 11:08:22,TD9
89,55,68,dx,dom,2017-06-16 11:08:23,TD9
105,78,93,dx,dom,2017-06-16 11:08:24,TD9
103,75,91,dx,dom,2017-06-16 11:08:25,TD9
101,91,88,dx,dom,2017-06-16 11:08:26,TD9
52,105,58,dx,dom,2017-06-16 11:08:27,TD9
161,97,86,dx,dom,2017-06-16 11:08:28,TD9
129,118,89,dx,dom,2017-06-16 11:08:29,TD9
86,95,123,dx,dom,2017-06-16 11:08:30,TD9
60,73,120,dx,dom,2017-06-16 11:08:31,TD9
49,109,99,dx,dom,2017-06-16 11:08:32,TD9
87,111,108,dx,dom,2017-06-16 11:08:33,TD9
90,63,58,dx,dom,2017-06-16 11:08:34,TD9
83,93,66,dx,dom,2017-06-16 11:08:35,TD9
131,90,104,dx,dom,2017-06-16 11:08:36,TD9
91,95,95,dx,dom,2017-06-16 11:08:37,TD9
62,45,81,dx,dom,2017-06-16 11:08:38,TD9
80,63,109,dx,dom,2017-06-16 11:08:39,TD9
73,64,72,dx,dom,2017-06-16 11:08:40,TD9
146,75,58,dx,dom,2017-06-16 11:08:41,TD9
123,62,74,dx,dom,2017-06-16 11:08:42,TD9
122,104,113,dx,dom,2017-06-16 11:08:43,TD9
140,124,91,dx,dom,2017-06-16 11:08:44,TD9
92,77,118,dx,dom,2017-06-16 11:08:45,TD9
147,75,116,dx,dom,2017-06-16 11:08:46,TD9
114,110,61,dx,dom,2017-06-16 11:08:47,TD9
134,88,102,dx,dom,2017-06-16 11:08:48,TD9
104,89,107,dx,dom,2017-06-16 11:08:49,TD9
102,117,102,dx,dom,2017-06-16 11:08:50,TD9
64,88,135,dx,dom,2017-06-16 11:08:51,TD9
87,126,64,dx,dom,2017-06-16 11:08:52,TD9
62,24,34,dx,dom,2017-06-16 11:08:53,TD9
75,118,87,dx,dom,2017-06-16 11:08:54,TD9
89,78,74,dx,dom,2017-06-16 11:08:55,TD9
123,109,48,dx,dom,2017-06-16 11:08:56,TD9
137,98,95,dx,dom,2017-06-16 11:08:57,TD9
110,85,72,dx,dom,2017-06-16 11:08:58,TD9
131,74,72,dx,dom,2017-06-16 11:08:59,TD9
63,117,106,dx,dom,2017-06-16 11:09:00,TD9
108,57,83,dx,dom,2017-06-16 11:09:01,TD9
128,89,123,dx,dom,2017-06-16 11:09:02,TD9
126,147,77,dx,dom,2017-06-16 11:09:03,TD9
130,126,55,dx,dom,2017-06-16 11:09:04,TD9
153,86,68,dx,dom,2017-06-16 11:09:05,TD9
109,116,83,dx,dom,2017-06-16 11:09:06,TD9
57,118,115,dx,dom,2017-06-16 11:09:07,TD9
168,140,114,dx,dom,2017-06-16 11:09:08,TD9
282,163,123,dx,dom,2017-06-16 11:09:09,TD9
123,155,40,dx,dom,2017-06-16 11:09:10,TD9
158,197,212,sx,ndom,2017-06-16 11:10:41,TD9
187,152,116,sx,ndom,2017-06-16 11:10:42,TD9
199,101,171,sx,ndom,2017-06-16 11:10:43,TD9
197,103,170,sx,ndom,2017-06-16 11:10:44,TD9
268,82,88,sx,ndom,2017-06-16 11:10:45,TD9
108,80,67,sx,ndom,2017-06-16 11:10:46,TD9
188,58,75,sx,ndom,2017-06-16 11:10:47,TD9
174,57,41,sx,ndom,2017-06-16 11:10:48,TD9
220,41,74,sx,ndom,2017-06-16 11:10:49,TD9
163,134,57,sx,ndom,2017-06-16 11:10:50,TD9
157,79,67,sx,ndom,2017-06-16 11:10:51,TD9
112,103,75,sx,ndom,2017-06-16 11:10:52,TD9
141,109,94,sx,ndom,2017-06-16 11:10:53,TD9
111,145,47,sx,ndom,2017-06-16 11:10:54,TD9
92,61,115,sx,ndom,2017-06-16 11:10:55,TD9
99,53,96,sx,ndom,2017-06-16 11:10:56,TD9
124,100,106,sx,ndom,2017-06-16 11:10:57,TD9
120,66,71,sx,ndom,2017-06-16 11:10:58,TD9
72,71,62,sx,ndom,2017-06-16 11:10:59,TD9
64,72,68,sx,ndom,2017-06-16 11:11:00,TD9
79,62,66,sx,ndom,2017-06-16 11:11:01,TD9
154,78,69,sx,ndom,2017-06-16 11:11:02,TD9
73,52,48,sx,ndom,2017-06-16 11:11:03,TD9
164,105,50,sx,ndom,2017-06-16 11:11:04,TD9
120,47,61,sx,ndom,2017-06-16 11:11:05,TD9
113,78,94,sx,ndom,2017-06-16 11:11:06,TD9
120,137,91,sx,ndom,2017-06-16 11:11:07,TD9
147,71,89,sx,ndom,2017-06-16 11:11:08,TD9
104,143,96,sx,ndom,2017-06-16 11:11:09,TD9
136,53,110,sx,ndom,2017-06-16 11:11:10,TD9
89,49,126,sx,ndom,2017-06-16 11:11:11,TD9
130,127,135,sx,ndom,2017-06-16 11:11:12,TD9
154,124,111,sx,ndom,2017-06-16 11:11:13,TD9
137,89,162,sx,ndom,2017-06-16 11:11:14,TD9
113,78,151,sx,ndom,2017-06-16 11:11:15,TD9
116,49,89,sx,ndom,2017-06-16 11:11:16,TD9
120,107,141,sx,ndom,2017-06-16 11:11:17,TD9
122,95,100,sx,ndom,2017-06-16 11:11:18,TD9
72,39,90,sx,ndom,2017-06-16 11:11:19,TD9
118,85,83,sx,ndom,2017-06-16 11:11:20,TD9
114,117,84,sx,ndom,2017-06-16 11:11:21,TD9
71,45,80,sx,ndom,2017-06-16 11:11:22,TD9
93,85,135,sx,ndom,2017-06-16 11:11:23,TD9
99,66,65,sx,ndom,2017-06-16 11:11:24,TD9
126,66,86,sx,ndom,2017-06-16 11:11:25,TD9
69,75,122,sx,ndom,2017-06-16 11:11:26,TD9
144,139,135,sx,ndom,2017-06-16 11:11:27,TD9
78,108,106,sx,ndom,2017-06-16 11:11:28,TD9
91,103,79,sx,ndom,2017-06-16 11:11:29,TD9
123,75,127,sx,ndom,2017-06-16 11:11:30,TD9
77,82,150,sx,ndom,2017-06-16 11:11:31,TD9
91,120,27,sx,ndom,2017-06-16 11:11:32,TD9
210,127,25,sx,ndom,2017-06-16 11:11:33,TD9
124,142,103,sx,ndom,2017-06-16 11:11:34,TD9
114,201,102,sx,ndom,2017-06-16 11:11:35,TD9
170,102,135,sx,ndom,2017-06-16 11:11:36,TD9
146,160,126,sx,ndom,2017-06-16 11:11:37,TD9
119,171,126,sx,ndom,2017-06-16 11:11:38,TD9
138,104,84,sx,ndom,2017-06-16 11:11:39,TD9
261,127,123,sx,ndom,2017-06-16 11:11:40,TD9
255,163,35,sx,ndom,2017-06-16 11:11:41,TD9
0,0,0,dx,ndom,2017-06-16 11:10:41,TD9
0,1,0,dx,ndom,2017-06-16 11:10:42,TD9
0,0,0,dx,ndom,2017-06-16 11:10:43,TD9
0,6,3,dx,ndom,2017-06-16 11:10:44,TD9
0,7,0,dx,ndom,2017-06-16 11:10:45,TD9
0,0,0,dx,ndom,2017-06-16 11:10:46,TD9
0,0,0,dx,ndom,2017-06-16 11:10:47,TD9
0,0,0,dx,ndom,2017-06-16 11:10:48,TD9
0,6,0,dx,ndom,2017-06-16 11:10:49,TD9
0,0,0,dx,ndom,2017-06-16 11:10:50,TD9
0,0,0,dx,ndom,2017-06-16 11:10:51,TD9
0,0,0,dx,ndom,2017-06-16 11:10:52,TD9
0,0,0,dx,ndom,2017-06-16 11:10:53,TD9
0,0,0,dx,ndom,2017-06-16 11:10:54,TD9
0,0,0,dx,ndom,2017-06-16 11:10:55,TD9
0,0,0,dx,ndom,2017-06-16 11:10:56,TD9
0,0,0,dx,ndom,2017-06-16 11:10:57,TD9
0,0,0,dx,ndom,2017-06-16 11:10:58,TD9
0,0,0,dx,ndom,2017-06-16 11:10:59,TD9
0,0,0,dx,ndom,2017-06-16 11:11:00,TD9
0,0,0,dx,ndom,2017-06-16 11:11:01,TD9
0,4,0,dx,ndom,2017-06-16 11:11:02,TD9
0,0,0,dx,ndom,2017-06-16 11:11:03,TD9
0,0,0,dx,ndom,2017-06-16 11:11:04,TD9
0,0,0,dx,ndom,2017-06-16 11:11:05,TD9
0,0,0,dx,ndom,2017-06-16 11:11:06,TD9
0,0,0,dx,ndom,2017-06-16 11:11:07,TD9
0,0,0,dx,ndom,2017-06-16 11:11:08,TD9
0,0,0,dx,ndom,2017-06-16 11:11:09,TD9
0,0,0,dx,ndom,2017-06-16 11:11:10,TD9
0,0,0,dx,ndom,2017-06-16 11:11:11,TD9
0,1,0,dx,ndom,2017-06-16 11:11:12,TD9
0,0,0,dx,ndom,2017-06-16 11:11:13,TD9
0,0,0,dx,ndom,2017-06-16 11:11:14,TD9
0,0,0,dx,ndom,2017-06-16 11:11:15,TD9
0,0,0,dx,ndom,2017-06-16 11:11:16,TD9
0,2,0,dx,ndom,2017-06-16 11:11:17,TD9
0,3,0,dx,ndom,2017-06-16 11:11:18,TD9
0,0,0,dx,ndom,2017-06-16 11:11:19,TD9
0,13,0,dx,ndom,2017-06-16 11:11:20,TD9
0,0,0,dx,ndom,2017-06-16 11:11:21,TD9
0,0,0,dx,ndom,2017-06-16 11:11:22,TD9
68,40,26,dx,ndom,2017-06-16 11:11:23,TD9
44,5,7,dx,ndom,2017-06-16 11:11:24,TD9
2,9,0,dx,ndom,2017-06-16 11:11:25,TD9
0,26,0,dx,ndom,2017-06-16 11:11:26,TD9
0,15,0,dx,ndom,2017-06-16 11:11:27,TD9
17,12,0,dx,ndom,2017-06-16 11:11:28,TD9
27,91,0,dx,ndom,2017-06-16 11:11:29,TD9
0,24,0,dx,ndom,2017-06-16 11:11:30,TD9
0,11,0,dx,ndom,2017-06-16 11:11:31,TD9
0,0,0,dx,ndom,2017-06-16 11:11:32,TD9
0,11,2,dx,ndom,2017-06-16 11:11:33,TD9
0,3,0,dx,ndom,2017-06-16 11:11:34,TD9
0,8,0,dx,ndom,2017-06-16 11:11:35,TD9
0,18,0,dx,ndom,2017-06-16 11:11:36,TD9
0,2,0,dx,ndom,2017-06-16 11:11:37,TD9
0,11,0,dx,ndom,2017-06-16 11:11:38,TD9
0,24,0,dx,ndom,2017-06-16 11:11:39,TD9
157,95,83,dx,ndom,2017-06-16 11:11:40,TD9
89,75,36,dx,ndom,2017-06-16 11:11:41,TD9
0,6,0,sx,dom,2017-07-21 16:18:50,TD10
0,8,0,sx,dom,2017-07-21 16:18:51,TD10
0,15,0,sx,dom,2017-07-21 16:18:52,TD10
0,2,0,sx,dom,2017-07-21 16:18:53,TD10
0,9,0,sx,dom,2017-07-21 16:18:54,TD10
0,0,0,sx,dom,2017-07-21 16:18:55,TD10
0,0,0,sx,dom,2017-07-21 16:18:56,TD10
0,0,0,sx,dom,2017-07-21 16:18:57,TD10
0,0,0,sx,dom,2017-07-21 16:18:58,TD10
0,0,0,sx,dom,2017-07-21 16:18:59,TD10
0,0,0,sx,dom,2017-07-21 16:19:00,TD10
0,0,0,sx,dom,2017-07-21 16:19:01,TD10
0,10,0,sx,dom,2017-07-21 16:19:02,TD10
0,0,0,sx,dom,2017-07-21 16:19:03,TD10
0,0,0,sx,dom,2017-07-21 16:19:04,TD10
0,0,0,sx,dom,2017-07-21 16:19:05,TD10
0,0,0,sx,dom,2017-07-21 16:19:06,TD10
0,0,0,sx,dom,2017-07-21 16:19:07,TD10
0,0,0,sx,dom,2017-07-21 16:19:08,TD10
0,0,0,sx,dom,2017-07-21 16:19:09,TD10
0,0,0,sx,dom,2017-07-21 16:19:10,TD10
0,0,0,sx,dom,2017-07-21 16:19:11,TD10
0,0,0,sx,dom,2017-07-21 16:19:12,TD10
0,0,0,sx,dom,2017-07-21 16:19:13,TD10
0,0,0,sx,dom,2017-07-21 16:19:14,TD10
0,0,0,sx,dom,2017-07-21 16:19:15,TD10
0,0,0,sx,dom,2017-07-21 16:19:16,TD10
0,0,0,sx,dom,2017-07-21 16:19:17,TD10
0,0,0,sx,dom,2017-07-21 16:19:18,TD10
0,0,0,sx,dom,2017-07-21 16:19:19,TD10
0,0,0,sx,dom,2017-07-21 16:19:20,TD10
0,0,0,sx,dom,2017-07-21 16:19:21,TD10
0,0,0,sx,dom,2017-07-21 16:19:22,TD10
0,0,0,sx,dom,2017-07-21 16:19:23,TD10
0,0,0,sx,dom,2017-07-21 16:19:24,TD10
0,3,0,sx,dom,2017-07-21 16:19:25,TD10
0,0,0,sx,dom,2017-07-21 16:19:26,TD10
0,0,0,sx,dom,2017-07-21 16:19:27,TD10
0,1,0,sx,dom,2017-07-21 16:19:28,TD10
0,6,0,sx,dom,2017-07-21 16:19:29,TD10
0,0,0,sx,dom,2017-07-21 16:19:30,TD10
0,0,0,sx,dom,2017-07-21 16:19:31,TD10
0,13,0,sx,dom,2017-07-21 16:19:32,TD10
0,12,0,sx,dom,2017-07-21 16:19:33,TD10
0,0,0,sx,dom,2017-07-21 16:19:34,TD10
0,8,0,sx,dom,2017-07-21 16:19:35,TD10
0,0,0,sx,dom,2017-07-21 16:19:36,TD10
0,0,0,sx,dom,2017-07-21 16:19:37,TD10
0,0,0,sx,dom,2017-07-21 16:19:38,TD10
0,0,0,sx,dom,2017-07-21 16:19:39,TD10
0,0,0,sx,dom,2017-07-21 16:19:40,TD10
0,0,0,sx,dom,2017-07-21 16:19:41,TD10
0,0,0,sx,dom,2017-07-21 16:19:42,TD10
0,0,0,sx,dom,2017-07-21 16:19:43,TD10
0,0,0,sx,dom,2017-07-21 16:19:44,TD10
0,0,0,sx,dom,2017-07-21 16:19:45,TD10
0,0,0,sx,dom,2017-07-21 16:19:46,TD10
0,0,0,sx,dom,2017-07-21 16:19:47,TD10
0,0,0,sx,dom,2017-07-21 16:19:48,TD10
0,0,0,sx,dom,2017-07-21 16:19:49,TD10
0,0,0,sx,dom,2017-07-21 16:19:50,TD10
129,144,129,dx,dom,2017-07-21 16:18:50,TD10
155,30,82,dx,dom,2017-07-21 16:18:51,TD10
184,30,95,dx,dom,2017-07-21 16:18:52,TD10
181,57,69,dx,dom,2017-07-21 16:18:53,TD10
246,24,83,dx,dom,2017-07-21 16:18:54,TD10
168,46,78,dx,dom,2017-07-21 16:18:55,TD10
89,21,79,dx,dom,2017-07-21 16:18:56,TD10
50,61,122,dx,dom,2017-07-21 16:18:57,TD10
78,106,77,dx,dom,2017-07-21 16:18:58,TD10
96,36,83,dx,dom,2017-07-21 16:18:59,TD10
53,82,74,dx,dom,2017-07-21 16:19:00,TD10
18,69,49,dx,dom,2017-07-21 16:19:01,TD10
103,74,97,dx,dom,2017-07-21 16:19:02,TD10
61,44,109,dx,dom,2017-07-21 16:19:03,TD10
79,41,82,dx,dom,2017-07-21 16:19:04,TD10
62,25,106,dx,dom,2017-07-21 16:19:05,TD10
61,56,76,dx,dom,2017-07-21 16:19:06,TD10
57,92,77,dx,dom,2017-07-21 16:19:07,TD10
96,52,98,dx,dom,2017-07-21 16:19:08,TD10
111,31,89,dx,dom,2017-07-21 16:19:09,TD10
103,96,95,dx,dom,2017-07-21 16:19:10,TD10
104,60,106,dx,dom,2017-07-21 16:19:11,TD10
112,36,128,dx,dom,2017-07-21 16:19:12,TD10
125,42,94,dx,dom,2017-07-21 16:19:13,TD10
115,70,99,dx,dom,2017-07-21 16:19:14,TD10
77,38,76,dx,dom,2017-07-21 16:19:15,TD10
100,59,55,dx,dom,2017-07-21 16:19:16,TD10
77,68,37,dx,dom,2017-07-21 16:19:17,TD10
65,21,31,dx,dom,2017-07-21 16:19:18,TD10
132,89,59,dx,dom,2017-07-21 16:19:19,TD10
46,53,77,dx,dom,2017-07-21 16:19:20,TD10
135,37,55,dx,dom,2017-07-21 16:19:21,TD10
70,87,97,dx,dom,2017-07-21 16:19:22,TD10
67,50,78,dx,dom,2017-07-21 16:19:23,TD10
115,87,59,dx,dom,2017-07-21 16:19:24,TD10
54,96,68,dx,dom,2017-07-21 16:19:25,TD10
120,55,49,dx,dom,2017-07-21 16:19:26,TD10
104,99,92,dx,dom,2017-07-21 16:19:27,TD10
133,95,68,dx,dom,2017-07-21 16:19:28,TD10
203,53,51,dx,dom,2017-07-21 16:19:29,TD10
123,61,69,dx,dom,2017-07-21 16:19:30,TD10
137,97,102,dx,dom,2017-07-21 16:19:31,TD10
88,82,111,dx,dom,2017-07-21 16:19:32,TD10
121,124,85,dx,dom,2017-07-21 16:19:33,TD10
49,123,72,dx,dom,2017-07-21 16:19:34,TD10
121,115,66,dx,dom,2017-07-21 16:19:35,TD10
80,63,86,dx,dom,2017-07-21 16:19:36,TD10
108,57,74,dx,dom,2017-07-21 16:19:37,TD10
92,84,84,dx,dom,2017-07-21 16:19:38,TD10
81,56,65,dx,dom,2017-07-21 16:19:39,TD10
91,120,58,dx,dom,2017-07-21 16:19:40,TD10
44,33,33,dx,dom,2017-07-21 16:19:41,TD10
74,139,61,dx,dom,2017-07-21 16:19:42,TD10
119,59,81,dx,dom,2017-07-21 16:19:43,TD10
105,65,83,dx,dom,2017-07-21 16:19:44,TD10
117,77,75,dx,dom,2017-07-21 16:19:45,TD10
120,103,75,dx,dom,2017-07-21 16:19:46,TD10
100,63,34,dx,dom,2017-07-21 16:19:47,TD10
76,103,37,dx,dom,2017-07-21 16:19:48,TD10
124,99,46,dx,dom,2017-07-21 16:19:49,TD10
108,39,60,dx,dom,2017-07-21 16:19:50,TD10
174,92,115,sx,ndom,2017-07-21 16:16:20,TD10
108,34,97,sx,ndom,2017-07-21 16:16:21,TD10
114,41,109,sx,ndom,2017-07-21 16:16:22,TD10
150,78,87,sx,ndom,2017-07-21 16:16:23,TD10
72,36,122,sx,ndom,2017-07-21 16:16:24,TD10
82,36,117,sx,ndom,2017-07-21 16:16:25,TD10
98,30,95,sx,ndom,2017-07-21 16:16:26,TD10
137,79,64,sx,ndom,2017-07-21 16:16:27,TD10
86,93,70,sx,ndom,2017-07-21 16:16:28,TD10
82,54,51,sx,ndom,2017-07-21 16:16:29,TD10
60,65,69,sx,ndom,2017-07-21 16:16:30,TD10
54,61,83,sx,ndom,2017-07-21 16:16:31,TD10
81,94,56,sx,ndom,2017-07-21 16:16:32,TD10
76,56,50,sx,ndom,2017-07-21 16:16:33,TD10
52,55,84,sx,ndom,2017-07-21 16:16:34,TD10
117,22,80,sx,ndom,2017-07-21 16:16:35,TD10
69,15,52,sx,ndom,2017-07-21 16:16:36,TD10
96,22,63,sx,ndom,2017-07-21 16:16:37,TD10
87,87,44,sx,ndom,2017-07-21 16:16:38,TD10
58,72,78,sx,ndom,2017-07-21 16:16:39,TD10
46,56,76,sx,ndom,2017-07-21 16:16:40,TD10
92,88,50,sx,ndom,2017-07-21 16:16:41,TD10
77,22,55,sx,ndom,2017-07-21 16:16:42,TD10
81,34,66,sx,ndom,2017-07-21 16:16:43,TD10
65,37,90,sx,ndom,2017-07-21 16:16:44,TD10
67,28,38,sx,ndom,2017-07-21 16:16:45,TD10
70,27,85,sx,ndom,2017-07-21 16:16:46,TD10
88,28,89,sx,ndom,2017-07-21 16:16:47,TD10
72,36,67,sx,ndom,2017-07-21 16:16:48,TD10
80,38,95,sx,ndom,2017-07-21 16:16:49,TD10
79,32,78,sx,ndom,2017-07-21 16:16:50,TD10
92,71,127,sx,ndom,2017-07-21 16:16:51,TD10
86,49,108,sx,ndom,2017-07-21 16:16:52,TD10
141,29,57,sx,ndom,2017-07-21 16:16:53,TD10
114,74,55,sx,ndom,2017-07-21 16:16:54,TD10
106,43,55,sx,ndom,2017-07-21 16:16:55,TD10
107,86,73,sx,ndom,2017-07-21 16:16:56,TD10
96,80,18,sx,ndom,2017-07-21 16:16:57,TD10
98,61,60,sx,ndom,2017-07-21 16:16:58,TD10
100,41,29,sx,ndom,2017-07-21 16:16:59,TD10
98,24,80,sx,ndom,2017-07-21 16:17:00,TD10
86,46,61,sx,ndom,2017-07-21 16:17:01,TD10
83,68,45,sx,ndom,2017-07-21 16:17:02,TD10
126,79,44,sx,ndom,2017-07-21 16:17:03,TD10
142,93,53,sx,ndom,2017-07-21 16:17:04,TD10
116,91,22,sx,ndom,2017-07-21 16:17:05,TD10
124,61,65,sx,ndom,2017-07-21 16:17:06,TD10
122,129,48,sx,ndom,2017-07-21 16:17:07,TD10
130,30,73,sx,ndom,2017-07-21 16:17:08,TD10
138,62,71,sx,ndom,2017-07-21 16:17:09,TD10
88,77,61,sx,ndom,2017-07-21 16:17:10,TD10
99,75,84,sx,ndom,2017-07-21 16:17:11,TD10
140,58,28,sx,ndom,2017-07-21 16:17:12,TD10
94,109,94,sx,ndom,2017-07-21 16:17:13,TD10
104,53,111,sx,ndom,2017-07-21 16:17:14,TD10
141,41,81,sx,ndom,2017-07-21 16:17:15,TD10
143,66,96,sx,ndom,2017-07-21 16:17:16,TD10
173,103,91,sx,ndom,2017-07-21 16:17:17,TD10
177,59,77,sx,ndom,2017-07-21 16:17:18,TD10
178,51,88,sx,ndom,2017-07-21 16:17:19,TD10
103,30,25,sx,ndom,2017-07-21 16:17:20,TD10
0,0,0,dx,ndom,2017-07-21 16:16:20,TD10
0,0,0,dx,ndom,2017-07-21 16:16:21,TD10
0,0,0,dx,ndom,2017-07-21 16:16:22,TD10
0,0,0,dx,ndom,2017-07-21 16:16:23,TD10
0,0,0,dx,ndom,2017-07-21 16:16:24,TD10
0,0,0,dx,ndom,2017-07-21 16:16:25,TD10
0,0,0,dx,ndom,2017-07-21 16:16:26,TD10
0,0,0,dx,ndom,2017-07-21 16:16:27,TD10
0,0,0,dx,ndom,2017-07-21 16:16:28,TD10
0,0,0,dx,ndom,2017-07-21 16:16:29,TD10
0,0,0,dx,ndom,2017-07-21 16:16:30,TD10
0,0,0,dx,ndom,2017-07-21 16:16:31,TD10
0,0,0,dx,ndom,2017-07-21 16:16:32,TD10
0,0,0,dx,ndom,2017-07-21 16:16:33,TD10
0,0,0,dx,ndom,2017-07-21 16:16:34,TD10
0,0,0,dx,ndom,2017-07-21 16:16:35,TD10
0,0,0,dx,ndom,2017-07-21 16:16:36,TD10
0,0,0,dx,ndom,2017-07-21 16:16:37,TD10
0,0,0,dx,ndom,2017-07-21 16:16:38,TD10
0,0,0,dx,ndom,2017-07-21 16:16:39,TD10
0,0,0,dx,ndom,2017-07-21 16:16:40,TD10
0,0,0,dx,ndom,2017-07-21 16:16:41,TD10
0,0,0,dx,ndom,2017-07-21 16:16:42,TD10
0,0,0,dx,ndom,2017-07-21 16:16:43,TD10
0,0,0,dx,ndom,2017-07-21 16:16:44,TD10
0,0,0,dx,ndom,2017-07-21 16:16:45,TD10
0,0,0,dx,ndom,2017-07-21 16:16:46,TD10
0,0,0,dx,ndom,2017-07-21 16:16:47,TD10
0,0,0,dx,ndom,2017-07-21 16:16:48,TD10
0,0,0,dx,ndom,2017-07-21 16:16:49,TD10
0,0,0,dx,ndom,2017-07-21 16:16:50,TD10
0,0,0,dx,ndom,2017-07-21 16:16:51,TD10
0,0,0,dx,ndom,2017-07-21 16:16:52,TD10
0,0,0,dx,ndom,2017-07-21 16:16:53,TD10
0,0,0,dx,ndom,2017-07-21 16:16:54,TD10
0,0,0,dx,ndom,2017-07-21 16:16:55,TD10
0,0,0,dx,ndom,2017-07-21 16:16:56,TD10
0,0,0,dx,ndom,2017-07-21 16:16:57,TD10
0,0,0,dx,ndom,2017-07-21 16:16:58,TD10
0,0,0,dx,ndom,2017-07-21 16:16:59,TD10
0,0,0,dx,ndom,2017-07-21 16:17:00,TD10
0,0,0,dx,ndom,2017-07-21 16:17:01,TD10
0,0,0,dx,ndom,2017-07-21 16:17:02,TD10
0,0,0,dx,ndom,2017-07-21 16:17:03,TD10
0,0,0,dx,ndom,2017-07-21 16:17:04,TD10
0,0,0,dx,ndom,2017-07-21 16:17:05,TD10
0,0,0,dx,ndom,2017-07-21 16:17:06,TD10
0,0,0,dx,ndom,2017-07-21 16:17:07,TD10
0,0,0,dx,ndom,2017-07-21 16:17:08,TD10
0,0,0,dx,ndom,2017-07-21 16:17:09,TD10
0,2,3,dx,ndom,2017-07-21 16:17:10,TD10
0,0,0,dx,ndom,2017-07-21 16:17:11,TD10
0,0,0,dx,ndom,2017-07-21 16:17:12,TD10
0,0,0,dx,ndom,2017-07-21 16:17:13,TD10
0,0,0,dx,ndom,2017-07-21 16:17:14,TD10
0,0,0,dx,ndom,2017-07-21 16:17:15,TD10
0,0,0,dx,ndom,2017-07-21 16:17:16,TD10
0,0,0,dx,ndom,2017-07-21 16:17:17,TD10
0,0,0,dx,ndom,2017-07-21 16:17:18,TD10
0,0,0,dx,ndom,2017-07-21 16:17:19,TD10
0,0,0,dx,ndom,2017-07-21 16:17:20,TD10
0,0,0,sx,dom,2017-06-21 12:14:45,TD11
0,0,0,sx,dom,2017-06-21 12:14:46,TD11
0,0,0,sx,dom,2017-06-21 12:14:47,TD11
0,0,0,sx,dom,2017-06-21 12:14:48,TD11
0,0,0,sx,dom,2017-06-21 12:14:49,TD11
0,0,0,sx,dom,2017-06-21 12:14:50,TD11
0,0,0,sx,dom,2017-06-21 12:14:51,TD11
0,0,0,sx,dom,2017-06-21 12:14:52,TD11
0,0,0,sx,dom,2017-06-21 12:14:53,TD11
0,0,0,sx,dom,2017-06-21 12:14:54,TD11
0,0,0,sx,dom,2017-06-21 12:14:55,TD11
0,0,0,sx,dom,2017-06-21 12:14:56,TD11
0,0,0,sx,dom,2017-06-21 12:14:57,TD11
0,0,0,sx,dom,2017-06-21 12:14:58,TD11
0,0,0,sx,dom,2017-06-21 12:14:59,TD11
0,0,0,sx,dom,2017-06-21 12:15:00,TD11
0,0,0,sx,dom,2017-06-21 12:15:01,TD11
0,0,0,sx,dom,2017-06-21 12:15:02,TD11
0,0,0,sx,dom,2017-06-21 12:15:03,TD11
0,0,0,sx,dom,2017-06-21 12:15:04,TD11
0,0,0,sx,dom,2017-06-21 12:15:05,TD11
0,0,0,sx,dom,2017-06-21 12:15:06,TD11
0,0,0,sx,dom,2017-06-21 12:15:07,TD11
0,0,0,sx,dom,2017-06-21 12:15:08,TD11
0,0,0,sx,dom,2017-06-21 12:15:09,TD11
0,0,0,sx,dom,2017-06-21 12:15:10,TD11
0,0,0,sx,dom,2017-06-21 12:15:11,TD11
0,0,0,sx,dom,2017-06-21 12:15:12,TD11
0,0,0,sx,dom,2017-06-21 12:15:13,TD11
0,0,0,sx,dom,2017-06-21 12:15:14,TD11
0,0,0,sx,dom,2017-06-21 12:15:15,TD11
0,0,0,sx,dom,2017-06-21 12:15:16,TD11
0,0,0,sx,dom,2017-06-21 12:15:17,TD11
0,0,0,sx,dom,2017-06-21 12:15:18,TD11
0,0,0,sx,dom,2017-06-21 12:15:19,TD11
0,0,0,sx,dom,2017-06-21 12:15:20,TD11
0,0,0,sx,dom,2017-06-21 12:15:21,TD11
0,0,0,sx,dom,2017-06-21 12:15:22,TD11
0,0,0,sx,dom,2017-06-21 12:15:23,TD11
0,0,0,sx,dom,2017-06-21 12:15:24,TD11
0,0,0,sx,dom,2017-06-21 12:15:25,TD11
0,0,0,sx,dom,2017-06-21 12:15:26,TD11
0,0,0,sx,dom,2017-06-21 12:15:27,TD11
0,0,0,sx,dom,2017-06-21 12:15:28,TD11
0,0,0,sx,dom,2017-06-21 12:15:29,TD11
0,0,0,sx,dom,2017-06-21 12:15:30,TD11
0,0,0,sx,dom,2017-06-21 12:15:31,TD11
0,0,0,sx,dom,2017-06-21 12:15:32,TD11
0,0,0,sx,dom,2017-06-21 12:15:33,TD11
0,0,0,sx,dom,2017-06-21 12:15:34,TD11
0,0,0,sx,dom,2017-06-21 12:15:35,TD11
0,0,0,sx,dom,2017-06-21 12:15:36,TD11
0,0,0,sx,dom,2017-06-21 12:15:37,TD11
0,0,0,sx,dom,2017-06-21 12:15:38,TD11
0,0,0,sx,dom,2017-06-21 12:15:39,TD11
0,0,0,sx,dom,2017-06-21 12:15:40,TD11
0,0,0,sx,dom,2017-06-21 12:15:41,TD11
0,0,0,sx,dom,2017-06-21 12:15:42,TD11
0,0,0,sx,dom,2017-06-21 12:15:43,TD11
0,0,0,sx,dom,2017-06-21 12:15:44,TD11
8,0,0,sx,dom,2017-06-21 12:15:45,TD11
52,115,104,dx,dom,2017-06-21 12:14:45,TD11
72,93,104,dx,dom,2017-06-21 12:14:46,TD11
118,51,77,dx,dom,2017-06-21 12:14:47,TD11
114,102,79,dx,dom,2017-06-21 12:14:48,TD11
33,82,36,dx,dom,2017-06-21 12:14:49,TD11
67,103,71,dx,dom,2017-06-21 12:14:50,TD11
53,126,67,dx,dom,2017-06-21 12:14:51,TD11
29,34,70,dx,dom,2017-06-21 12:14:52,TD11
97,66,55,dx,dom,2017-06-21 12:14:53,TD11
132,78,87,dx,dom,2017-06-21 12:14:54,TD11
140,126,63,dx,dom,2017-06-21 12:14:55,TD11
79,129,88,dx,dom,2017-06-21 12:14:56,TD11
82,139,120,dx,dom,2017-06-21 12:14:57,TD11
64,172,96,dx,dom,2017-06-21 12:14:58,TD11
123,141,90,dx,dom,2017-06-21 12:14:59,TD11
94,173,130,dx,dom,2017-06-21 12:15:00,TD11
63,148,100,dx,dom,2017-06-21 12:15:01,TD11
47,142,102,dx,dom,2017-06-21 12:15:02,TD11
67,178,96,dx,dom,2017-06-21 12:15:03,TD11
78,204,110,dx,dom,2017-06-21 12:15:04,TD11
83,192,126,dx,dom,2017-06-21 12:15:05,TD11
75,168,94,dx,dom,2017-06-21 12:15:06,TD11
80,223,95,dx,dom,2017-06-21 12:15:07,TD11
98,197,113,dx,dom,2017-06-21 12:15:08,TD11
103,193,106,dx,dom,2017-06-21 12:15:09,TD11
42,133,104,dx,dom,2017-06-21 12:15:10,TD11
87,94,75,dx,dom,2017-06-21 12:15:11,TD11
110,125,72,dx,dom,2017-06-21 12:15:12,TD11
70,89,70,dx,dom,2017-06-21 12:15:13,TD11
58,95,46,dx,dom,2017-06-21 12:15:14,TD11
73,82,54,dx,dom,2017-06-21 12:15:15,TD11
75,84,68,dx,dom,2017-06-21 12:15:16,TD11
62,84,49,dx,dom,2017-06-21 12:15:17,TD11
70,141,76,dx,dom,2017-06-21 12:15:18,TD11
84,100,94,dx,dom,2017-06-21 12:15:19,TD11
57,69,114,dx,dom,2017-06-21 12:15:20,TD11
43,81,111,dx,dom,2017-06-21 12:15:21,TD11
57,70,70,dx,dom,2017-06-21 12:15:22,TD11
87,90,85,dx,dom,2017-06-21 12:15:23,TD11
60,36,114,dx,dom,2017-06-21 12:15:24,TD11
53,77,111,dx,dom,2017-06-21 12:15:25,TD11
48,84,87,dx,dom,2017-06-21 12:15:26,TD11
92,65,122,dx,dom,2017-06-21 12:15:27,TD11
124,78,79,dx,dom,2017-06-21 12:15:28,TD11
129,46,92,dx,dom,2017-06-21 12:15:29,TD11
61,66,79,dx,dom,2017-06-21 12:15:30,TD11
89,131,53,dx,dom,2017-06-21 12:15:31,TD11
62,91,85,dx,dom,2017-06-21 12:15:32,TD11
64,99,47,dx,dom,2017-06-21 12:15:33,TD11
57,102,78,dx,dom,2017-06-21 12:15:34,TD11
74,108,54,dx,dom,2017-06-21 12:15:35,TD11
34,153,94,dx,dom,2017-06-21 12:15:36,TD11
106,90,79,dx,dom,2017-06-21 12:15:37,TD11
91,71,102,dx,dom,2017-06-21 12:15:38,TD11
100,70,152,dx,dom,2017-06-21 12:15:39,TD11
64,91,104,dx,dom,2017-06-21 12:15:40,TD11
85,75,62,dx,dom,2017-06-21 12:15:41,TD11
81,70,46,dx,dom,2017-06-21 12:15:42,TD11
33,80,32,dx,dom,2017-06-21 12:15:43,TD11
152,111,77,dx,dom,2017-06-21 12:15:44,TD11
39,31,28,dx,dom,2017-06-21 12:15:45,TD11
126,74,70,sx,ndom,2017-06-21 12:17:25,TD11
80,58,87,sx,ndom,2017-06-21 12:17:26,TD11
76,46,93,sx,ndom,2017-06-21 12:17:27,TD11
49,60,107,sx,ndom,2017-06-21 12:17:28,TD11
75,41,65,sx,ndom,2017-06-21 12:17:29,TD11
101,24,96,sx,ndom,2017-06-21 12:17:30,TD11
98,68,68,sx,ndom,2017-06-21 12:17:31,TD11
177,31,29,sx,ndom,2017-06-21 12:17:32,TD11
123,41,51,sx,ndom,2017-06-21 12:17:33,TD11
148,46,54,sx,ndom,2017-06-21 12:17:34,TD11
99,56,35,sx,ndom,2017-06-21 12:17:35,TD11
122,61,60,sx,ndom,2017-06-21 12:17:36,TD11
174,34,54,sx,ndom,2017-06-21 12:17:37,TD11
62,41,132,sx,ndom,2017-06-21 12:17:38,TD11
35,47,83,sx,ndom,2017-06-21 12:17:39,TD11
67,50,52,sx,ndom,2017-06-21 12:17:40,TD11
66,29,54,sx,ndom,2017-06-21 12:17:41,TD11
84,60,98,sx,ndom,2017-06-21 12:17:42,TD11
135,84,55,sx,ndom,2017-06-21 12:17:43,TD11
162,53,44,sx,ndom,2017-06-21 12:17:44,TD11
187,40,39,sx,ndom,2017-06-21 12:17:45,TD11
119,43,35,sx,ndom,2017-06-21 12:17:46,TD11
93,82,100,sx,ndom,2017-06-21 12:17:47,TD11
32,74,136,sx,ndom,2017-06-21 12:17:48,TD11
43,26,126,sx,ndom,2017-06-21 12:17:49,TD11
40,41,62,sx,ndom,2017-06-21 12:17:50,TD11
41,34,24,sx,ndom,2017-06-21 12:17:51,TD11
110,96,33,sx,ndom,2017-06-21 12:17:52,TD11
93,45,31,sx,ndom,2017-06-21 12:17:53,TD11
201,47,44,sx,ndom,2017-06-21 12:17:54,TD11
112,59,84,sx,ndom,2017-06-21 12:17:55,TD11
86,87,101,sx,ndom,2017-06-21 12:17:56,TD11
54,87,56,sx,ndom,2017-06-21 12:17:57,TD11
71,71,60,sx,ndom,2017-06-21 12:17:58,TD11
59,96,72,sx,ndom,2017-06-21 12:17:59,TD11
72,100,100,sx,ndom,2017-06-21 12:18:00,TD11
53,76,104,sx,ndom,2017-06-21 12:18:01,TD11
132,37,62,sx,ndom,2017-06-21 12:18:02,TD11
87,45,56,sx,ndom,2017-06-21 12:18:03,TD11
64,57,51,sx,ndom,2017-06-21 12:18:04,TD11
78,71,66,sx,ndom,2017-06-21 12:18:05,TD11
63,63,67,sx,ndom,2017-06-21 12:18:06,TD11
65,36,34,sx,ndom,2017-06-21 12:18:07,TD11
59,19,27,sx,ndom,2017-06-21 12:18:08,TD11
61,72,46,sx,ndom,2017-06-21 12:18:09,TD11
95,55,58,sx,ndom,2017-06-21 12:18:10,TD11
117,32,54,sx,ndom,2017-06-21 12:18:11,TD11
100,43,66,sx,ndom,2017-06-21 12:18:12,TD11
72,70,63,sx,ndom,2017-06-21 12:18:13,TD11
82,61,65,sx,ndom,2017-06-21 12:18:14,TD11
82,14,69,sx,ndom,2017-06-21 12:18:15,TD11
100,58,66,sx,ndom,2017-06-21 12:18:16,TD11
105,72,79,sx,ndom,2017-06-21 12:18:17,TD11
68,20,97,sx,ndom,2017-06-21 12:18:18,TD11
88,98,81,sx,ndom,2017-06-21 12:18:19,TD11
125,70,80,sx,ndom,2017-06-21 12:18:20,TD11
97,71,35,sx,ndom,2017-06-21 12:18:21,TD11
22,106,67,sx,ndom,2017-06-21 12:18:22,TD11
73,147,76,sx,ndom,2017-06-21 12:18:23,TD11
44,72,67,sx,ndom,2017-06-21 12:18:24,TD11
142,97,96,sx,ndom,2017-06-21 12:18:25,TD11
0,0,0,dx,ndom,2017-06-21 12:17:25,TD11
0,0,0,dx,ndom,2017-06-21 12:17:26,TD11
0,0,0,dx,ndom,2017-06-21 12:17:27,TD11
0,0,0,dx,ndom,2017-06-21 12:17:28,TD11
0,0,0,dx,ndom,2017-06-21 12:17:29,TD11
0,0,0,dx,ndom,2017-06-21 12:17:30,TD11
0,0,0,dx,ndom,2017-06-21 12:17:31,TD11
0,0,0,dx,ndom,2017-06-21 12:17:32,TD11
0,0,0,dx,ndom,2017-06-21 12:17:33,TD11
0,0,0,dx,ndom,2017-06-21 12:17:34,TD11
0,0,0,dx,ndom,2017-06-21 12:17:35,TD11
0,0,0,dx,ndom,2017-06-21 12:17:36,TD11
0,0,0,dx,ndom,2017-06-21 12:17:37,TD11
0,0,0,dx,ndom,2017-06-21 12:17:38,TD11
0,0,0,dx,ndom,2017-06-21 12:17:39,TD11
0,0,0,dx,ndom,2017-06-21 12:17:40,TD11
0,0,0,dx,ndom,2017-06-21 12:17:41,TD11
0,0,0,dx,ndom,2017-06-21 12:17:42,TD11
0,0,0,dx,ndom,2017-06-21 12:17:43,TD11
0,0,0,dx,ndom,2017-06-21 12:17:44,TD11
0,0,0,dx,ndom,2017-06-21 12:17:45,TD11
0,0,0,dx,ndom,2017-06-21 12:17:46,TD11
0,0,0,dx,ndom,2017-06-21 12:17:47,TD11
0,0,0,dx,ndom,2017-06-21 12:17:48,TD11
0,0,0,dx,ndom,2017-06-21 12:17:49,TD11
0,0,0,dx,ndom,2017-06-21 12:17:50,TD11
0,0,0,dx,ndom,2017-06-21 12:17:51,TD11
0,0,0,dx,ndom,2017-06-21 12:17:52,TD11
0,0,0,dx,ndom,2017-06-21 12:17:53,TD11
0,0,0,dx,ndom,2017-06-21 12:17:54,TD11
0,0,0,dx,ndom,2017-06-21 12:17:55,TD11
0,0,0,dx,ndom,2017-06-21 12:17:56,TD11
0,0,0,dx,ndom,2017-06-21 12:17:57,TD11
0,0,0,dx,ndom,2017-06-21 12:17:58,TD11
0,0,0,dx,ndom,2017-06-21 12:17:59,TD11
0,0,0,dx,ndom,2017-06-21 12:18:00,TD11
0,0,0,dx,ndom,2017-06-21 12:18:01,TD11
0,0,0,dx,ndom,2017-06-21 12:18:02,TD11
0,0,0,dx,ndom,2017-06-21 12:18:03,TD11
0,0,0,dx,ndom,2017-06-21 12:18:04,TD11
0,0,0,dx,ndom,2017-06-21 12:18:05,TD11
0,0,0,dx,ndom,2017-06-21 12:18:06,TD11
0,0,0,dx,ndom,2017-06-21 12:18:07,TD11
0,0,0,dx,ndom,2017-06-21 12:18:08,TD11
0,0,0,dx,ndom,2017-06-21 12:18:09,TD11
0,0,0,dx,ndom,2017-06-21 12:18:10,TD11
0,0,0,dx,ndom,2017-06-21 12:18:11,TD11
0,0,0,dx,ndom,2017-06-21 12:18:12,TD11
0,0,0,dx,ndom,2017-06-21 12:18:13,TD11
0,0,0,dx,ndom,2017-06-21 12:18:14,TD11
0,0,0,dx,ndom,2017-06-21 12:18:15,TD11
0,0,0,dx,ndom,2017-06-21 12:18:16,TD11
0,0,0,dx,ndom,2017-06-21 12:18:17,TD11
0,0,0,dx,ndom,2017-06-21 12:18:18,TD11
0,0,0,dx,ndom,2017-06-21 12:18:19,TD11
0,0,0,dx,ndom,2017-06-21 12:18:20,TD11
0,0,0,dx,ndom,2017-06-21 12:18:21,TD11
0,0,0,dx,ndom,2017-06-21 12:18:22,TD11
0,0,0,dx,ndom,2017-06-21 12:18:23,TD11
0,0,0,dx,ndom,2017-06-21 12:18:24,TD11
0,0,0,dx,ndom,2017-06-21 12:18:25,TD11
0,5,0,sx,dom,2017-03-22 17:11:20,TD12
0,0,0,sx,dom,2017-03-22 17:11:21,TD12
0,0,0,sx,dom,2017-03-22 17:11:22,TD12
0,0,0,sx,dom,2017-03-22 17:11:23,TD12
0,0,0,sx,dom,2017-03-22 17:11:24,TD12
0,0,0,sx,dom,2017-03-22 17:11:25,TD12
0,0,0,sx,dom,2017-03-22 17:11:26,TD12
0,0,0,sx,dom,2017-03-22 17:11:27,TD12
0,0,0,sx,dom,2017-03-22 17:11:28,TD12
0,0,0,sx,dom,2017-03-22 17:11:29,TD12
0,0,0,sx,dom,2017-03-22 17:11:30,TD12
0,0,0,sx,dom,2017-03-22 17:11:31,TD12
0,0,0,sx,dom,2017-03-22 17:11:32,TD12
0,0,0,sx,dom,2017-03-22 17:11:33,TD12
0,0,0,sx,dom,2017-03-22 17:11:34,TD12
0,0,0,sx,dom,2017-03-22 17:11:35,TD12
0,0,0,sx,dom,2017-03-22 17:11:36,TD12
0,0,0,sx,dom,2017-03-22 17:11:37,TD12
0,0,0,sx,dom,2017-03-22 17:11:38,TD12
0,0,0,sx,dom,2017-03-22 17:11:39,TD12
0,0,0,sx,dom,2017-03-22 17:11:40,TD12
0,0,0,sx,dom,2017-03-22 17:11:41,TD12
0,0,0,sx,dom,2017-03-22 17:11:42,TD12
0,0,0,sx,dom,2017-03-22 17:11:43,TD12
0,0,0,sx,dom,2017-03-22 17:11:44,TD12
0,0,0,sx,dom,2017-03-22 17:11:45,TD12
0,0,0,sx,dom,2017-03-22 17:11:46,TD12
0,0,0,sx,dom,2017-03-22 17:11:47,TD12
0,0,0,sx,dom,2017-03-22 17:11:48,TD12
0,0,0,sx,dom,2017-03-22 17:11:49,TD12
0,0,0,sx,dom,2017-03-22 17:11:50,TD12
0,0,0,sx,dom,2017-03-22 17:11:51,TD12
0,0,0,sx,dom,2017-03-22 17:11:52,TD12
0,0,0,sx,dom,2017-03-22 17:11:53,TD12
0,0,0,sx,dom,2017-03-22 17:11:54,TD12
0,0,0,sx,dom,2017-03-22 17:11:55,TD12
0,0,0,sx,dom,2017-03-22 17:11:56,TD12
0,0,0,sx,dom,2017-03-22 17:11:57,TD12
0,0,0,sx,dom,2017-03-22 17:11:58,TD12
0,0,0,sx,dom,2017-03-22 17:11:59,TD12
0,0,0,sx,dom,2017-03-22 17:12:00,TD12
0,0,0,sx,dom,2017-03-22 17:12:01,TD12
0,0,0,sx,dom,2017-03-22 17:12:02,TD12
0,0,0,sx,dom,2017-03-22 17:12:03,TD12
0,0,0,sx,dom,2017-03-22 17:12:04,TD12
0,0,0,sx,dom,2017-03-22 17:12:05,TD12
0,0,0,sx,dom,2017-03-22 17:12:06,TD12
0,0,0,sx,dom,2017-03-22 17:12:07,TD12
0,0,0,sx,dom,2017-03-22 17:12:08,TD12
0,0,0,sx,dom,2017-03-22 17:12:09,TD12
0,0,0,sx,dom,2017-03-22 17:12:10,TD12
0,8,16,sx,dom,2017-03-22 17:12:11,TD12
0,0,0,sx,dom,2017-03-22 17:12:12,TD12
0,0,0,sx,dom,2017-03-22 17:12:13,TD12
0,0,0,sx,dom,2017-03-22 17:12:14,TD12
0,0,0,sx,dom,2017-03-22 17:12:15,TD12
0,0,0,sx,dom,2017-03-22 17:12:16,TD12
0,0,0,sx,dom,2017-03-22 17:12:17,TD12
0,0,0,sx,dom,2017-03-22 17:12:18,TD12
80,21,67,sx,dom,2017-03-22 17:12:19,TD12
164,40,45,sx,dom,2017-03-22 17:12:20,TD12
109,40,89,dx,dom,2017-03-22 17:11:20,TD12
97,63,43,dx,dom,2017-03-22 17:11:21,TD12
106,89,81,dx,dom,2017-03-22 17:11:22,TD12
146,74,120,dx,dom,2017-03-22 17:11:23,TD12
100,65,106,dx,dom,2017-03-22 17:11:24,TD12
97,86,41,dx,dom,2017-03-22 17:11:25,TD12
82,102,61,dx,dom,2017-03-22 17:11:26,TD12
121,71,97,dx,dom,2017-03-22 17:11:27,TD12
110,77,56,dx,dom,2017-03-22 17:11:28,TD12
88,76,40,dx,dom,2017-03-22 17:11:29,TD12
109,102,59,dx,dom,2017-03-22 17:11:30,TD12
84,77,44,dx,dom,2017-03-22 17:11:31,TD12
115,97,65,dx,dom,2017-03-22 17:11:32,TD12
90,44,27,dx,dom,2017-03-22 17:11:33,TD12
48,95,18,dx,dom,2017-03-22 17:11:34,TD12
113,44,48,dx,dom,2017-03-22 17:11:35,TD12
72,88,46,dx,dom,2017-03-22 17:11:36,TD12
175,76,98,dx,dom,2017-03-22 17:11:37,TD12
147,185,25,dx,dom,2017-03-22 17:11:38,TD12
121,73,80,dx,dom,2017-03-22 17:11:39,TD12
175,182,31,dx,dom,2017-03-22 17:11:40,TD12
151,39,45,dx,dom,2017-03-22 17:11:41,TD12
64,75,12,dx,dom,2017-03-22 17:11:42,TD12
107,88,56,dx,dom,2017-03-22 17:11:43,TD12
136,43,68,dx,dom,2017-03-22 17:11:44,TD12
126,35,34,dx,dom,2017-03-22 17:11:45,TD12
161,87,58,dx,dom,2017-03-22 17:11:46,TD12
175,132,126,dx,dom,2017-03-22 17:11:47,TD12
162,68,29,dx,dom,2017-03-22 17:11:48,TD12
99,111,54,dx,dom,2017-03-22 17:11:49,TD12
137,60,70,dx,dom,2017-03-22 17:11:50,TD12
108,63,58,dx,dom,2017-03-22 17:11:51,TD12
89,45,63,dx,dom,2017-03-22 17:11:52,TD12
91,98,76,dx,dom,2017-03-22 17:11:53,TD12
104,73,73,dx,dom,2017-03-22 17:11:54,TD12
114,79,21,dx,dom,2017-03-22 17:11:55,TD12
202,192,89,dx,dom,2017-03-22 17:11:56,TD12
129,74,78,dx,dom,2017-03-22 17:11:57,TD12
133,69,74,dx,dom,2017-03-22 17:11:58,TD12
142,91,82,dx,dom,2017-03-22 17:11:59,TD12
95,28,66,dx,dom,2017-03-22 17:12:00,TD12
161,93,85,dx,dom,2017-03-22 17:12:01,TD12
146,44,58,dx,dom,2017-03-22 17:12:02,TD12
167,88,34,dx,dom,2017-03-22 17:12:03,TD12
136,67,79,dx,dom,2017-03-22 17:12:04,TD12
127,51,57,dx,dom,2017-03-22 17:12:05,TD12
124,53,43,dx,dom,2017-03-22 17:12:06,TD12
195,89,94,dx,dom,2017-03-22 17:12:07,TD12
155,78,52,dx,dom,2017-03-22 17:12:08,TD12
146,50,63,dx,dom,2017-03-22 17:12:09,TD12
153,59,30,dx,dom,2017-03-22 17:12:10,TD12
179,80,76,dx,dom,2017-03-22 17:12:11,TD12
167,67,50,dx,dom,2017-03-22 17:12:12,TD12
103,47,60,dx,dom,2017-03-22 17:12:13,TD12
76,58,69,dx,dom,2017-03-22 17:12:14,TD12
87,39,39,dx,dom,2017-03-22 17:12:15,TD12
108,110,62,dx,dom,2017-03-22 17:12:16,TD12
92,74,55,dx,dom,2017-03-22 17:12:17,TD12
63,90,61,dx,dom,2017-03-22 17:12:18,TD12
241,120,246,dx,dom,2017-03-22 17:12:19,TD12
126,99,99,dx,dom,2017-03-22 17:12:20,TD12
122,54,84,sx,ndom,2017-03-22 17:09:05,TD12
176,43,64,sx,ndom,2017-03-22 17:09:06,TD12
69,77,36,sx,ndom,2017-03-22 17:09:07,TD12
82,60,47,sx,ndom,2017-03-22 17:09:08,TD12
41,48,34,sx,ndom,2017-03-22 17:09:09,TD12
100,46,72,sx,ndom,2017-03-22 17:09:10,TD12
88,38,58,sx,ndom,2017-03-22 17:09:11,TD12
39,62,33,sx,ndom,2017-03-22 17:09:12,TD12
49,65,27,sx,ndom,2017-03-22 17:09:13,TD12
84,75,58,sx,ndom,2017-03-22 17:09:14,TD12
43,50,2,sx,ndom,2017-03-22 17:09:15,TD12
139,34,63,sx,ndom,2017-03-22 17:09:16,TD12
75,59,5,sx,ndom,2017-03-22 17:09:17,TD12
121,39,78,sx,ndom,2017-03-22 17:09:18,TD12
98,82,69,sx,ndom,2017-03-22 17:09:19,TD12
92,45,70,sx,ndom,2017-03-22 17:09:20,TD12
69,42,42,sx,ndom,2017-03-22 17:09:21,TD12
73,38,74,sx,ndom,2017-03-22 17:09:22,TD12
44,46,43,sx,ndom,2017-03-22 17:09:23,TD12
80,110,91,sx,ndom,2017-03-22 17:09:24,TD12
66,75,45,sx,ndom,2017-03-22 17:09:25,TD12
31,52,29,sx,ndom,2017-03-22 17:09:26,TD12
65,39,42,sx,ndom,2017-03-22 17:09:27,TD12
49,47,11,sx,ndom,2017-03-22 17:09:28,TD12
75,74,54,sx,ndom,2017-03-22 17:09:29,TD12
54,44,15,sx,ndom,2017-03-22 17:09:30,TD12
46,68,48,sx,ndom,2017-03-22 17:09:31,TD12
41,46,40,sx,ndom,2017-03-22 17:09:32,TD12
35,43,11,sx,ndom,2017-03-22 17:09:33,TD12
60,19,32,sx,ndom,2017-03-22 17:09:34,TD12
58,63,41,sx,ndom,2017-03-22 17:09:35,TD12
74,30,12,sx,ndom,2017-03-22 17:09:36,TD12
31,29,15,sx,ndom,2017-03-22 17:09:37,TD12
137,60,52,sx,ndom,2017-03-22 17:09:38,TD12
127,39,62,sx,ndom,2017-03-22 17:09:39,TD12
110,50,25,sx,ndom,2017-03-22 17:09:40,TD12
125,151,70,sx,ndom,2017-03-22 17:09:41,TD12
116,94,81,sx,ndom,2017-03-22 17:09:42,TD12
115,67,99,sx,ndom,2017-03-22 17:09:43,TD12
94,54,96,sx,ndom,2017-03-22 17:09:44,TD12
46,64,0,sx,ndom,2017-03-22 17:09:45,TD12
109,10,36,sx,ndom,2017-03-22 17:09:46,TD12
57,80,43,sx,ndom,2017-03-22 17:09:47,TD12
30,35,28,sx,ndom,2017-03-22 17:09:48,TD12
21,96,56,sx,ndom,2017-03-22 17:09:49,TD12
55,31,20,sx,ndom,2017-03-22 17:09:50,TD12
53,80,68,sx,ndom,2017-03-22 17:09:51,TD12
61,112,38,sx,ndom,2017-03-22 17:09:52,TD12
61,101,40,sx,ndom,2017-03-22 17:09:53,TD12
74,35,10,sx,ndom,2017-03-22 17:09:54,TD12
82,88,15,sx,ndom,2017-03-22 17:09:55,TD12
112,43,74,sx,ndom,2017-03-22 17:09:56,TD12
109,40,67,sx,ndom,2017-03-22 17:09:57,TD12
62,84,39,sx,ndom,2017-03-22 17:09:58,TD12
74,74,37,sx,ndom,2017-03-22 17:09:59,TD12
123,99,49,sx,ndom,2017-03-22 17:10:00,TD12
86,62,71,sx,ndom,2017-03-22 17:10:01,TD12
112,43,67,sx,ndom,2017-03-22 17:10:02,TD12
91,54,59,sx,ndom,2017-03-22 17:10:03,TD12
133,120,89,sx,ndom,2017-03-22 17:10:04,TD12
92,177,82,sx,ndom,2017-03-22 17:10:05,TD12
0,6,0,dx,ndom,2017-03-22 17:09:05,TD12
0,0,0,dx,ndom,2017-03-22 17:09:06,TD12
0,0,0,dx,ndom,2017-03-22 17:09:07,TD12
0,0,0,dx,ndom,2017-03-22 17:09:08,TD12
0,0,0,dx,ndom,2017-03-22 17:09:09,TD12
0,0,0,dx,ndom,2017-03-22 17:09:10,TD12
0,0,0,dx,ndom,2017-03-22 17:09:11,TD12
0,0,0,dx,ndom,2017-03-22 17:09:12,TD12
0,0,0,dx,ndom,2017-03-22 17:09:13,TD12
0,0,0,dx,ndom,2017-03-22 17:09:14,TD12
55,53,37,dx,ndom,2017-03-22 17:09:15,TD12
6,4,0,dx,ndom,2017-03-22 17:09:16,TD12
2,0,0,dx,ndom,2017-03-22 17:09:17,TD12
0,0,0,dx,ndom,2017-03-22 17:09:18,TD12
0,0,0,dx,ndom,2017-03-22 17:09:19,TD12
0,0,0,dx,ndom,2017-03-22 17:09:20,TD12
0,0,0,dx,ndom,2017-03-22 17:09:21,TD12
0,0,0,dx,ndom,2017-03-22 17:09:22,TD12
0,0,0,dx,ndom,2017-03-22 17:09:23,TD12
0,0,0,dx,ndom,2017-03-22 17:09:24,TD12
0,0,0,dx,ndom,2017-03-22 17:09:25,TD12
0,0,0,dx,ndom,2017-03-22 17:09:26,TD12
0,0,0,dx,ndom,2017-03-22 17:09:27,TD12
0,0,0,dx,ndom,2017-03-22 17:09:28,TD12
0,0,0,dx,ndom,2017-03-22 17:09:29,TD12
0,0,0,dx,ndom,2017-03-22 17:09:30,TD12
0,0,0,dx,ndom,2017-03-22 17:09:31,TD12
0,0,0,dx,ndom,2017-03-22 17:09:32,TD12
0,0,0,dx,ndom,2017-03-22 17:09:33,TD12
0,0,0,dx,ndom,2017-03-22 17:09:34,TD12
0,0,0,dx,ndom,2017-03-22 17:09:35,TD12
0,0,0,dx,ndom,2017-03-22 17:09:36,TD12
0,0,0,dx,ndom,2017-03-22 17:09:37,TD12
0,0,0,dx,ndom,2017-03-22 17:09:38,TD12
0,0,0,dx,ndom,2017-03-22 17:09:39,TD12
0,0,0,dx,ndom,2017-03-22 17:09:40,TD12
0,0,0,dx,ndom,2017-03-22 17:09:41,TD12
0,0,0,dx,ndom,2017-03-22 17:09:42,TD12
0,0,0,dx,ndom,2017-03-22 17:09:43,TD12
0,0,0,dx,ndom,2017-03-22 17:09:44,TD12
0,0,0,dx,ndom,2017-03-22 17:09:45,TD12
0,0,0,dx,ndom,2017-03-22 17:09:46,TD12
0,0,0,dx,ndom,2017-03-22 17:09:47,TD12
0,0,0,dx,ndom,2017-03-22 17:09:48,TD12
0,0,0,dx,ndom,2017-03-22 17:09:49,TD12
0,0,0,dx,ndom,2017-03-22 17:09:50,TD12
0,0,0,dx,ndom,2017-03-22 17:09:51,TD12
0,0,0,dx,ndom,2017-03-22 17:09:52,TD12
0,0,0,dx,ndom,2017-03-22 17:09:53,TD12
0,0,0,dx,ndom,2017-03-22 17:09:54,TD12
0,0,0,dx,ndom,2017-03-22 17:09:55,TD12
0,0,0,dx,ndom,2017-03-22 17:09:56,TD12
0,0,0,dx,ndom,2017-03-22 17:09:57,TD12
0,0,0,dx,ndom,2017-03-22 17:09:58,TD12
0,0,0,dx,ndom,2017-03-22 17:09:59,TD12
0,0,0,dx,ndom,2017-03-22 17:10:00,TD12
0,0,0,dx,ndom,2017-03-22 17:10:01,TD12
0,0,0,dx,ndom,2017-03-22 17:10:02,TD12
0,0,0,dx,ndom,2017-03-22 17:10:03,TD12
0,0,0,dx,ndom,2017-03-22 17:10:04,TD12
10,12,37,dx,ndom,2017-03-22 17:10:05,TD12
0,0,0,sx,dom,2017-06-30 11:54:10,TD13
0,0,0,sx,dom,2017-06-30 11:54:11,TD13
0,0,0,sx,dom,2017-06-30 11:54:12,TD13
0,0,0,sx,dom,2017-06-30 11:54:13,TD13
0,2,0,sx,dom,2017-06-30 11:54:14,TD13
0,0,0,sx,dom,2017-06-30 11:54:15,TD13
0,0,0,sx,dom,2017-06-30 11:54:16,TD13
0,0,0,sx,dom,2017-06-30 11:54:17,TD13
0,0,0,sx,dom,2017-06-30 11:54:18,TD13
0,0,0,sx,dom,2017-06-30 11:54:19,TD13
0,0,0,sx,dom,2017-06-30 11:54:20,TD13
0,0,0,sx,dom,2017-06-30 11:54:21,TD13
0,0,0,sx,dom,2017-06-30 11:54:22,TD13
0,0,0,sx,dom,2017-06-30 11:54:23,TD13
0,0,0,sx,dom,2017-06-30 11:54:24,TD13
0,0,0,sx,dom,2017-06-30 11:54:25,TD13
0,0,0,sx,dom,2017-06-30 11:54:26,TD13
0,0,0,sx,dom,2017-06-30 11:54:27,TD13
0,0,0,sx,dom,2017-06-30 11:54:28,TD13
0,0,0,sx,dom,2017-06-30 11:54:29,TD13
0,0,0,sx,dom,2017-06-30 11:54:30,TD13
0,0,0,sx,dom,2017-06-30 11:54:31,TD13
0,0,0,sx,dom,2017-06-30 11:54:32,TD13
0,0,0,sx,dom,2017-06-30 11:54:33,TD13
0,0,0,sx,dom,2017-06-30 11:54:34,TD13
0,0,0,sx,dom,2017-06-30 11:54:35,TD13
0,0,0,sx,dom,2017-06-30 11:54:36,TD13
0,0,0,sx,dom,2017-06-30 11:54:37,TD13
0,0,0,sx,dom,2017-06-30 11:54:38,TD13
0,0,0,sx,dom,2017-06-30 11:54:39,TD13
0,0,0,sx,dom,2017-06-30 11:54:40,TD13
0,0,0,sx,dom,2017-06-30 11:54:41,TD13
0,0,0,sx,dom,2017-06-30 11:54:42,TD13
0,0,0,sx,dom,2017-06-30 11:54:43,TD13
0,0,0,sx,dom,2017-06-30 11:54:44,TD13
0,0,0,sx,dom,2017-06-30 11:54:45,TD13
0,0,0,sx,dom,2017-06-30 11:54:46,TD13
0,0,0,sx,dom,2017-06-30 11:54:47,TD13
0,0,0,sx,dom,2017-06-30 11:54:48,TD13
0,0,0,sx,dom,2017-06-30 11:54:49,TD13
0,0,0,sx,dom,2017-06-30 11:54:50,TD13
0,0,0,sx,dom,2017-06-30 11:54:51,TD13
0,0,0,sx,dom,2017-06-30 11:54:52,TD13
0,0,0,sx,dom,2017-06-30 11:54:53,TD13
0,0,0,sx,dom,2017-06-30 11:54:54,TD13
0,0,0,sx,dom,2017-06-30 11:54:55,TD13
0,0,0,sx,dom,2017-06-30 11:54:56,TD13
0,0,0,sx,dom,2017-06-30 11:54:57,TD13
0,0,0,sx,dom,2017-06-30 11:54:58,TD13
0,0,0,sx,dom,2017-06-30 11:54:59,TD13
0,0,0,sx,dom,2017-06-30 11:55:00,TD13
0,0,0,sx,dom,2017-06-30 11:55:01,TD13
0,0,0,sx,dom,2017-06-30 11:55:02,TD13
0,0,0,sx,dom,2017-06-30 11:55:03,TD13
0,0,0,sx,dom,2017-06-30 11:55:04,TD13
0,0,0,sx,dom,2017-06-30 11:55:05,TD13
0,0,0,sx,dom,2017-06-30 11:55:06,TD13
0,0,0,sx,dom,2017-06-30 11:55:07,TD13
0,0,0,sx,dom,2017-06-30 11:55:08,TD13
0,0,0,sx,dom,2017-06-30 11:55:09,TD13
6,0,0,sx,dom,2017-06-30 11:55:10,TD13
76,29,93,dx,dom,2017-06-30 11:54:10,TD13
124,24,72,dx,dom,2017-06-30 11:54:11,TD13
60,104,105,dx,dom,2017-06-30 11:54:12,TD13
81,65,87,dx,dom,2017-06-30 11:54:13,TD13
59,105,66,dx,dom,2017-06-30 11:54:14,TD13
44,54,111,dx,dom,2017-06-30 11:54:15,TD13
52,46,76,dx,dom,2017-06-30 11:54:16,TD13
45,59,115,dx,dom,2017-06-30 11:54:17,TD13
77,81,84,dx,dom,2017-06-30 11:54:18,TD13
57,71,108,dx,dom,2017-06-30 11:54:19,TD13
60,45,75,dx,dom,2017-06-30 11:54:20,TD13
49,52,113,dx,dom,2017-06-30 11:54:21,TD13
57,92,73,dx,dom,2017-06-30 11:54:22,TD13
69,100,87,dx,dom,2017-06-30 11:54:23,TD13
85,75,101,dx,dom,2017-06-30 11:54:24,TD13
84,74,112,dx,dom,2017-06-30 11:54:25,TD13
101,66,101,dx,dom,2017-06-30 11:54:26,TD13
49,44,81,dx,dom,2017-06-30 11:54:27,TD13
108,84,94,dx,dom,2017-06-30 11:54:28,TD13
73,43,66,dx,dom,2017-06-30 11:54:29,TD13
65,39,78,dx,dom,2017-06-30 11:54:30,TD13
92,69,85,dx,dom,2017-06-30 11:54:31,TD13
61,55,114,dx,dom,2017-06-30 11:54:32,TD13
32,95,108,dx,dom,2017-06-30 11:54:33,TD13
49,61,63,dx,dom,2017-06-30 11:54:34,TD13
90,101,95,dx,dom,2017-06-30 11:54:35,TD13
35,67,121,dx,dom,2017-06-30 11:54:36,TD13
89,99,70,dx,dom,2017-06-30 11:54:37,TD13
103,57,58,dx,dom,2017-06-30 11:54:38,TD13
74,97,85,dx,dom,2017-06-30 11:54:39,TD13
88,97,65,dx,dom,2017-06-30 11:54:40,TD13
72,97,116,dx,dom,2017-06-30 11:54:41,TD13
84,54,105,dx,dom,2017-06-30 11:54:42,TD13
87,40,120,dx,dom,2017-06-30 11:54:43,TD13
86,35,74,dx,dom,2017-06-30 11:54:44,TD13
63,77,56,dx,dom,2017-06-30 11:54:45,TD13
63,92,81,dx,dom,2017-06-30 11:54:46,TD13
48,103,85,dx,dom,2017-06-30 11:54:47,TD13
53,61,121,dx,dom,2017-06-30 11:54:48,TD13
54,131,52,dx,dom,2017-06-30 11:54:49,TD13
89,93,114,dx,dom,2017-06-30 11:54:50,TD13
90,48,63,dx,dom,2017-06-30 11:54:51,TD13
99,82,96,dx,dom,2017-06-30 11:54:52,TD13
75,131,57,dx,dom,2017-06-30 11:54:53,TD13
112,178,75,dx,dom,2017-06-30 11:54:54,TD13
64,55,68,dx,dom,2017-06-30 11:54:55,TD13
59,100,75,dx,dom,2017-06-30 11:54:56,TD13
84,45,117,dx,dom,2017-06-30 11:54:57,TD13
46,50,96,dx,dom,2017-06-30 11:54:58,TD13
32,66,87,dx,dom,2017-06-30 11:54:59,TD13
65,122,39,dx,dom,2017-06-30 11:55:00,TD13
49,48,63,dx,dom,2017-06-30 11:55:01,TD13
43,58,66,dx,dom,2017-06-30 11:55:02,TD13
42,54,45,dx,dom,2017-06-30 11:55:03,TD13
58,48,74,dx,dom,2017-06-30 11:55:04,TD13
83,55,72,dx,dom,2017-06-30 11:55:05,TD13
84,67,103,dx,dom,2017-06-30 11:55:06,TD13
73,63,60,dx,dom,2017-06-30 11:55:07,TD13
67,53,125,dx,dom,2017-06-30 11:55:08,TD13
81,59,80,dx,dom,2017-06-30 11:55:09,TD13
230,170,143,dx,dom,2017-06-30 11:55:10,TD13
85,62,84,sx,ndom,2017-06-30 11:52:25,TD13
61,56,62,sx,ndom,2017-06-30 11:52:26,TD13
76,16,59,sx,ndom,2017-06-30 11:52:27,TD13
111,75,82,sx,ndom,2017-06-30 11:52:28,TD13
100,89,86,sx,ndom,2017-06-30 11:52:29,TD13
104,118,197,sx,ndom,2017-06-30 11:52:30,TD13
91,86,74,sx,ndom,2017-06-30 11:52:31,TD13
32,13,22,sx,ndom,2017-06-30 11:52:32,TD13
76,57,81,sx,ndom,2017-06-30 11:52:33,TD13
95,47,121,sx,ndom,2017-06-30 11:52:34,TD13
31,55,54,sx,ndom,2017-06-30 11:52:35,TD13
82,67,75,sx,ndom,2017-06-30 11:52:36,TD13
27,72,39,sx,ndom,2017-06-30 11:52:37,TD13
39,84,48,sx,ndom,2017-06-30 11:52:38,TD13
57,52,66,sx,ndom,2017-06-30 11:52:39,TD13
89,52,87,sx,ndom,2017-06-30 11:52:40,TD13
130,75,72,sx,ndom,2017-06-30 11:52:41,TD13
144,107,115,sx,ndom,2017-06-30 11:52:42,TD13
47,76,47,sx,ndom,2017-06-30 11:52:43,TD13
144,140,78,sx,ndom,2017-06-30 11:52:44,TD13
88,56,32,sx,ndom,2017-06-30 11:52:45,TD13
129,37,28,sx,ndom,2017-06-30 11:52:46,TD13
159,62,66,sx,ndom,2017-06-30 11:52:47,TD13
133,43,90,sx,ndom,2017-06-30 11:52:48,TD13
95,69,77,sx,ndom,2017-06-30 11:52:49,TD13
68,87,70,sx,ndom,2017-06-30 11:52:50,TD13
52,139,84,sx,ndom,2017-06-30 11:52:51,TD13
73,95,77,sx,ndom,2017-06-30 11:52:52,TD13
69,108,107,sx,ndom,2017-06-30 11:52:53,TD13
92,36,63,sx,ndom,2017-06-30 11:52:54,TD13
58,92,81,sx,ndom,2017-06-30 11:52:55,TD13
88,157,140,sx,ndom,2017-06-30 11:52:56,TD13
53,94,53,sx,ndom,2017-06-30 11:52:57,TD13
86,92,46,sx,ndom,2017-06-30 11:52:58,TD13
93,54,55,sx,ndom,2017-06-30 11:52:59,TD13
70,49,16,sx,ndom,2017-06-30 11:53:00,TD13
88,41,99,sx,ndom,2017-06-30 11:53:01,TD13
55,43,58,sx,ndom,2017-06-30 11:53:02,TD13
84,65,31,sx,ndom,2017-06-30 11:53:03,TD13
59,27,46,sx,ndom,2017-06-30 11:53:04,TD13
92,201,235,sx,ndom,2017-06-30 11:53:05,TD13
92,82,203,sx,ndom,2017-06-30 11:53:06,TD13
16,31,112,sx,ndom,2017-06-30 11:53:07,TD13
55,63,105,sx,ndom,2017-06-30 11:53:08,TD13
17,24,46,sx,ndom,2017-06-30 11:53:09,TD13
12,23,6,sx,ndom,2017-06-30 11:53:10,TD13
0,16,8,sx,ndom,2017-06-30 11:53:11,TD13
0,0,0,sx,ndom,2017-06-30 11:53:12,TD13
0,0,0,sx,ndom,2017-06-30 11:53:13,TD13
0,0,0,sx,ndom,2017-06-30 11:53:14,TD13
0,0,0,sx,ndom,2017-06-30 11:53:15,TD13
0,0,0,sx,ndom,2017-06-30 11:53:16,TD13
0,0,0,sx,ndom,2017-06-30 11:53:17,TD13
0,0,0,sx,ndom,2017-06-30 11:53:18,TD13
0,0,0,sx,ndom,2017-06-30 11:53:19,TD13
0,0,0,sx,ndom,2017-06-30 11:53:20,TD13
0,0,0,sx,ndom,2017-06-30 11:53:21,TD13
0,0,0,sx,ndom,2017-06-30 11:53:22,TD13
0,0,0,sx,ndom,2017-06-30 11:53:23,TD13
0,0,0,sx,ndom,2017-06-30 11:53:24,TD13
0,0,0,sx,ndom,2017-06-30 11:53:25,TD13
0,0,0,dx,ndom,2017-06-30 11:52:25,TD13
0,0,0,dx,ndom,2017-06-30 11:52:26,TD13
0,0,0,dx,ndom,2017-06-30 11:52:27,TD13
4,0,0,dx,ndom,2017-06-30 11:52:28,TD13
0,0,0,dx,ndom,2017-06-30 11:52:29,TD13
0,0,0,dx,ndom,2017-06-30 11:52:30,TD13
0,0,0,dx,ndom,2017-06-30 11:52:31,TD13
0,0,0,dx,ndom,2017-06-30 11:52:32,TD13
0,0,0,dx,ndom,2017-06-30 11:52:33,TD13
0,0,0,dx,ndom,2017-06-30 11:52:34,TD13
0,0,0,dx,ndom,2017-06-30 11:52:35,TD13
0,0,0,dx,ndom,2017-06-30 11:52:36,TD13
0,0,0,dx,ndom,2017-06-30 11:52:37,TD13
0,0,0,dx,ndom,2017-06-30 11:52:38,TD13
0,0,0,dx,ndom,2017-06-30 11:52:39,TD13
0,0,0,dx,ndom,2017-06-30 11:52:40,TD13
0,0,0,dx,ndom,2017-06-30 11:52:41,TD13
0,0,0,dx,ndom,2017-06-30 11:52:42,TD13
2,0,0,dx,ndom,2017-06-30 11:52:43,TD13
0,1,0,dx,ndom,2017-06-30 11:52:44,TD13
0,0,0,dx,ndom,2017-06-30 11:52:45,TD13
0,3,0,dx,ndom,2017-06-30 11:52:46,TD13
0,0,0,dx,ndom,2017-06-30 11:52:47,TD13
0,0,0,dx,ndom,2017-06-30 11:52:48,TD13
0,0,0,dx,ndom,2017-06-30 11:52:49,TD13
0,0,0,dx,ndom,2017-06-30 11:52:50,TD13
0,0,0,dx,ndom,2017-06-30 11:52:51,TD13
0,0,0,dx,ndom,2017-06-30 11:52:52,TD13
0,0,0,dx,ndom,2017-06-30 11:52:53,TD13
0,0,0,dx,ndom,2017-06-30 11:52:54,TD13
0,0,0,dx,ndom,2017-06-30 11:52:55,TD13
0,0,0,dx,ndom,2017-06-30 11:52:56,TD13
0,0,0,dx,ndom,2017-06-30 11:52:57,TD13
0,0,0,dx,ndom,2017-06-30 11:52:58,TD13
0,0,0,dx,ndom,2017-06-30 11:52:59,TD13
0,0,0,dx,ndom,2017-06-30 11:53:00,TD13
0,0,0,dx,ndom,2017-06-30 11:53:01,TD13
0,0,0,dx,ndom,2017-06-30 11:53:02,TD13
0,0,0,dx,ndom,2017-06-30 11:53:03,TD13
8,0,8,dx,ndom,2017-06-30 11:53:04,TD13
172,176,244,dx,ndom,2017-06-30 11:53:05,TD13
38,11,26,dx,ndom,2017-06-30 11:53:06,TD13
31,2,6,dx,ndom,2017-06-30 11:53:07,TD13
0,54,0,dx,ndom,2017-06-30 11:53:08,TD13
4,17,0,dx,ndom,2017-06-30 11:53:09,TD13
1,12,0,dx,ndom,2017-06-30 11:53:10,TD13
0,0,0,dx,ndom,2017-06-30 11:53:11,TD13
0,0,0,dx,ndom,2017-06-30 11:53:12,TD13
0,0,0,dx,ndom,2017-06-30 11:53:13,TD13
0,0,0,dx,ndom,2017-06-30 11:53:14,TD13
0,0,0,dx,ndom,2017-06-30 11:53:15,TD13
0,0,0,dx,ndom,2017-06-30 11:53:16,TD13
0,0,0,dx,ndom,2017-06-30 11:53:17,TD13
0,0,0,dx,ndom,2017-06-30 11:53:18,TD13
0,0,0,dx,ndom,2017-06-30 11:53:19,TD13
0,0,0,dx,ndom,2017-06-30 11:53:20,TD13
0,0,0,dx,ndom,2017-06-30 11:53:21,TD13
0,0,0,dx,ndom,2017-06-30 11:53:22,TD13
0,0,0,dx,ndom,2017-06-30 11:53:23,TD13
0,0,0,dx,ndom,2017-06-30 11:53:24,TD13
0,0,0,dx,ndom,2017-06-30 11:53:25,TD13
0,0,0,sx,dom,2017-06-30 11:49:10,TD14
0,0,0,sx,dom,2017-06-30 11:49:11,TD14
0,0,0,sx,dom,2017-06-30 11:49:12,TD14
0,0,0,sx,dom,2017-06-30 11:49:13,TD14
0,0,0,sx,dom,2017-06-30 11:49:14,TD14
0,0,0,sx,dom,2017-06-30 11:49:15,TD14
0,0,0,sx,dom,2017-06-30 11:49:16,TD14
0,0,0,sx,dom,2017-06-30 11:49:17,TD14
0,0,0,sx,dom,2017-06-30 11:49:18,TD14
0,0,0,sx,dom,2017-06-30 11:49:19,TD14
0,0,0,sx,dom,2017-06-30 11:49:20,TD14
0,0,0,sx,dom,2017-06-30 11:49:21,TD14
0,0,0,sx,dom,2017-06-30 11:49:22,TD14
0,0,0,sx,dom,2017-06-30 11:49:23,TD14
0,0,0,sx,dom,2017-06-30 11:49:24,TD14
0,0,0,sx,dom,2017-06-30 11:49:25,TD14
0,0,0,sx,dom,2017-06-30 11:49:26,TD14
0,0,0,sx,dom,2017-06-30 11:49:27,TD14
0,0,0,sx,dom,2017-06-30 11:49:28,TD14
0,0,0,sx,dom,2017-06-30 11:49:29,TD14
0,0,0,sx,dom,2017-06-30 11:49:30,TD14
0,0,0,sx,dom,2017-06-30 11:49:31,TD14
5,8,0,sx,dom,2017-06-30 11:49:32,TD14
2,11,0,sx,dom,2017-06-30 11:49:33,TD14
0,11,0,sx,dom,2017-06-30 11:49:34,TD14
0,0,0,sx,dom,2017-06-30 11:49:35,TD14
0,0,0,sx,dom,2017-06-30 11:49:36,TD14
0,0,0,sx,dom,2017-06-30 11:49:37,TD14
0,0,0,sx,dom,2017-06-30 11:49:38,TD14
0,0,0,sx,dom,2017-06-30 11:49:39,TD14
0,0,0,sx,dom,2017-06-30 11:49:40,TD14
0,0,0,sx,dom,2017-06-30 11:49:41,TD14
0,0,0,sx,dom,2017-06-30 11:49:42,TD14
0,0,0,sx,dom,2017-06-30 11:49:43,TD14
0,0,0,sx,dom,2017-06-30 11:49:44,TD14
0,0,0,sx,dom,2017-06-30 11:49:45,TD14
0,0,0,sx,dom,2017-06-30 11:49:46,TD14
0,0,0,sx,dom,2017-06-30 11:49:47,TD14
0,0,0,sx,dom,2017-06-30 11:49:48,TD14
0,0,0,sx,dom,2017-06-30 11:49:49,TD14
0,0,0,sx,dom,2017-06-30 11:49:50,TD14
0,0,0,sx,dom,2017-06-30 11:49:51,TD14
0,0,0,sx,dom,2017-06-30 11:49:52,TD14
0,0,0,sx,dom,2017-06-30 11:49:53,TD14
0,0,0,sx,dom,2017-06-30 11:49:54,TD14
0,0,0,sx,dom,2017-06-30 11:49:55,TD14
0,0,0,sx,dom,2017-06-30 11:49:56,TD14
0,0,0,sx,dom,2017-06-30 11:49:57,TD14
0,0,0,sx,dom,2017-06-30 11:49:58,TD14
0,0,0,sx,dom,2017-06-30 11:49:59,TD14
0,0,0,sx,dom,2017-06-30 11:50:00,TD14
0,2,5,sx,dom,2017-06-30 11:50:01,TD14
0,0,0,sx,dom,2017-06-30 11:50:02,TD14
0,0,0,sx,dom,2017-06-30 11:50:03,TD14
0,0,0,sx,dom,2017-06-30 11:50:04,TD14
0,0,0,sx,dom,2017-06-30 11:50:05,TD14
0,0,0,sx,dom,2017-06-30 11:50:06,TD14
0,0,0,sx,dom,2017-06-30 11:50:07,TD14
0,0,0,sx,dom,2017-06-30 11:50:08,TD14
2,12,32,sx,dom,2017-06-30 11:50:09,TD14
221,82,122,sx,dom,2017-06-30 11:50:10,TD14
173,84,95,dx,dom,2017-06-30 11:49:10,TD14
140,106,82,dx,dom,2017-06-30 11:49:11,TD14
139,39,83,dx,dom,2017-06-30 11:49:12,TD14
113,90,52,dx,dom,2017-06-30 11:49:13,TD14
54,35,58,dx,dom,2017-06-30 11:49:14,TD14
100,34,78,dx,dom,2017-06-30 11:49:15,TD14
117,77,52,dx,dom,2017-06-30 11:49:16,TD14
88,77,82,dx,dom,2017-06-30 11:49:17,TD14
88,72,97,dx,dom,2017-06-30 11:49:18,TD14
79,114,77,dx,dom,2017-06-30 11:49:19,TD14
80,113,100,dx,dom,2017-06-30 11:49:20,TD14
55,72,101,dx,dom,2017-06-30 11:49:21,TD14
85,137,75,dx,dom,2017-06-30 11:49:22,TD14
43,74,65,dx,dom,2017-06-30 11:49:23,TD14
59,51,77,dx,dom,2017-06-30 11:49:24,TD14
82,75,97,dx,dom,2017-06-30 11:49:25,TD14
140,120,82,dx,dom,2017-06-30 11:49:26,TD14
88,106,61,dx,dom,2017-06-30 11:49:27,TD14
91,117,83,dx,dom,2017-06-30 11:49:28,TD14
130,71,64,dx,dom,2017-06-30 11:49:29,TD14
122,98,93,dx,dom,2017-06-30 11:49:30,TD14
111,75,80,dx,dom,2017-06-30 11:49:31,TD14
132,91,91,dx,dom,2017-06-30 11:49:32,TD14
121,83,64,dx,dom,2017-06-30 11:49:33,TD14
178,121,55,dx,dom,2017-06-30 11:49:34,TD14
141,75,70,dx,dom,2017-06-30 11:49:35,TD14
84,94,67,dx,dom,2017-06-30 11:49:36,TD14
81,61,90,dx,dom,2017-06-30 11:49:37,TD14
53,56,92,dx,dom,2017-06-30 11:49:38,TD14
71,93,79,dx,dom,2017-06-30 11:49:39,TD14
73,93,96,dx,dom,2017-06-30 11:49:40,TD14
97,51,66,dx,dom,2017-06-30 11:49:41,TD14
122,67,67,dx,dom,2017-06-30 11:49:42,TD14
114,69,76,dx,dom,2017-06-30 11:49:43,TD14
74,65,77,dx,dom,2017-06-30 11:49:44,TD14
53,47,82,dx,dom,2017-06-30 11:49:45,TD14
64,63,55,dx,dom,2017-06-30 11:49:46,TD14
59,58,43,dx,dom,2017-06-30 11:49:47,TD14
98,118,93,dx,dom,2017-06-30 11:49:48,TD14
94,112,99,dx,dom,2017-06-30 11:49:49,TD14
75,63,91,dx,dom,2017-06-30 11:49:50,TD14
75,73,98,dx,dom,2017-06-30 11:49:51,TD14
59,86,91,dx,dom,2017-06-30 11:49:52,TD14
63,57,53,dx,dom,2017-06-30 11:49:53,TD14
66,130,74,dx,dom,2017-06-30 11:49:54,TD14
55,74,89,dx,dom,2017-06-30 11:49:55,TD14
66,81,75,dx,dom,2017-06-30 11:49:56,TD14
93,79,76,dx,dom,2017-06-30 11:49:57,TD14
77,80,68,dx,dom,2017-06-30 11:49:58,TD14
61,83,73,dx,dom,2017-06-30 11:49:59,TD14
64,61,86,dx,dom,2017-06-30 11:50:00,TD14
125,87,80,dx,dom,2017-06-30 11:50:01,TD14
93,114,118,dx,dom,2017-06-30 11:50:02,TD14
54,70,86,dx,dom,2017-06-30 11:50:03,TD14
60,83,77,dx,dom,2017-06-30 11:50:04,TD14
64,97,63,dx,dom,2017-06-30 11:50:05,TD14
68,99,48,dx,dom,2017-06-30 11:50:06,TD14
61,71,33,dx,dom,2017-06-30 11:50:07,TD14
79,90,54,dx,dom,2017-06-30 11:50:08,TD14
88,72,87,dx,dom,2017-06-30 11:50:09,TD14
42,13,5,dx,dom,2017-06-30 11:50:10,TD14
170,81,78,sx,ndom,2017-06-30 11:46:30,TD14
129,78,92,sx,ndom,2017-06-30 11:46:31,TD14
206,40,74,sx,ndom,2017-06-30 11:46:32,TD14
197,66,115,sx,ndom,2017-06-30 11:46:33,TD14
177,129,127,sx,ndom,2017-06-30 11:46:34,TD14
138,106,99,sx,ndom,2017-06-30 11:46:35,TD14
124,107,124,sx,ndom,2017-06-30 11:46:36,TD14
171,95,157,sx,ndom,2017-06-30 11:46:37,TD14
129,83,118,sx,ndom,2017-06-30 11:46:38,TD14
114,81,126,sx,ndom,2017-06-30 11:46:39,TD14
218,114,151,sx,ndom,2017-06-30 11:46:40,TD14
111,82,137,sx,ndom,2017-06-30 11:46:41,TD14
140,116,136,sx,ndom,2017-06-30 11:46:42,TD14
180,211,121,sx,ndom,2017-06-30 11:46:43,TD14
131,80,124,sx,ndom,2017-06-30 11:46:44,TD14
106,158,113,sx,ndom,2017-06-30 11:46:45,TD14
98,115,101,sx,ndom,2017-06-30 11:46:46,TD14
193,134,205,sx,ndom,2017-06-30 11:46:47,TD14
167,120,114,sx,ndom,2017-06-30 11:46:48,TD14
138,71,86,sx,ndom,2017-06-30 11:46:49,TD14
152,77,126,sx,ndom,2017-06-30 11:46:50,TD14
116,93,92,sx,ndom,2017-06-30 11:46:51,TD14
162,112,144,sx,ndom,2017-06-30 11:46:52,TD14
193,105,124,sx,ndom,2017-06-30 11:46:53,TD14
179,69,102,sx,ndom,2017-06-30 11:46:54,TD14
139,82,100,sx,ndom,2017-06-30 11:46:55,TD14
128,123,92,sx,ndom,2017-06-30 11:46:56,TD14
221,138,73,sx,ndom,2017-06-30 11:46:57,TD14
165,116,67,sx,ndom,2017-06-30 11:46:58,TD14
148,108,76,sx,ndom,2017-06-30 11:46:59,TD14
101,140,103,sx,ndom,2017-06-30 11:47:00,TD14
71,135,116,sx,ndom,2017-06-30 11:47:01,TD14
96,114,87,sx,ndom,2017-06-30 11:47:02,TD14
105,195,101,sx,ndom,2017-06-30 11:47:03,TD14
80,112,103,sx,ndom,2017-06-30 11:47:04,TD14
105,92,89,sx,ndom,2017-06-30 11:47:05,TD14
160,108,65,sx,ndom,2017-06-30 11:47:06,TD14
215,118,123,sx,ndom,2017-06-30 11:47:07,TD14
200,97,74,sx,ndom,2017-06-30 11:47:08,TD14
180,78,106,sx,ndom,2017-06-30 11:47:09,TD14
170,131,88,sx,ndom,2017-06-30 11:47:10,TD14
119,78,122,sx,ndom,2017-06-30 11:47:11,TD14
88,77,91,sx,ndom,2017-06-30 11:47:12,TD14
96,156,86,sx,ndom,2017-06-30 11:47:13,TD14
138,117,122,sx,ndom,2017-06-30 11:47:14,TD14
120,120,96,sx,ndom,2017-06-30 11:47:15,TD14
152,166,84,sx,ndom,2017-06-30 11:47:16,TD14
119,109,99,sx,ndom,2017-06-30 11:47:17,TD14
115,141,144,sx,ndom,2017-06-30 11:47:18,TD14
109,104,114,sx,ndom,2017-06-30 11:47:19,TD14
114,77,81,sx,ndom,2017-06-30 11:47:20,TD14
114,84,98,sx,ndom,2017-06-30 11:47:21,TD14
90,94,71,sx,ndom,2017-06-30 11:47:22,TD14
101,75,83,sx,ndom,2017-06-30 11:47:23,TD14
116,65,100,sx,ndom,2017-06-30 11:47:24,TD14
65,57,114,sx,ndom,2017-06-30 11:47:25,TD14
99,42,116,sx,ndom,2017-06-30 11:47:26,TD14
133,103,60,sx,ndom,2017-06-30 11:47:27,TD14
105,98,81,sx,ndom,2017-06-30 11:47:28,TD14
101,51,58,sx,ndom,2017-06-30 11:47:29,TD14
56,56,22,sx,ndom,2017-06-30 11:47:30,TD14
0,0,0,dx,ndom,2017-06-30 11:46:30,TD14
0,0,0,dx,ndom,2017-06-30 11:46:31,TD14
0,0,0,dx,ndom,2017-06-30 11:46:32,TD14
0,0,0,dx,ndom,2017-06-30 11:46:33,TD14
0,0,0,dx,ndom,2017-06-30 11:46:34,TD14
0,0,0,dx,ndom,2017-06-30 11:46:35,TD14
0,0,0,dx,ndom,2017-06-30 11:46:36,TD14
0,0,0,dx,ndom,2017-06-30 11:46:37,TD14
0,0,0,dx,ndom,2017-06-30 11:46:38,TD14
0,0,0,dx,ndom,2017-06-30 11:46:39,TD14
0,0,0,dx,ndom,2017-06-30 11:46:40,TD14
0,0,0,dx,ndom,2017-06-30 11:46:41,TD14
0,0,0,dx,ndom,2017-06-30 11:46:42,TD14
0,0,0,dx,ndom,2017-06-30 11:46:43,TD14
0,0,0,dx,ndom,2017-06-30 11:46:44,TD14
0,0,0,dx,ndom,2017-06-30 11:46:45,TD14
0,0,0,dx,ndom,2017-06-30 11:46:46,TD14
0,0,0,dx,ndom,2017-06-30 11:46:47,TD14
0,0,0,dx,ndom,2017-06-30 11:46:48,TD14
10,0,3,dx,ndom,2017-06-30 11:46:49,TD14
0,0,0,dx,ndom,2017-06-30 11:46:50,TD14
0,0,0,dx,ndom,2017-06-30 11:46:51,TD14
0,0,0,dx,ndom,2017-06-30 11:46:52,TD14
0,0,0,dx,ndom,2017-06-30 11:46:53,TD14
0,14,4,dx,ndom,2017-06-30 11:46:54,TD14
0,0,0,dx,ndom,2017-06-30 11:46:55,TD14
0,0,0,dx,ndom,2017-06-30 11:46:56,TD14
0,0,0,dx,ndom,2017-06-30 11:46:57,TD14
0,0,0,dx,ndom,2017-06-30 11:46:58,TD14
0,0,0,dx,ndom,2017-06-30 11:46:59,TD14
0,0,0,dx,ndom,2017-06-30 11:47:00,TD14
0,0,0,dx,ndom,2017-06-30 11:47:01,TD14
0,0,0,dx,ndom,2017-06-30 11:47:02,TD14
0,0,0,dx,ndom,2017-06-30 11:47:03,TD14
0,0,0,dx,ndom,2017-06-30 11:47:04,TD14
0,0,0,dx,ndom,2017-06-30 11:47:05,TD14
0,0,0,dx,ndom,2017-06-30 11:47:06,TD14
0,0,0,dx,ndom,2017-06-30 11:47:07,TD14
0,0,0,dx,ndom,2017-06-30 11:47:08,TD14
0,0,0,dx,ndom,2017-06-30 11:47:09,TD14
0,0,0,dx,ndom,2017-06-30 11:47:10,TD14
0,0,0,dx,ndom,2017-06-30 11:47:11,TD14
0,0,0,dx,ndom,2017-06-30 11:47:12,TD14
0,0,0,dx,ndom,2017-06-30 11:47:13,TD14
0,0,0,dx,ndom,2017-06-30 11:47:14,TD14
0,0,0,dx,ndom,2017-06-30 11:47:15,TD14
0,0,0,dx,ndom,2017-06-30 11:47:16,TD14
0,0,0,dx,ndom,2017-06-30 11:47:17,TD14
0,0,0,dx,ndom,2017-06-30 11:47:18,TD14
0,0,0,dx,ndom,2017-06-30 11:47:19,TD14
0,0,0,dx,ndom,2017-06-30 11:47:20,TD14
0,0,0,dx,ndom,2017-06-30 11:47:21,TD14
0,0,0,dx,ndom,2017-06-30 11:47:22,TD14
0,0,0,dx,ndom,2017-06-30 11:47:23,TD14
0,0,0,dx,ndom,2017-06-30 11:47:24,TD14
0,0,0,dx,ndom,2017-06-30 11:47:25,TD14
0,0,0,dx,ndom,2017-06-30 11:47:26,TD14
0,0,0,dx,ndom,2017-06-30 11:47:27,TD14
0,0,0,dx,ndom,2017-06-30 11:47:28,TD14
2,1,0,dx,ndom,2017-06-30 11:47:29,TD14
97,44,49,dx,ndom,2017-06-30 11:47:30,TD14
0,39,12,sx,dom,2017-07-27 14:11:30,TD15
0,20,0,sx,dom,2017-07-27 14:11:31,TD15
0,0,0,sx,dom,2017-07-27 14:11:32,TD15
0,3,0,sx,dom,2017-07-27 14:11:33,TD15
0,7,0,sx,dom,2017-07-27 14:11:34,TD15
2,0,0,sx,dom,2017-07-27 14:11:35,TD15
12,4,0,sx,dom,2017-07-27 14:11:36,TD15
0,0,0,sx,dom,2017-07-27 14:11:37,TD15
17,7,0,sx,dom,2017-07-27 14:11:38,TD15
0,0,0,sx,dom,2017-07-27 14:11:39,TD15
0,0,0,sx,dom,2017-07-27 14:11:40,TD15
0,0,0,sx,dom,2017-07-27 14:11:41,TD15
0,0,0,sx,dom,2017-07-27 14:11:42,TD15
16,12,0,sx,dom,2017-07-27 14:11:43,TD15
23,10,0,sx,dom,2017-07-27 14:11:44,TD15
0,0,0,sx,dom,2017-07-27 14:11:45,TD15
0,0,0,sx,dom,2017-07-27 14:11:46,TD15
0,0,0,sx,dom,2017-07-27 14:11:47,TD15
0,0,0,sx,dom,2017-07-27 14:11:48,TD15
0,0,0,sx,dom,2017-07-27 14:11:49,TD15
0,0,0,sx,dom,2017-07-27 14:11:50,TD15
0,0,0,sx,dom,2017-07-27 14:11:51,TD15
7,0,0,sx,dom,2017-07-27 14:11:52,TD15
0,0,0,sx,dom,2017-07-27 14:11:53,TD15
8,0,0,sx,dom,2017-07-27 14:11:54,TD15
0,0,0,sx,dom,2017-07-27 14:11:55,TD15
0,0,0,sx,dom,2017-07-27 14:11:56,TD15
0,0,0,sx,dom,2017-07-27 14:11:57,TD15
0,0,0,sx,dom,2017-07-27 14:11:58,TD15
0,0,0,sx,dom,2017-07-27 14:11:59,TD15
10,0,0,sx,dom,2017-07-27 14:12:00,TD15
0,0,0,sx,dom,2017-07-27 14:12:01,TD15
0,0,0,sx,dom,2017-07-27 14:12:02,TD15
0,0,0,sx,dom,2017-07-27 14:12:03,TD15
0,0,0,sx,dom,2017-07-27 14:12:04,TD15
0,0,0,sx,dom,2017-07-27 14:12:05,TD15
0,0,0,sx,dom,2017-07-27 14:12:06,TD15
0,0,0,sx,dom,2017-07-27 14:12:07,TD15
6,0,0,sx,dom,2017-07-27 14:12:08,TD15
2,0,0,sx,dom,2017-07-27 14:12:09,TD15
11,0,0,sx,dom,2017-07-27 14:12:10,TD15
0,0,0,sx,dom,2017-07-27 14:12:11,TD15
0,0,0,sx,dom,2017-07-27 14:12:12,TD15
0,0,0,sx,dom,2017-07-27 14:12:13,TD15
0,0,0,sx,dom,2017-07-27 14:12:14,TD15
2,0,0,sx,dom,2017-07-27 14:12:15,TD15
0,0,0,sx,dom,2017-07-27 14:12:16,TD15
0,0,0,sx,dom,2017-07-27 14:12:17,TD15
0,0,0,sx,dom,2017-07-27 14:12:18,TD15
31,0,0,sx,dom,2017-07-27 14:12:19,TD15
0,0,0,sx,dom,2017-07-27 14:12:20,TD15
93,90,76,sx,dom,2017-07-27 14:12:21,TD15
63,75,48,sx,dom,2017-07-27 14:12:22,TD15
59,58,44,sx,dom,2017-07-27 14:12:23,TD15
0,0,0,sx,dom,2017-07-27 14:12:24,TD15
0,8,0,sx,dom,2017-07-27 14:12:25,TD15
13,0,0,sx,dom,2017-07-27 14:12:26,TD15
14,6,4,sx,dom,2017-07-27 14:12:27,TD15
16,0,0,sx,dom,2017-07-27 14:12:28,TD15
21,41,60,sx,dom,2017-07-27 14:12:29,TD15
41,38,32,sx,dom,2017-07-27 14:12:30,TD15
101,57,34,dx,dom,2017-07-27 14:11:30,TD15
255,236,111,dx,dom,2017-07-27 14:11:31,TD15
26,137,59,dx,dom,2017-07-27 14:11:32,TD15
163,82,104,dx,dom,2017-07-27 14:11:33,TD15
186,210,153,dx,dom,2017-07-27 14:11:34,TD15
247,213,161,dx,dom,2017-07-27 14:11:35,TD15
181,90,105,dx,dom,2017-07-27 14:11:36,TD15
78,68,13,dx,dom,2017-07-27 14:11:37,TD15
235,233,128,dx,dom,2017-07-27 14:11:38,TD15
43,48,74,dx,dom,2017-07-27 14:11:39,TD15
80,40,55,dx,dom,2017-07-27 14:11:40,TD15
103,157,70,dx,dom,2017-07-27 14:11:41,TD15
125,207,72,dx,dom,2017-07-27 14:11:42,TD15
146,133,62,dx,dom,2017-07-27 14:11:43,TD15
195,279,132,dx,dom,2017-07-27 14:11:44,TD15
162,111,109,dx,dom,2017-07-27 14:11:45,TD15
108,150,64,dx,dom,2017-07-27 14:11:46,TD15
140,152,77,dx,dom,2017-07-27 14:11:47,TD15
41,43,25,dx,dom,2017-07-27 14:11:48,TD15
7,36,0,dx,dom,2017-07-27 14:11:49,TD15
210,341,125,dx,dom,2017-07-27 14:11:50,TD15
58,110,121,dx,dom,2017-07-27 14:11:51,TD15
173,106,79,dx,dom,2017-07-27 14:11:52,TD15
155,64,74,dx,dom,2017-07-27 14:11:53,TD15
148,194,65,dx,dom,2017-07-27 14:11:54,TD15
188,138,96,dx,dom,2017-07-27 14:11:55,TD15
58,6,20,dx,dom,2017-07-27 14:11:56,TD15
98,83,32,dx,dom,2017-07-27 14:11:57,TD15
196,181,115,dx,dom,2017-07-27 14:11:58,TD15
30,19,12,dx,dom,2017-07-27 14:11:59,TD15
175,153,113,dx,dom,2017-07-27 14:12:00,TD15
69,65,29,dx,dom,2017-07-27 14:12:01,TD15
137,190,80,dx,dom,2017-07-27 14:12:02,TD15
143,82,8,dx,dom,2017-07-27 14:12:03,TD15
5,48,8,dx,dom,2017-07-27 14:12:04,TD15
63,27,12,dx,dom,2017-07-27 14:12:05,TD15
84,73,46,dx,dom,2017-07-27 14:12:06,TD15
200,140,120,dx,dom,2017-07-27 14:12:07,TD15
52,64,16,dx,dom,2017-07-27 14:12:08,TD15
124,109,81,dx,dom,2017-07-27 14:12:09,TD15
139,216,50,dx,dom,2017-07-27 14:12:10,TD15
95,114,77,dx,dom,2017-07-27 14:12:11,TD15
97,91,27,dx,dom,2017-07-27 14:12:12,TD15
120,122,59,dx,dom,2017-07-27 14:12:13,TD15
156,176,107,dx,dom,2017-07-27 14:12:14,TD15
133,90,48,dx,dom,2017-07-27 14:12:15,TD15
153,33,58,dx,dom,2017-07-27 14:12:16,TD15
163,196,98,dx,dom,2017-07-27 14:12:17,TD15
116,72,51,dx,dom,2017-07-27 14:12:18,TD15
161,112,53,dx,dom,2017-07-27 14:12:19,TD15
111,138,45,dx,dom,2017-07-27 14:12:20,TD15
174,148,102,dx,dom,2017-07-27 14:12:21,TD15
135,36,163,dx,dom,2017-07-27 14:12:22,TD15
228,36,85,dx,dom,2017-07-27 14:12:23,TD15
63,88,0,dx,dom,2017-07-27 14:12:24,TD15
10,55,28,dx,dom,2017-07-27 14:12:25,TD15
64,122,124,dx,dom,2017-07-27 14:12:26,TD15
167,220,151,dx,dom,2017-07-27 14:12:27,TD15
103,116,62,dx,dom,2017-07-27 14:12:28,TD15
146,264,135,dx,dom,2017-07-27 14:12:29,TD15
106,202,102,dx,dom,2017-07-27 14:12:30,TD15
234,219,155,sx,ndom,2017-07-27 14:09:10,TD15
246,107,118,sx,ndom,2017-07-27 14:09:11,TD15
125,74,156,sx,ndom,2017-07-27 14:09:12,TD15
183,156,122,sx,ndom,2017-07-27 14:09:13,TD15
275,212,154,sx,ndom,2017-07-27 14:09:14,TD15
99,126,91,sx,ndom,2017-07-27 14:09:15,TD15
183,215,123,sx,ndom,2017-07-27 14:09:16,TD15
54,118,77,sx,ndom,2017-07-27 14:09:17,TD15
88,54,50,sx,ndom,2017-07-27 14:09:18,TD15
96,132,13,sx,ndom,2017-07-27 14:09:19,TD15
132,138,56,sx,ndom,2017-07-27 14:09:20,TD15
89,137,37,sx,ndom,2017-07-27 14:09:21,TD15
83,85,7,sx,ndom,2017-07-27 14:09:22,TD15
54,36,12,sx,ndom,2017-07-27 14:09:23,TD15
129,100,50,sx,ndom,2017-07-27 14:09:24,TD15
102,139,78,sx,ndom,2017-07-27 14:09:25,TD15
57,129,35,sx,ndom,2017-07-27 14:09:26,TD15
104,194,37,sx,ndom,2017-07-27 14:09:27,TD15
66,87,31,sx,ndom,2017-07-27 14:09:28,TD15
49,86,44,sx,ndom,2017-07-27 14:09:29,TD15
87,147,40,sx,ndom,2017-07-27 14:09:30,TD15
108,75,41,sx,ndom,2017-07-27 14:09:31,TD15
106,98,25,sx,ndom,2017-07-27 14:09:32,TD15
90,156,47,sx,ndom,2017-07-27 14:09:33,TD15
78,81,50,sx,ndom,2017-07-27 14:09:34,TD15
68,112,64,sx,ndom,2017-07-27 14:09:35,TD15
120,102,41,sx,ndom,2017-07-27 14:09:36,TD15
57,61,9,sx,ndom,2017-07-27 14:09:37,TD15
129,128,85,sx,ndom,2017-07-27 14:09:38,TD15
57,129,26,sx,ndom,2017-07-27 14:09:39,TD15
121,90,57,sx,ndom,2017-07-27 14:09:40,TD15
46,70,22,sx,ndom,2017-07-27 14:09:41,TD15
161,149,82,sx,ndom,2017-07-27 14:09:42,TD15
81,129,57,sx,ndom,2017-07-27 14:09:43,TD15
51,74,30,sx,ndom,2017-07-27 14:09:44,TD15
121,170,78,sx,ndom,2017-07-27 14:09:45,TD15
72,64,26,sx,ndom,2017-07-27 14:09:46,TD15
158,85,47,sx,ndom,2017-07-27 14:09:47,TD15
30,47,18,sx,ndom,2017-07-27 14:09:48,TD15
20,94,31,sx,ndom,2017-07-27 14:09:49,TD15
74,63,49,sx,ndom,2017-07-27 14:09:50,TD15
119,119,30,sx,ndom,2017-07-27 14:09:51,TD15
133,156,49,sx,ndom,2017-07-27 14:09:52,TD15
63,141,38,sx,ndom,2017-07-27 14:09:53,TD15
164,144,58,sx,ndom,2017-07-27 14:09:54,TD15
85,173,55,sx,ndom,2017-07-27 14:09:55,TD15
65,49,44,sx,ndom,2017-07-27 14:09:56,TD15
11,39,4,sx,ndom,2017-07-27 14:09:57,TD15
124,139,35,sx,ndom,2017-07-27 14:09:58,TD15
100,154,40,sx,ndom,2017-07-27 14:09:59,TD15
41,45,15,sx,ndom,2017-07-27 14:10:00,TD15
161,96,87,sx,ndom,2017-07-27 14:10:01,TD15
92,65,23,sx,ndom,2017-07-27 14:10:02,TD15
169,156,66,sx,ndom,2017-07-27 14:10:03,TD15
75,144,27,sx,ndom,2017-07-27 14:10:04,TD15
101,94,27,sx,ndom,2017-07-27 14:10:05,TD15
105,97,42,sx,ndom,2017-07-27 14:10:06,TD15
138,116,53,sx,ndom,2017-07-27 14:10:07,TD15
89,80,43,sx,ndom,2017-07-27 14:10:08,TD15
18,74,38,sx,ndom,2017-07-27 14:10:09,TD15
161,120,89,sx,ndom,2017-07-27 14:10:10,TD15
0,14,0,dx,ndom,2017-07-27 14:09:10,TD15
0,0,0,dx,ndom,2017-07-27 14:09:11,TD15
0,20,0,dx,ndom,2017-07-27 14:09:12,TD15
0,0,0,dx,ndom,2017-07-27 14:09:13,TD15
0,3,0,dx,ndom,2017-07-27 14:09:14,TD15
0,0,0,dx,ndom,2017-07-27 14:09:15,TD15
0,3,0,dx,ndom,2017-07-27 14:09:16,TD15
0,13,0,dx,ndom,2017-07-27 14:09:17,TD15
0,0,0,dx,ndom,2017-07-27 14:09:18,TD15
0,0,0,dx,ndom,2017-07-27 14:09:19,TD15
0,0,0,dx,ndom,2017-07-27 14:09:20,TD15
0,0,0,dx,ndom,2017-07-27 14:09:21,TD15
0,0,0,dx,ndom,2017-07-27 14:09:22,TD15
0,0,0,dx,ndom,2017-07-27 14:09:23,TD15
0,0,0,dx,ndom,2017-07-27 14:09:24,TD15
0,2,0,dx,ndom,2017-07-27 14:09:25,TD15
0,4,0,dx,ndom,2017-07-27 14:09:26,TD15
0,0,0,dx,ndom,2017-07-27 14:09:27,TD15
0,0,0,dx,ndom,2017-07-27 14:09:28,TD15
0,0,0,dx,ndom,2017-07-27 14:09:29,TD15
0,0,0,dx,ndom,2017-07-27 14:09:30,TD15
0,0,0,dx,ndom,2017-07-27 14:09:31,TD15
0,0,0,dx,ndom,2017-07-27 14:09:32,TD15
0,0,0,dx,ndom,2017-07-27 14:09:33,TD15
0,0,0,dx,ndom,2017-07-27 14:09:34,TD15
0,0,0,dx,ndom,2017-07-27 14:09:35,TD15
0,0,0,dx,ndom,2017-07-27 14:09:36,TD15
0,0,0,dx,ndom,2017-07-27 14:09:37,TD15
0,0,0,dx,ndom,2017-07-27 14:09:38,TD15
0,0,0,dx,ndom,2017-07-27 14:09:39,TD15
0,0,0,dx,ndom,2017-07-27 14:09:40,TD15
0,0,0,dx,ndom,2017-07-27 14:09:41,TD15
0,0,0,dx,ndom,2017-07-27 14:09:42,TD15
0,6,0,dx,ndom,2017-07-27 14:09:43,TD15
0,0,0,dx,ndom,2017-07-27 14:09:44,TD15
0,0,0,dx,ndom,2017-07-27 14:09:45,TD15
0,0,0,dx,ndom,2017-07-27 14:09:46,TD15
0,0,0,dx,ndom,2017-07-27 14:09:47,TD15
0,0,0,dx,ndom,2017-07-27 14:09:48,TD15
0,0,0,dx,ndom,2017-07-27 14:09:49,TD15
0,0,0,dx,ndom,2017-07-27 14:09:50,TD15
0,0,0,dx,ndom,2017-07-27 14:09:51,TD15
0,0,0,dx,ndom,2017-07-27 14:09:52,TD15
0,0,0,dx,ndom,2017-07-27 14:09:53,TD15
0,0,0,dx,ndom,2017-07-27 14:09:54,TD15
0,0,0,dx,ndom,2017-07-27 14:09:55,TD15
0,0,0,dx,ndom,2017-07-27 14:09:56,TD15
0,0,0,dx,ndom,2017-07-27 14:09:57,TD15
0,0,0,dx,ndom,2017-07-27 14:09:58,TD15
0,0,0,dx,ndom,2017-07-27 14:09:59,TD15
0,0,0,dx,ndom,2017-07-27 14:10:00,TD15
0,0,0,dx,ndom,2017-07-27 14:10:01,TD15
0,0,0,dx,ndom,2017-07-27 14:10:02,TD15
0,0,0,dx,ndom,2017-07-27 14:10:03,TD15
0,0,0,dx,ndom,2017-07-27 14:10:04,TD15
0,0,0,dx,ndom,2017-07-27 14:10:05,TD15
0,0,0,dx,ndom,2017-07-27 14:10:06,TD15
0,0,0,dx,ndom,2017-07-27 14:10:07,TD15
0,0,0,dx,ndom,2017-07-27 14:10:08,TD15
0,0,0,dx,ndom,2017-07-27 14:10:09,TD15
6,8,7,dx,ndom,2017-07-27 14:10:10,TD15
0,0,0,sx,dom,2017-07-27 14:44:30,TD16
0,0,0,sx,dom,2017-07-27 14:44:31,TD16
0,0,0,sx,dom,2017-07-27 14:44:32,TD16
0,0,0,sx,dom,2017-07-27 14:44:33,TD16
0,0,0,sx,dom,2017-07-27 14:44:34,TD16
0,0,0,sx,dom,2017-07-27 14:44:35,TD16
0,0,0,sx,dom,2017-07-27 14:44:36,TD16
0,0,0,sx,dom,2017-07-27 14:44:37,TD16
0,0,0,sx,dom,2017-07-27 14:44:38,TD16
0,0,0,sx,dom,2017-07-27 14:44:39,TD16
0,0,0,sx,dom,2017-07-27 14:44:40,TD16
0,0,0,sx,dom,2017-07-27 14:44:41,TD16
0,0,0,sx,dom,2017-07-27 14:44:42,TD16
0,0,0,sx,dom,2017-07-27 14:44:43,TD16
0,0,0,sx,dom,2017-07-27 14:44:44,TD16
0,0,0,sx,dom,2017-07-27 14:44:45,TD16
0,0,0,sx,dom,2017-07-27 14:44:46,TD16
0,0,0,sx,dom,2017-07-27 14:44:47,TD16
0,0,0,sx,dom,2017-07-27 14:44:48,TD16
0,0,0,sx,dom,2017-07-27 14:44:49,TD16
0,0,0,sx,dom,2017-07-27 14:44:50,TD16
0,0,0,sx,dom,2017-07-27 14:44:51,TD16
0,0,0,sx,dom,2017-07-27 14:44:52,TD16
0,0,0,sx,dom,2017-07-27 14:44:53,TD16
0,0,0,sx,dom,2017-07-27 14:44:54,TD16
0,0,0,sx,dom,2017-07-27 14:44:55,TD16
0,0,0,sx,dom,2017-07-27 14:44:56,TD16
0,0,0,sx,dom,2017-07-27 14:44:57,TD16
0,0,0,sx,dom,2017-07-27 14:44:58,TD16
0,0,0,sx,dom,2017-07-27 14:44:59,TD16
0,0,0,sx,dom,2017-07-27 14:45:00,TD16
0,0,0,sx,dom,2017-07-27 14:45:01,TD16
0,0,0,sx,dom,2017-07-27 14:45:02,TD16
0,0,0,sx,dom,2017-07-27 14:45:03,TD16
0,0,0,sx,dom,2017-07-27 14:45:04,TD16
0,0,0,sx,dom,2017-07-27 14:45:05,TD16
0,0,0,sx,dom,2017-07-27 14:45:06,TD16
0,0,0,sx,dom,2017-07-27 14:45:07,TD16
0,0,0,sx,dom,2017-07-27 14:45:08,TD16
0,0,0,sx,dom,2017-07-27 14:45:09,TD16
0,0,0,sx,dom,2017-07-27 14:45:10,TD16
0,0,0,sx,dom,2017-07-27 14:45:11,TD16
0,0,0,sx,dom,2017-07-27 14:45:12,TD16
0,0,0,sx,dom,2017-07-27 14:45:13,TD16
0,0,0,sx,dom,2017-07-27 14:45:14,TD16
0,0,0,sx,dom,2017-07-27 14:45:15,TD16
0,0,0,sx,dom,2017-07-27 14:45:16,TD16
0,0,0,sx,dom,2017-07-27 14:45:17,TD16
0,0,0,sx,dom,2017-07-27 14:45:18,TD16
0,0,0,sx,dom,2017-07-27 14:45:19,TD16
0,0,0,sx,dom,2017-07-27 14:45:20,TD16
0,0,0,sx,dom,2017-07-27 14:45:21,TD16
0,0,0,sx,dom,2017-07-27 14:45:22,TD16
0,0,0,sx,dom,2017-07-27 14:45:23,TD16
0,0,0,sx,dom,2017-07-27 14:45:24,TD16
0,0,0,sx,dom,2017-07-27 14:45:25,TD16
0,0,0,sx,dom,2017-07-27 14:45:26,TD16
0,0,0,sx,dom,2017-07-27 14:45:27,TD16
0,0,0,sx,dom,2017-07-27 14:45:28,TD16
0,0,0,sx,dom,2017-07-27 14:45:29,TD16
55,57,77,sx,dom,2017-07-27 14:45:30,TD16
71,144,60,dx,dom,2017-07-27 14:44:30,TD16
77,90,50,dx,dom,2017-07-27 14:44:31,TD16
87,93,45,dx,dom,2017-07-27 14:44:32,TD16
60,156,84,dx,dom,2017-07-27 14:44:33,TD16
80,135,76,dx,dom,2017-07-27 14:44:34,TD16
104,47,47,dx,dom,2017-07-27 14:44:35,TD16
62,73,50,dx,dom,2017-07-27 14:44:36,TD16
130,91,95,dx,dom,2017-07-27 14:44:37,TD16
78,107,97,dx,dom,2017-07-27 14:44:38,TD16
77,87,66,dx,dom,2017-07-27 14:44:39,TD16
73,106,81,dx,dom,2017-07-27 14:44:40,TD16
79,67,117,dx,dom,2017-07-27 14:44:41,TD16
79,71,125,dx,dom,2017-07-27 14:44:42,TD16
58,57,85,dx,dom,2017-07-27 14:44:43,TD16
50,103,25,dx,dom,2017-07-27 14:44:44,TD16
100,113,88,dx,dom,2017-07-27 14:44:45,TD16
74,71,56,dx,dom,2017-07-27 14:44:46,TD16
72,79,77,dx,dom,2017-07-27 14:44:47,TD16
115,233,79,dx,dom,2017-07-27 14:44:48,TD16
85,99,122,dx,dom,2017-07-27 14:44:49,TD16
82,99,68,dx,dom,2017-07-27 14:44:50,TD16
122,88,68,dx,dom,2017-07-27 14:44:51,TD16
112,104,80,dx,dom,2017-07-27 14:44:52,TD16
127,67,93,dx,dom,2017-07-27 14:44:53,TD16
0,32,12,dx,dom,2017-07-27 14:44:54,TD16
57,114,82,dx,dom,2017-07-27 14:44:55,TD16
88,85,80,dx,dom,2017-07-27 14:44:56,TD16
127,114,60,dx,dom,2017-07-27 14:44:57,TD16
118,132,53,dx,dom,2017-07-27 14:44:58,TD16
67,121,80,dx,dom,2017-07-27 14:44:59,TD16
57,98,96,dx,dom,2017-07-27 14:45:00,TD16
69,95,75,dx,dom,2017-07-27 14:45:01,TD16
75,116,91,dx,dom,2017-07-27 14:45:02,TD16
72,126,91,dx,dom,2017-07-27 14:45:03,TD16
60,141,55,dx,dom,2017-07-27 14:45:04,TD16
52,79,66,dx,dom,2017-07-27 14:45:05,TD16
44,119,58,dx,dom,2017-07-27 14:45:06,TD16
41,100,60,dx,dom,2017-07-27 14:45:07,TD16
100,93,53,dx,dom,2017-07-27 14:45:08,TD16
77,132,74,dx,dom,2017-07-27 14:45:09,TD16
106,107,100,dx,dom,2017-07-27 14:45:10,TD16
86,106,124,dx,dom,2017-07-27 14:45:11,TD16
75,119,92,dx,dom,2017-07-27 14:45:12,TD16
57,121,51,dx,dom,2017-07-27 14:45:13,TD16
87,110,42,dx,dom,2017-07-27 14:45:14,TD16
21,87,58,dx,dom,2017-07-27 14:45:15,TD16
97,116,71,dx,dom,2017-07-27 14:45:16,TD16
93,134,47,dx,dom,2017-07-27 14:45:17,TD16
87,122,87,dx,dom,2017-07-27 14:45:18,TD16
108,144,83,dx,dom,2017-07-27 14:45:19,TD16
104,108,67,dx,dom,2017-07-27 14:45:20,TD16
104,101,73,dx,dom,2017-07-27 14:45:21,TD16
83,123,102,dx,dom,2017-07-27 14:45:22,TD16
129,126,127,dx,dom,2017-07-27 14:45:23,TD16
135,101,94,dx,dom,2017-07-27 14:45:24,TD16
26,63,77,dx,dom,2017-07-27 14:45:25,TD16
105,72,77,dx,dom,2017-07-27 14:45:26,TD16
115,33,30,dx,dom,2017-07-27 14:45:27,TD16
119,111,132,dx,dom,2017-07-27 14:45:28,TD16
140,98,38,dx,dom,2017-07-27 14:45:29,TD16
51,204,325,dx,dom,2017-07-27 14:45:30,TD16
149,66,107,sx,ndom,2017-07-27 14:48:15,TD16
135,148,76,sx,ndom,2017-07-27 14:48:16,TD16
120,111,82,sx,ndom,2017-07-27 14:48:17,TD16
89,100,75,sx,ndom,2017-07-27 14:48:18,TD16
62,129,73,sx,ndom,2017-07-27 14:48:19,TD16
74,91,65,sx,ndom,2017-07-27 14:48:20,TD16
86,133,62,sx,ndom,2017-07-27 14:48:21,TD16
88,128,34,sx,ndom,2017-07-27 14:48:22,TD16
74,125,85,sx,ndom,2017-07-27 14:48:23,TD16
94,152,55,sx,ndom,2017-07-27 14:48:24,TD16
102,149,57,sx,ndom,2017-07-27 14:48:25,TD16
92,137,67,sx,ndom,2017-07-27 14:48:26,TD16
87,149,67,sx,ndom,2017-07-27 14:48:27,TD16
58,122,75,sx,ndom,2017-07-27 14:48:28,TD16
66,107,126,sx,ndom,2017-07-27 14:48:29,TD16
87,70,46,sx,ndom,2017-07-27 14:48:30,TD16
79,124,74,sx,ndom,2017-07-27 14:48:31,TD16
80,108,88,sx,ndom,2017-07-27 14:48:32,TD16
109,114,117,sx,ndom,2017-07-27 14:48:33,TD16
58,146,67,sx,ndom,2017-07-27 14:48:34,TD16
76,130,79,sx,ndom,2017-07-27 14:48:35,TD16
38,87,73,sx,ndom,2017-07-27 14:48:36,TD16
51,108,97,sx,ndom,2017-07-27 14:48:37,TD16
56,160,72,sx,ndom,2017-07-27 14:48:38,TD16
95,110,65,sx,ndom,2017-07-27 14:48:39,TD16
150,135,106,sx,ndom,2017-07-27 14:48:40,TD16
104,122,70,sx,ndom,2017-07-27 14:48:41,TD16
91,118,69,sx,ndom,2017-07-27 14:48:42,TD16
109,79,5,sx,ndom,2017-07-27 14:48:43,TD16
89,103,57,sx,ndom,2017-07-27 14:48:44,TD16
98,88,80,sx,ndom,2017-07-27 14:48:45,TD16
134,113,73,sx,ndom,2017-07-27 14:48:46,TD16
134,99,74,sx,ndom,2017-07-27 14:48:47,TD16
81,124,52,sx,ndom,2017-07-27 14:48:48,TD16
168,138,142,sx,ndom,2017-07-27 14:48:49,TD16
105,148,73,sx,ndom,2017-07-27 14:48:50,TD16
132,152,121,sx,ndom,2017-07-27 14:48:51,TD16
79,110,88,sx,ndom,2017-07-27 14:48:52,TD16
72,72,42,sx,ndom,2017-07-27 14:48:53,TD16
60,99,80,sx,ndom,2017-07-27 14:48:54,TD16
37,123,22,sx,ndom,2017-07-27 14:48:55,TD16
28,72,0,sx,ndom,2017-07-27 14:48:56,TD16
65,57,32,sx,ndom,2017-07-27 14:48:57,TD16
85,49,35,sx,ndom,2017-07-27 14:48:58,TD16
36,85,97,sx,ndom,2017-07-27 14:48:59,TD16
67,135,96,sx,ndom,2017-07-27 14:49:00,TD16
82,156,66,sx,ndom,2017-07-27 14:49:01,TD16
93,204,79,sx,ndom,2017-07-27 14:49:02,TD16
69,63,58,sx,ndom,2017-07-27 14:49:03,TD16
93,116,94,sx,ndom,2017-07-27 14:49:04,TD16
89,123,81,sx,ndom,2017-07-27 14:49:05,TD16
58,57,32,sx,ndom,2017-07-27 14:49:06,TD16
52,105,64,sx,ndom,2017-07-27 14:49:07,TD16
57,87,66,sx,ndom,2017-07-27 14:49:08,TD16
57,69,68,sx,ndom,2017-07-27 14:49:09,TD16
40,40,17,sx,ndom,2017-07-27 14:49:10,TD16
102,122,71,sx,ndom,2017-07-27 14:49:11,TD16
92,165,50,sx,ndom,2017-07-27 14:49:12,TD16
47,87,52,sx,ndom,2017-07-27 14:49:13,TD16
72,155,76,sx,ndom,2017-07-27 14:49:14,TD16
101,124,54,sx,ndom,2017-07-27 14:49:15,TD16
0,0,0,dx,ndom,2017-07-27 14:48:15,TD16
0,0,0,dx,ndom,2017-07-27 14:48:16,TD16
0,0,0,dx,ndom,2017-07-27 14:48:17,TD16
0,0,0,dx,ndom,2017-07-27 14:48:18,TD16
0,0,0,dx,ndom,2017-07-27 14:48:19,TD16
0,0,0,dx,ndom,2017-07-27 14:48:20,TD16
0,0,0,dx,ndom,2017-07-27 14:48:21,TD16
0,0,0,dx,ndom,2017-07-27 14:48:22,TD16
0,0,0,dx,ndom,2017-07-27 14:48:23,TD16
0,0,0,dx,ndom,2017-07-27 14:48:24,TD16
0,0,0,dx,ndom,2017-07-27 14:48:25,TD16
0,0,0,dx,ndom,2017-07-27 14:48:26,TD16
0,0,0,dx,ndom,2017-07-27 14:48:27,TD16
0,0,0,dx,ndom,2017-07-27 14:48:28,TD16
0,0,0,dx,ndom,2017-07-27 14:48:29,TD16
0,0,0,dx,ndom,2017-07-27 14:48:30,TD16
0,0,0,dx,ndom,2017-07-27 14:48:31,TD16
0,0,0,dx,ndom,2017-07-27 14:48:32,TD16
0,0,0,dx,ndom,2017-07-27 14:48:33,TD16
0,0,0,dx,ndom,2017-07-27 14:48:34,TD16
0,0,0,dx,ndom,2017-07-27 14:48:35,TD16
0,0,0,dx,ndom,2017-07-27 14:48:36,TD16
0,0,0,dx,ndom,2017-07-27 14:48:37,TD16
0,0,0,dx,ndom,2017-07-27 14:48:38,TD16
0,0,0,dx,ndom,2017-07-27 14:48:39,TD16
0,0,0,dx,ndom,2017-07-27 14:48:40,TD16
0,0,0,dx,ndom,2017-07-27 14:48:41,TD16
0,0,0,dx,ndom,2017-07-27 14:48:42,TD16
0,0,0,dx,ndom,2017-07-27 14:48:43,TD16
0,0,0,dx,ndom,2017-07-27 14:48:44,TD16
0,0,0,dx,ndom,2017-07-27 14:48:45,TD16
0,0,0,dx,ndom,2017-07-27 14:48:46,TD16
0,0,0,dx,ndom,2017-07-27 14:48:47,TD16
0,0,0,dx,ndom,2017-07-27 14:48:48,TD16
0,0,0,dx,ndom,2017-07-27 14:48:49,TD16
0,0,0,dx,ndom,2017-07-27 14:48:50,TD16
0,0,0,dx,ndom,2017-07-27 14:48:51,TD16
0,0,0,dx,ndom,2017-07-27 14:48:52,TD16
0,0,0,dx,ndom,2017-07-27 14:48:53,TD16
0,0,0,dx,ndom,2017-07-27 14:48:54,TD16
0,0,0,dx,ndom,2017-07-27 14:48:55,TD16
0,0,0,dx,ndom,2017-07-27 14:48:56,TD16
0,0,0,dx,ndom,2017-07-27 14:48:57,TD16
0,0,0,dx,ndom,2017-07-27 14:48:58,TD16
0,0,0,dx,ndom,2017-07-27 14:48:59,TD16
0,0,0,dx,ndom,2017-07-27 14:49:00,TD16
0,0,0,dx,ndom,2017-07-27 14:49:01,TD16
0,0,0,dx,ndom,2017-07-27 14:49:02,TD16
0,0,0,dx,ndom,2017-07-27 14:49:03,TD16
0,0,0,dx,ndom,2017-07-27 14:49:04,TD16
0,0,0,dx,ndom,2017-07-27 14:49:05,TD16
0,0,0,dx,ndom,2017-07-27 14:49:06,TD16
0,0,0,dx,ndom,2017-07-27 14:49:07,TD16
0,0,0,dx,ndom,2017-07-27 14:49:08,TD16
0,0,0,dx,ndom,2017-07-27 14:49:09,TD16
0,0,0,dx,ndom,2017-07-27 14:49:10,TD16
0,0,0,dx,ndom,2017-07-27 14:49:11,TD16
0,0,0,dx,ndom,2017-07-27 14:49:12,TD16
0,0,0,dx,ndom,2017-07-27 14:49:13,TD16
0,0,0,dx,ndom,2017-07-27 14:49:14,TD16
0,0,0,dx,ndom,2017-07-27 14:49:15,TD16
0,0,0,sx,dom,2017-07-27 15:20:40,TD17
0,0,0,sx,dom,2017-07-27 15:20:41,TD17
0,0,0,sx,dom,2017-07-27 15:20:42,TD17
0,0,0,sx,dom,2017-07-27 15:20:43,TD17
0,0,0,sx,dom,2017-07-27 15:20:44,TD17
0,0,0,sx,dom,2017-07-27 15:20:45,TD17
0,0,0,sx,dom,2017-07-27 15:20:46,TD17
0,0,0,sx,dom,2017-07-27 15:20:47,TD17
0,0,0,sx,dom,2017-07-27 15:20:48,TD17
0,0,0,sx,dom,2017-07-27 15:20:49,TD17
0,0,0,sx,dom,2017-07-27 15:20:50,TD17
0,0,0,sx,dom,2017-07-27 15:20:51,TD17
0,0,0,sx,dom,2017-07-27 15:20:52,TD17
0,0,0,sx,dom,2017-07-27 15:20:53,TD17
0,0,0,sx,dom,2017-07-27 15:20:54,TD17
0,0,0,sx,dom,2017-07-27 15:20:55,TD17
0,0,0,sx,dom,2017-07-27 15:20:56,TD17
0,0,0,sx,dom,2017-07-27 15:20:57,TD17
0,0,0,sx,dom,2017-07-27 15:20:58,TD17
0,0,0,sx,dom,2017-07-27 15:20:59,TD17
0,0,0,sx,dom,2017-07-27 15:21:00,TD17
0,0,0,sx,dom,2017-07-27 15:21:01,TD17
0,0,0,sx,dom,2017-07-27 15:21:02,TD17
0,0,0,sx,dom,2017-07-27 15:21:03,TD17
0,0,0,sx,dom,2017-07-27 15:21:04,TD17
0,0,0,sx,dom,2017-07-27 15:21:05,TD17
0,0,0,sx,dom,2017-07-27 15:21:06,TD17
0,0,0,sx,dom,2017-07-27 15:21:07,TD17
0,0,0,sx,dom,2017-07-27 15:21:08,TD17
0,0,0,sx,dom,2017-07-27 15:21:09,TD17
0,0,0,sx,dom,2017-07-27 15:21:10,TD17
0,0,0,sx,dom,2017-07-27 15:21:11,TD17
0,0,0,sx,dom,2017-07-27 15:21:12,TD17
0,0,0,sx,dom,2017-07-27 15:21:13,TD17
0,0,0,sx,dom,2017-07-27 15:21:14,TD17
0,0,0,sx,dom,2017-07-27 15:21:15,TD17
0,0,0,sx,dom,2017-07-27 15:21:16,TD17
0,0,0,sx,dom,2017-07-27 15:21:17,TD17
0,0,0,sx,dom,2017-07-27 15:21:18,TD17
0,0,0,sx,dom,2017-07-27 15:21:19,TD17
0,0,0,sx,dom,2017-07-27 15:21:20,TD17
0,0,0,sx,dom,2017-07-27 15:21:21,TD17
0,0,0,sx,dom,2017-07-27 15:21:22,TD17
0,0,0,sx,dom,2017-07-27 15:21:23,TD17
0,0,0,sx,dom,2017-07-27 15:21:24,TD17
0,0,0,sx,dom,2017-07-27 15:21:25,TD17
0,0,0,sx,dom,2017-07-27 15:21:26,TD17
0,0,0,sx,dom,2017-07-27 15:21:27,TD17
0,0,0,sx,dom,2017-07-27 15:21:28,TD17
0,0,0,sx,dom,2017-07-27 15:21:29,TD17
0,0,0,sx,dom,2017-07-27 15:21:30,TD17
0,0,0,sx,dom,2017-07-27 15:21:31,TD17
0,0,0,sx,dom,2017-07-27 15:21:32,TD17
0,0,0,sx,dom,2017-07-27 15:21:33,TD17
0,0,0,sx,dom,2017-07-27 15:21:34,TD17
0,0,0,sx,dom,2017-07-27 15:21:35,TD17
0,0,0,sx,dom,2017-07-27 15:21:36,TD17
0,0,0,sx,dom,2017-07-27 15:21:37,TD17
0,0,0,sx,dom,2017-07-27 15:21:38,TD17
4,0,0,sx,dom,2017-07-27 15:21:39,TD17
15,25,57,sx,dom,2017-07-27 15:21:40,TD17
49,62,102,dx,dom,2017-07-27 15:20:40,TD17
31,59,120,dx,dom,2017-07-27 15:20:41,TD17
31,79,107,dx,dom,2017-07-27 15:20:42,TD17
44,37,90,dx,dom,2017-07-27 15:20:43,TD17
62,39,107,dx,dom,2017-07-27 15:20:44,TD17
18,62,79,dx,dom,2017-07-27 15:20:45,TD17
29,62,107,dx,dom,2017-07-27 15:20:46,TD17
23,68,127,dx,dom,2017-07-27 15:20:47,TD17
26,64,125,dx,dom,2017-07-27 15:20:48,TD17
39,52,85,dx,dom,2017-07-27 15:20:49,TD17
39,86,88,dx,dom,2017-07-27 15:20:50,TD17
22,42,150,dx,dom,2017-07-27 15:20:51,TD17
25,57,116,dx,dom,2017-07-27 15:20:52,TD17
57,41,106,dx,dom,2017-07-27 15:20:53,TD17
23,41,50,dx,dom,2017-07-27 15:20:54,TD17
39,66,120,dx,dom,2017-07-27 15:20:55,TD17
25,86,97,dx,dom,2017-07-27 15:20:56,TD17
16,46,41,dx,dom,2017-07-27 15:20:57,TD17
42,90,87,dx,dom,2017-07-27 15:20:58,TD17
9,49,132,dx,dom,2017-07-27 15:20:59,TD17
30,31,84,dx,dom,2017-07-27 15:21:00,TD17
36,71,94,dx,dom,2017-07-27 15:21:01,TD17
19,27,120,dx,dom,2017-07-27 15:21:02,TD17
21,74,143,dx,dom,2017-07-27 15:21:03,TD17
1,59,110,dx,dom,2017-07-27 15:21:04,TD17
39,44,64,dx,dom,2017-07-27 15:21:05,TD17
30,76,94,dx,dom,2017-07-27 15:21:06,TD17
50,53,105,dx,dom,2017-07-27 15:21:07,TD17
80,95,91,dx,dom,2017-07-27 15:21:08,TD17
82,79,139,dx,dom,2017-07-27 15:21:09,TD17
85,54,169,dx,dom,2017-07-27 15:21:10,TD17
51,46,159,dx,dom,2017-07-27 15:21:11,TD17
64,43,146,dx,dom,2017-07-27 15:21:12,TD17
84,72,86,dx,dom,2017-07-27 15:21:13,TD17
67,78,87,dx,dom,2017-07-27 15:21:14,TD17
48,57,30,dx,dom,2017-07-27 15:21:15,TD17
72,62,107,dx,dom,2017-07-27 15:21:16,TD17
31,34,168,dx,dom,2017-07-27 15:21:17,TD17
49,48,106,dx,dom,2017-07-27 15:21:18,TD17
45,20,124,dx,dom,2017-07-27 15:21:19,TD17
51,59,140,dx,dom,2017-07-27 15:21:20,TD17
55,48,84,dx,dom,2017-07-27 15:21:21,TD17
39,49,99,dx,dom,2017-07-27 15:21:22,TD17
65,27,141,dx,dom,2017-07-27 15:21:23,TD17
98,91,135,dx,dom,2017-07-27 15:21:24,TD17
24,21,114,dx,dom,2017-07-27 15:21:25,TD17
35,79,133,dx,dom,2017-07-27 15:21:26,TD17
72,44,123,dx,dom,2017-07-27 15:21:27,TD17
26,58,102,dx,dom,2017-07-27 15:21:28,TD17
49,52,108,dx,dom,2017-07-27 15:21:29,TD17
18,56,67,dx,dom,2017-07-27 15:21:30,TD17
37,18,63,dx,dom,2017-07-27 15:21:31,TD17
72,108,90,dx,dom,2017-07-27 15:21:32,TD17
40,111,96,dx,dom,2017-07-27 15:21:33,TD17
38,61,85,dx,dom,2017-07-27 15:21:34,TD17
24,42,135,dx,dom,2017-07-27 15:21:35,TD17
36,84,125,dx,dom,2017-07-27 15:21:36,TD17
22,75,119,dx,dom,2017-07-27 15:21:37,TD17
52,43,85,dx,dom,2017-07-27 15:21:38,TD17
135,98,84,dx,dom,2017-07-27 15:21:39,TD17
76,86,121,dx,dom,2017-07-27 15:21:40,TD17
127,144,94,sx,ndom,2017-07-27 15:18:40,TD17
63,103,72,sx,ndom,2017-07-27 15:18:41,TD17
30,87,85,sx,ndom,2017-07-27 15:18:42,TD17
13,84,79,sx,ndom,2017-07-27 15:18:43,TD17
46,93,58,sx,ndom,2017-07-27 15:18:44,TD17
39,85,52,sx,ndom,2017-07-27 15:18:45,TD17
72,60,62,sx,ndom,2017-07-27 15:18:46,TD17
48,77,104,sx,ndom,2017-07-27 15:18:47,TD17
71,86,113,sx,ndom,2017-07-27 15:18:48,TD17
52,100,81,sx,ndom,2017-07-27 15:18:49,TD17
83,103,56,sx,ndom,2017-07-27 15:18:50,TD17
57,70,74,sx,ndom,2017-07-27 15:18:51,TD17
61,54,64,sx,ndom,2017-07-27 15:18:52,TD17
41,40,84,sx,ndom,2017-07-27 15:18:53,TD17
40,69,71,sx,ndom,2017-07-27 15:18:54,TD17
34,79,91,sx,ndom,2017-07-27 15:18:55,TD17
46,47,57,sx,ndom,2017-07-27 15:18:56,TD17
52,144,114,sx,ndom,2017-07-27 15:18:57,TD17
19,82,101,sx,ndom,2017-07-27 15:18:58,TD17
45,62,87,sx,ndom,2017-07-27 15:18:59,TD17
74,85,56,sx,ndom,2017-07-27 15:19:00,TD17
54,67,104,sx,ndom,2017-07-27 15:19:01,TD17
51,87,37,sx,ndom,2017-07-27 15:19:02,TD17
41,85,32,sx,ndom,2017-07-27 15:19:03,TD17
121,124,57,sx,ndom,2017-07-27 15:19:04,TD17
54,63,51,sx,ndom,2017-07-27 15:19:05,TD17
47,85,58,sx,ndom,2017-07-27 15:19:06,TD17
88,91,61,sx,ndom,2017-07-27 15:19:07,TD17
53,42,57,sx,ndom,2017-07-27 15:19:08,TD17
59,67,72,sx,ndom,2017-07-27 15:19:09,TD17
25,89,92,sx,ndom,2017-07-27 15:19:10,TD17
27,121,77,sx,ndom,2017-07-27 15:19:11,TD17
24,60,113,sx,ndom,2017-07-27 15:19:12,TD17
51,93,90,sx,ndom,2017-07-27 15:19:13,TD17
54,78,105,sx,ndom,2017-07-27 15:19:14,TD17
79,108,90,sx,ndom,2017-07-27 15:19:15,TD17
53,98,36,sx,ndom,2017-07-27 15:19:16,TD17
95,62,91,sx,ndom,2017-07-27 15:19:17,TD17
66,77,24,sx,ndom,2017-07-27 15:19:18,TD17
34,56,71,sx,ndom,2017-07-27 15:19:19,TD17
44,109,27,sx,ndom,2017-07-27 15:19:20,TD17
16,109,69,sx,ndom,2017-07-27 15:19:21,TD17
23,66,45,sx,ndom,2017-07-27 15:19:22,TD17
62,57,78,sx,ndom,2017-07-27 15:19:23,TD17
47,57,78,sx,ndom,2017-07-27 15:19:24,TD17
65,84,43,sx,ndom,2017-07-27 15:19:25,TD17
40,62,95,sx,ndom,2017-07-27 15:19:26,TD17
36,56,67,sx,ndom,2017-07-27 15:19:27,TD17
59,119,48,sx,ndom,2017-07-27 15:19:28,TD17
64,53,67,sx,ndom,2017-07-27 15:19:29,TD17
89,96,44,sx,ndom,2017-07-27 15:19:30,TD17
58,38,110,sx,ndom,2017-07-27 15:19:31,TD17
49,27,72,sx,ndom,2017-07-27 15:19:32,TD17
50,50,37,sx,ndom,2017-07-27 15:19:33,TD17
46,40,34,sx,ndom,2017-07-27 15:19:34,TD17
58,98,45,sx,ndom,2017-07-27 15:19:35,TD17
38,73,63,sx,ndom,2017-07-27 15:19:36,TD17
51,70,55,sx,ndom,2017-07-27 15:19:37,TD17
87,80,74,sx,ndom,2017-07-27 15:19:38,TD17
127,91,64,sx,ndom,2017-07-27 15:19:39,TD17
145,144,70,sx,ndom,2017-07-27 15:19:40,TD17
0,0,0,dx,ndom,2017-07-27 15:18:40,TD17
0,0,0,dx,ndom,2017-07-27 15:18:41,TD17
0,0,0,dx,ndom,2017-07-27 15:18:42,TD17
0,0,0,dx,ndom,2017-07-27 15:18:43,TD17
0,0,0,dx,ndom,2017-07-27 15:18:44,TD17
0,0,0,dx,ndom,2017-07-27 15:18:45,TD17
0,0,0,dx,ndom,2017-07-27 15:18:46,TD17
0,0,0,dx,ndom,2017-07-27 15:18:47,TD17
0,0,0,dx,ndom,2017-07-27 15:18:48,TD17
0,0,0,dx,ndom,2017-07-27 15:18:49,TD17
0,0,0,dx,ndom,2017-07-27 15:18:50,TD17
0,0,0,dx,ndom,2017-07-27 15:18:51,TD17
0,0,0,dx,ndom,2017-07-27 15:18:52,TD17
0,0,0,dx,ndom,2017-07-27 15:18:53,TD17
0,0,0,dx,ndom,2017-07-27 15:18:54,TD17
0,0,0,dx,ndom,2017-07-27 15:18:55,TD17
0,0,0,dx,ndom,2017-07-27 15:18:56,TD17
0,0,0,dx,ndom,2017-07-27 15:18:57,TD17
0,0,0,dx,ndom,2017-07-27 15:18:58,TD17
0,0,0,dx,ndom,2017-07-27 15:18:59,TD17
0,0,0,dx,ndom,2017-07-27 15:19:00,TD17
0,0,0,dx,ndom,2017-07-27 15:19:01,TD17
0,0,0,dx,ndom,2017-07-27 15:19:02,TD17
0,0,0,dx,ndom,2017-07-27 15:19:03,TD17
40,86,118,dx,ndom,2017-07-27 15:19:04,TD17
43,63,120,dx,ndom,2017-07-27 15:19:05,TD17
0,0,0,dx,ndom,2017-07-27 15:19:06,TD17
0,0,0,dx,ndom,2017-07-27 15:19:07,TD17
0,0,0,dx,ndom,2017-07-27 15:19:08,TD17
0,0,0,dx,ndom,2017-07-27 15:19:09,TD17
0,0,0,dx,ndom,2017-07-27 15:19:10,TD17
0,0,0,dx,ndom,2017-07-27 15:19:11,TD17
0,0,0,dx,ndom,2017-07-27 15:19:12,TD17
0,0,0,dx,ndom,2017-07-27 15:19:13,TD17
0,0,0,dx,ndom,2017-07-27 15:19:14,TD17
0,0,0,dx,ndom,2017-07-27 15:19:15,TD17
0,0,0,dx,ndom,2017-07-27 15:19:16,TD17
0,0,0,dx,ndom,2017-07-27 15:19:17,TD17
0,0,0,dx,ndom,2017-07-27 15:19:18,TD17
0,0,0,dx,ndom,2017-07-27 15:19:19,TD17
0,0,0,dx,ndom,2017-07-27 15:19:20,TD17
0,0,0,dx,ndom,2017-07-27 15:19:21,TD17
0,0,0,dx,ndom,2017-07-27 15:19:22,TD17
0,0,0,dx,ndom,2017-07-27 15:19:23,TD17
0,0,0,dx,ndom,2017-07-27 15:19:24,TD17
0,0,0,dx,ndom,2017-07-27 15:19:25,TD17
0,0,0,dx,ndom,2017-07-27 15:19:26,TD17
0,0,0,dx,ndom,2017-07-27 15:19:27,TD17
0,0,0,dx,ndom,2017-07-27 15:19:28,TD17
0,0,0,dx,ndom,2017-07-27 15:19:29,TD17
0,0,0,dx,ndom,2017-07-27 15:19:30,TD17
0,0,0,dx,ndom,2017-07-27 15:19:31,TD17
0,0,0,dx,ndom,2017-07-27 15:19:32,TD17
0,0,0,dx,ndom,2017-07-27 15:19:33,TD17
0,0,0,dx,ndom,2017-07-27 15:19:34,TD17
0,0,0,dx,ndom,2017-07-27 15:19:35,TD17
0,0,0,dx,ndom,2017-07-27 15:19:36,TD17
0,0,0,dx,ndom,2017-07-27 15:19:37,TD17
0,0,0,dx,ndom,2017-07-27 15:19:38,TD17
0,0,0,dx,ndom,2017-07-27 15:19:39,TD17
0,0,0,dx,ndom,2017-07-27 15:19:40,TD17
0,0,0,sx,dom,2017-11-30 15:09:25,TD18
0,0,0,sx,dom,2017-11-30 15:09:26,TD18
0,0,0,sx,dom,2017-11-30 15:09:27,TD18
0,0,0,sx,dom,2017-11-30 15:09:28,TD18
0,0,0,sx,dom,2017-11-30 15:09:29,TD18
0,0,0,sx,dom,2017-11-30 15:09:30,TD18
0,0,0,sx,dom,2017-11-30 15:09:31,TD18
0,0,0,sx,dom,2017-11-30 15:09:32,TD18
0,0,0,sx,dom,2017-11-30 15:09:33,TD18
0,0,0,sx,dom,2017-11-30 15:09:34,TD18
0,0,0,sx,dom,2017-11-30 15:09:35,TD18
0,0,0,sx,dom,2017-11-30 15:09:36,TD18
0,0,0,sx,dom,2017-11-30 15:09:37,TD18
0,0,0,sx,dom,2017-11-30 15:09:38,TD18
0,0,0,sx,dom,2017-11-30 15:09:39,TD18
0,0,0,sx,dom,2017-11-30 15:09:40,TD18
0,0,0,sx,dom,2017-11-30 15:09:41,TD18
0,0,0,sx,dom,2017-11-30 15:09:42,TD18
0,0,0,sx,dom,2017-11-30 15:09:43,TD18
0,0,0,sx,dom,2017-11-30 15:09:44,TD18
0,0,0,sx,dom,2017-11-30 15:09:45,TD18
0,0,0,sx,dom,2017-11-30 15:09:46,TD18
0,0,0,sx,dom,2017-11-30 15:09:47,TD18
0,0,0,sx,dom,2017-11-30 15:09:48,TD18
102,37,92,sx,dom,2017-11-30 15:09:49,TD18
120,72,73,sx,dom,2017-11-30 15:09:50,TD18
33,13,26,sx,dom,2017-11-30 15:09:51,TD18
0,0,0,sx,dom,2017-11-30 15:09:52,TD18
0,0,0,sx,dom,2017-11-30 15:09:53,TD18
0,0,0,sx,dom,2017-11-30 15:09:54,TD18
0,0,0,sx,dom,2017-11-30 15:09:55,TD18
0,0,0,sx,dom,2017-11-30 15:09:56,TD18
0,0,0,sx,dom,2017-11-30 15:09:57,TD18
0,0,0,sx,dom,2017-11-30 15:09:58,TD18
0,0,0,sx,dom,2017-11-30 15:09:59,TD18
0,0,0,sx,dom,2017-11-30 15:10:00,TD18
0,0,0,sx,dom,2017-11-30 15:10:01,TD18
0,0,0,sx,dom,2017-11-30 15:10:02,TD18
0,0,0,sx,dom,2017-11-30 15:10:03,TD18
0,0,0,sx,dom,2017-11-30 15:10:04,TD18
0,0,0,sx,dom,2017-11-30 15:10:05,TD18
0,0,0,sx,dom,2017-11-30 15:10:06,TD18
0,0,0,sx,dom,2017-11-30 15:10:07,TD18
0,0,0,sx,dom,2017-11-30 15:10:08,TD18
0,0,0,sx,dom,2017-11-30 15:10:09,TD18
0,0,0,sx,dom,2017-11-30 15:10:10,TD18
0,0,0,sx,dom,2017-11-30 15:10:11,TD18
0,0,0,sx,dom,2017-11-30 15:10:12,TD18
0,0,0,sx,dom,2017-11-30 15:10:13,TD18
0,0,0,sx,dom,2017-11-30 15:10:14,TD18
0,0,0,sx,dom,2017-11-30 15:10:15,TD18
0,0,0,sx,dom,2017-11-30 15:10:16,TD18
0,0,0,sx,dom,2017-11-30 15:10:17,TD18
0,0,0,sx,dom,2017-11-30 15:10:18,TD18
0,0,0,sx,dom,2017-11-30 15:10:19,TD18
0,0,0,sx,dom,2017-11-30 15:10:20,TD18
0,0,0,sx,dom,2017-11-30 15:10:21,TD18
0,0,0,sx,dom,2017-11-30 15:10:22,TD18
0,0,0,sx,dom,2017-11-30 15:10:23,TD18
0,0,0,sx,dom,2017-11-30 15:10:24,TD18
0,0,0,sx,dom,2017-11-30 15:10:25,TD18
87,68,83,dx,dom,2017-11-30 15:09:25,TD18
45,53,56,dx,dom,2017-11-30 15:09:26,TD18
57,54,31,dx,dom,2017-11-30 15:09:27,TD18
51,52,36,dx,dom,2017-11-30 15:09:28,TD18
46,22,61,dx,dom,2017-11-30 15:09:29,TD18
38,21,91,dx,dom,2017-11-30 15:09:30,TD18
45,17,45,dx,dom,2017-11-30 15:09:31,TD18
100,66,19,dx,dom,2017-11-30 15:09:32,TD18
90,23,48,dx,dom,2017-11-30 15:09:33,TD18
28,45,19,dx,dom,2017-11-30 15:09:34,TD18
40,63,16,dx,dom,2017-11-30 15:09:35,TD18
88,67,48,dx,dom,2017-11-30 15:09:36,TD18
44,43,34,dx,dom,2017-11-30 15:09:37,TD18
75,35,41,dx,dom,2017-11-30 15:09:38,TD18
58,29,42,dx,dom,2017-11-30 15:09:39,TD18
79,41,27,dx,dom,2017-11-30 15:09:40,TD18
61,41,38,dx,dom,2017-11-30 15:09:41,TD18
65,55,35,dx,dom,2017-11-30 15:09:42,TD18
37,24,63,dx,dom,2017-11-30 15:09:43,TD18
35,68,61,dx,dom,2017-11-30 15:09:44,TD18
36,44,64,dx,dom,2017-11-30 15:09:45,TD18
49,42,52,dx,dom,2017-11-30 15:09:46,TD18
85,70,27,dx,dom,2017-11-30 15:09:47,TD18
54,29,23,dx,dom,2017-11-30 15:09:48,TD18
136,34,34,dx,dom,2017-11-30 15:09:49,TD18
81,40,53,dx,dom,2017-11-30 15:09:50,TD18
53,61,56,dx,dom,2017-11-30 15:09:51,TD18
62,58,40,dx,dom,2017-11-30 15:09:52,TD18
111,47,52,dx,dom,2017-11-30 15:09:53,TD18
134,37,51,dx,dom,2017-11-30 15:09:54,TD18
160,29,36,dx,dom,2017-11-30 15:09:55,TD18
100,34,12,dx,dom,2017-11-30 15:09:56,TD18
99,78,32,dx,dom,2017-11-30 15:09:57,TD18
88,51,61,dx,dom,2017-11-30 15:09:58,TD18
68,17,42,dx,dom,2017-11-30 15:09:59,TD18
67,34,33,dx,dom,2017-11-30 15:10:00,TD18
61,39,74,dx,dom,2017-11-30 15:10:01,TD18
32,42,59,dx,dom,2017-11-30 15:10:02,TD18
18,62,64,dx,dom,2017-11-30 15:10:03,TD18
26,43,62,dx,dom,2017-11-30 15:10:04,TD18
33,67,48,dx,dom,2017-11-30 15:10:05,TD18
58,41,52,dx,dom,2017-11-30 15:10:06,TD18
49,50,50,dx,dom,2017-11-30 15:10:07,TD18
66,53,67,dx,dom,2017-11-30 15:10:08,TD18
34,38,46,dx,dom,2017-11-30 15:10:09,TD18
32,57,13,dx,dom,2017-11-30 15:10:10,TD18
43,33,18,dx,dom,2017-11-30 15:10:11,TD18
30,58,38,dx,dom,2017-11-30 15:10:12,TD18
93,14,41,dx,dom,2017-11-30 15:10:13,TD18
60,75,12,dx,dom,2017-11-30 15:10:14,TD18
52,59,66,dx,dom,2017-11-30 15:10:15,TD18
53,45,7,dx,dom,2017-11-30 15:10:16,TD18
67,72,75,dx,dom,2017-11-30 15:10:17,TD18
55,62,31,dx,dom,2017-11-30 15:10:18,TD18
61,54,31,dx,dom,2017-11-30 15:10:19,TD18
57,88,68,dx,dom,2017-11-30 15:10:20,TD18
43,68,95,dx,dom,2017-11-30 15:10:21,TD18
56,72,81,dx,dom,2017-11-30 15:10:22,TD18
42,109,62,dx,dom,2017-11-30 15:10:23,TD18
26,47,30,dx,dom,2017-11-30 15:10:24,TD18
102,149,37,dx,dom,2017-11-30 15:10:25,TD18
43,98,101,sx,ndom,2017-11-30 15:07:20,TD18
90,99,31,sx,ndom,2017-11-30 15:07:21,TD18
81,44,57,sx,ndom,2017-11-30 15:07:22,TD18
197,56,61,sx,ndom,2017-11-30 15:07:23,TD18
139,52,50,sx,ndom,2017-11-30 15:07:24,TD18
181,28,52,sx,ndom,2017-11-30 15:07:25,TD18
86,40,21,sx,ndom,2017-11-30 15:07:26,TD18
71,118,44,sx,ndom,2017-11-30 15:07:27,TD18
72,36,32,sx,ndom,2017-11-30 15:07:28,TD18
77,27,62,sx,ndom,2017-11-30 15:07:29,TD18
92,8,42,sx,ndom,2017-11-30 15:07:30,TD18
58,63,28,sx,ndom,2017-11-30 15:07:31,TD18
45,68,27,sx,ndom,2017-11-30 15:07:32,TD18
5,64,41,sx,ndom,2017-11-30 15:07:33,TD18
25,49,32,sx,ndom,2017-11-30 15:07:34,TD18
40,45,36,sx,ndom,2017-11-30 15:07:35,TD18
99,42,30,sx,ndom,2017-11-30 15:07:36,TD18
53,42,24,sx,ndom,2017-11-30 15:07:37,TD18
37,21,15,sx,ndom,2017-11-30 15:07:38,TD18
56,25,35,sx,ndom,2017-11-30 15:07:39,TD18
140,81,25,sx,ndom,2017-11-30 15:07:40,TD18
134,12,37,sx,ndom,2017-11-30 15:07:41,TD18
70,22,36,sx,ndom,2017-11-30 15:07:42,TD18
39,19,30,sx,ndom,2017-11-30 15:07:43,TD18
60,46,53,sx,ndom,2017-11-30 15:07:44,TD18
59,78,14,sx,ndom,2017-11-30 15:07:45,TD18
106,69,40,sx,ndom,2017-11-30 15:07:46,TD18
79,30,22,sx,ndom,2017-11-30 15:07:47,TD18
104,4,24,sx,ndom,2017-11-30 15:07:48,TD18
97,38,31,sx,ndom,2017-11-30 15:07:49,TD18
70,34,31,sx,ndom,2017-11-30 15:07:50,TD18
52,26,36,sx,ndom,2017-11-30 15:07:51,TD18
32,48,31,sx,ndom,2017-11-30 15:07:52,TD18
29,31,29,sx,ndom,2017-11-30 15:07:53,TD18
23,4,33,sx,ndom,2017-11-30 15:07:54,TD18
62,40,41,sx,ndom,2017-11-30 15:07:55,TD18
62,28,26,sx,ndom,2017-11-30 15:07:56,TD18
100,53,41,sx,ndom,2017-11-30 15:07:57,TD18
131,22,29,sx,ndom,2017-11-30 15:07:58,TD18
123,52,67,sx,ndom,2017-11-30 15:07:59,TD18
74,28,19,sx,ndom,2017-11-30 15:08:00,TD18
36,35,14,sx,ndom,2017-11-30 15:08:01,TD18
27,4,42,sx,ndom,2017-11-30 15:08:02,TD18
36,34,51,sx,ndom,2017-11-30 15:08:03,TD18
43,53,54,sx,ndom,2017-11-30 15:08:04,TD18
19,48,38,sx,ndom,2017-11-30 15:08:05,TD18
32,64,55,sx,ndom,2017-11-30 15:08:06,TD18
44,41,62,sx,ndom,2017-11-30 15:08:07,TD18
46,44,76,sx,ndom,2017-11-30 15:08:08,TD18
55,45,45,sx,ndom,2017-11-30 15:08:09,TD18
27,39,52,sx,ndom,2017-11-30 15:08:10,TD18
26,49,14,sx,ndom,2017-11-30 15:08:11,TD18
47,56,34,sx,ndom,2017-11-30 15:08:12,TD18
68,67,53,sx,ndom,2017-11-30 15:08:13,TD18
28,29,78,sx,ndom,2017-11-30 15:08:14,TD18
31,11,38,sx,ndom,2017-11-30 15:08:15,TD18
74,40,24,sx,ndom,2017-11-30 15:08:16,TD18
63,46,27,sx,ndom,2017-11-30 15:08:17,TD18
49,54,30,sx,ndom,2017-11-30 15:08:18,TD18
38,39,11,sx,ndom,2017-11-30 15:08:19,TD18
95,51,14,sx,ndom,2017-11-30 15:08:20,TD18
0,2,0,dx,ndom,2017-11-30 15:07:20,TD18
0,0,0,dx,ndom,2017-11-30 15:07:21,TD18
0,0,0,dx,ndom,2017-11-30 15:07:22,TD18
0,0,0,dx,ndom,2017-11-30 15:07:23,TD18
0,0,0,dx,ndom,2017-11-30 15:07:24,TD18
0,0,0,dx,ndom,2017-11-30 15:07:25,TD18
0,0,0,dx,ndom,2017-11-30 15:07:26,TD18
0,0,0,dx,ndom,2017-11-30 15:07:27,TD18
0,0,0,dx,ndom,2017-11-30 15:07:28,TD18
0,0,0,dx,ndom,2017-11-30 15:07:29,TD18
0,0,0,dx,ndom,2017-11-30 15:07:30,TD18
0,0,0,dx,ndom,2017-11-30 15:07:31,TD18
0,0,0,dx,ndom,2017-11-30 15:07:32,TD18
0,0,0,dx,ndom,2017-11-30 15:07:33,TD18
0,0,0,dx,ndom,2017-11-30 15:07:34,TD18
0,0,0,dx,ndom,2017-11-30 15:07:35,TD18
0,0,0,dx,ndom,2017-11-30 15:07:36,TD18
0,0,0,dx,ndom,2017-11-30 15:07:37,TD18
0,0,0,dx,ndom,2017-11-30 15:07:38,TD18
0,0,0,dx,ndom,2017-11-30 15:07:39,TD18
0,0,0,dx,ndom,2017-11-30 15:07:40,TD18
0,0,0,dx,ndom,2017-11-30 15:07:41,TD18
0,0,0,dx,ndom,2017-11-30 15:07:42,TD18
0,0,0,dx,ndom,2017-11-30 15:07:43,TD18
0,0,0,dx,ndom,2017-11-30 15:07:44,TD18
0,0,0,dx,ndom,2017-11-30 15:07:45,TD18
0,0,0,dx,ndom,2017-11-30 15:07:46,TD18
0,0,0,dx,ndom,2017-11-30 15:07:47,TD18
0,0,0,dx,ndom,2017-11-30 15:07:48,TD18
0,0,0,dx,ndom,2017-11-30 15:07:49,TD18
0,0,0,dx,ndom,2017-11-30 15:07:50,TD18
0,0,0,dx,ndom,2017-11-30 15:07:51,TD18
0,0,0,dx,ndom,2017-11-30 15:07:52,TD18
0,0,0,dx,ndom,2017-11-30 15:07:53,TD18
0,0,0,dx,ndom,2017-11-30 15:07:54,TD18
0,0,0,dx,ndom,2017-11-30 15:07:55,TD18
0,0,0,dx,ndom,2017-11-30 15:07:56,TD18
0,0,0,dx,ndom,2017-11-30 15:07:57,TD18
0,0,0,dx,ndom,2017-11-30 15:07:58,TD18
0,0,0,dx,ndom,2017-11-30 15:07:59,TD18
0,0,0,dx,ndom,2017-11-30 15:08:00,TD18
0,0,0,dx,ndom,2017-11-30 15:08:01,TD18
0,0,0,dx,ndom,2017-11-30 15:08:02,TD18
0,0,0,dx,ndom,2017-11-30 15:08:03,TD18
0,0,0,dx,ndom,2017-11-30 15:08:04,TD18
0,0,0,dx,ndom,2017-11-30 15:08:05,TD18
0,0,0,dx,ndom,2017-11-30 15:08:06,TD18
0,0,0,dx,ndom,2017-11-30 15:08:07,TD18
0,0,0,dx,ndom,2017-11-30 15:08:08,TD18
0,0,0,dx,ndom,2017-11-30 15:08:09,TD18
0,0,0,dx,ndom,2017-11-30 15:08:10,TD18
0,0,0,dx,ndom,2017-11-30 15:08:11,TD18
0,0,0,dx,ndom,2017-11-30 15:08:12,TD18
0,0,0,dx,ndom,2017-11-30 15:08:13,TD18
0,0,0,dx,ndom,2017-11-30 15:08:14,TD18
0,0,0,dx,ndom,2017-11-30 15:08:15,TD18
0,0,0,dx,ndom,2017-11-30 15:08:16,TD18
0,0,0,dx,ndom,2017-11-30 15:08:17,TD18
0,0,0,dx,ndom,2017-11-30 15:08:18,TD18
0,0,0,dx,ndom,2017-11-30 15:08:19,TD18
0,0,0,dx,ndom,2017-11-30 15:08:20,TD18
0,0,0,sx,dom,2017-11-30 15:09:25,TD18
0,0,0,sx,dom,2017-11-30 15:09:26,TD18
0,0,0,sx,dom,2017-11-30 15:09:27,TD18
0,0,0,sx,dom,2017-11-30 15:09:28,TD18
0,0,0,sx,dom,2017-11-30 15:09:29,TD18
0,0,0,sx,dom,2017-11-30 15:09:30,TD18
0,0,0,sx,dom,2017-11-30 15:09:31,TD18
0,0,0,sx,dom,2017-11-30 15:09:32,TD18
0,0,0,sx,dom,2017-11-30 15:09:33,TD18
0,0,0,sx,dom,2017-11-30 15:09:34,TD18
0,0,0,sx,dom,2017-11-30 15:09:35,TD18
0,0,0,sx,dom,2017-11-30 15:09:36,TD18
0,0,0,sx,dom,2017-11-30 15:09:37,TD18
0,0,0,sx,dom,2017-11-30 15:09:38,TD18
0,0,0,sx,dom,2017-11-30 15:09:39,TD18
0,0,0,sx,dom,2017-11-30 15:09:40,TD18
0,0,0,sx,dom,2017-11-30 15:09:41,TD18
0,0,0,sx,dom,2017-11-30 15:09:42,TD18
0,0,0,sx,dom,2017-11-30 15:09:43,TD18
0,0,0,sx,dom,2017-11-30 15:09:44,TD18
0,0,0,sx,dom,2017-11-30 15:09:45,TD18
0,0,0,sx,dom,2017-11-30 15:09:46,TD18
0,0,0,sx,dom,2017-11-30 15:09:47,TD18
0,0,0,sx,dom,2017-11-30 15:09:48,TD18
102,37,92,sx,dom,2017-11-30 15:09:49,TD18
120,72,73,sx,dom,2017-11-30 15:09:50,TD18
33,13,26,sx,dom,2017-11-30 15:09:51,TD18
0,0,0,sx,dom,2017-11-30 15:09:52,TD18
0,0,0,sx,dom,2017-11-30 15:09:53,TD18
0,0,0,sx,dom,2017-11-30 15:09:54,TD18
0,0,0,sx,dom,2017-11-30 15:09:55,TD18
0,0,0,sx,dom,2017-11-30 15:09:56,TD18
0,0,0,sx,dom,2017-11-30 15:09:57,TD18
0,0,0,sx,dom,2017-11-30 15:09:58,TD18
0,0,0,sx,dom,2017-11-30 15:09:59,TD18
0,0,0,sx,dom,2017-11-30 15:10:00,TD18
0,0,0,sx,dom,2017-11-30 15:10:01,TD18
0,0,0,sx,dom,2017-11-30 15:10:02,TD18
0,0,0,sx,dom,2017-11-30 15:10:03,TD18
0,0,0,sx,dom,2017-11-30 15:10:04,TD18
0,0,0,sx,dom,2017-11-30 15:10:05,TD18
0,0,0,sx,dom,2017-11-30 15:10:06,TD18
0,0,0,sx,dom,2017-11-30 15:10:07,TD18
0,0,0,sx,dom,2017-11-30 15:10:08,TD18
0,0,0,sx,dom,2017-11-30 15:10:09,TD18
0,0,0,sx,dom,2017-11-30 15:10:10,TD18
0,0,0,sx,dom,2017-11-30 15:10:11,TD18
0,0,0,sx,dom,2017-11-30 15:10:12,TD18
0,0,0,sx,dom,2017-11-30 15:10:13,TD18
0,0,0,sx,dom,2017-11-30 15:10:14,TD18
0,0,0,sx,dom,2017-11-30 15:10:15,TD18
0,0,0,sx,dom,2017-11-30 15:10:16,TD18
0,0,0,sx,dom,2017-11-30 15:10:17,TD18
0,0,0,sx,dom,2017-11-30 15:10:18,TD18
0,0,0,sx,dom,2017-11-30 15:10:19,TD18
0,0,0,sx,dom,2017-11-30 15:10:20,TD18
0,0,0,sx,dom,2017-11-30 15:10:21,TD18
0,0,0,sx,dom,2017-11-30 15:10:22,TD18
0,0,0,sx,dom,2017-11-30 15:10:23,TD18
0,0,0,sx,dom,2017-11-30 15:10:24,TD18
0,0,0,sx,dom,2017-11-30 15:10:25,TD18
87,68,83,dx,dom,2017-11-30 15:09:25,TD18
45,53,56,dx,dom,2017-11-30 15:09:26,TD18
57,54,31,dx,dom,2017-11-30 15:09:27,TD18
51,52,36,dx,dom,2017-11-30 15:09:28,TD18
46,22,61,dx,dom,2017-11-30 15:09:29,TD18
38,21,91,dx,dom,2017-11-30 15:09:30,TD18
45,17,45,dx,dom,2017-11-30 15:09:31,TD18
100,66,19,dx,dom,2017-11-30 15:09:32,TD18
90,23,48,dx,dom,2017-11-30 15:09:33,TD18
28,45,19,dx,dom,2017-11-30 15:09:34,TD18
40,63,16,dx,dom,2017-11-30 15:09:35,TD18
88,67,48,dx,dom,2017-11-30 15:09:36,TD18
44,43,34,dx,dom,2017-11-30 15:09:37,TD18
75,35,41,dx,dom,2017-11-30 15:09:38,TD18
58,29,42,dx,dom,2017-11-30 15:09:39,TD18
79,41,27,dx,dom,2017-11-30 15:09:40,TD18
61,41,38,dx,dom,2017-11-30 15:09:41,TD18
65,55,35,dx,dom,2017-11-30 15:09:42,TD18
37,24,63,dx,dom,2017-11-30 15:09:43,TD18
35,68,61,dx,dom,2017-11-30 15:09:44,TD18
36,44,64,dx,dom,2017-11-30 15:09:45,TD18
49,42,52,dx,dom,2017-11-30 15:09:46,TD18
85,70,27,dx,dom,2017-11-30 15:09:47,TD18
54,29,23,dx,dom,2017-11-30 15:09:48,TD18
136,34,34,dx,dom,2017-11-30 15:09:49,TD18
81,40,53,dx,dom,2017-11-30 15:09:50,TD18
53,61,56,dx,dom,2017-11-30 15:09:51,TD18
62,58,40,dx,dom,2017-11-30 15:09:52,TD18
111,47,52,dx,dom,2017-11-30 15:09:53,TD18
134,37,51,dx,dom,2017-11-30 15:09:54,TD18
160,29,36,dx,dom,2017-11-30 15:09:55,TD18
100,34,12,dx,dom,2017-11-30 15:09:56,TD18
99,78,32,dx,dom,2017-11-30 15:09:57,TD18
88,51,61,dx,dom,2017-11-30 15:09:58,TD18
68,17,42,dx,dom,2017-11-30 15:09:59,TD18
67,34,33,dx,dom,2017-11-30 15:10:00,TD18
61,39,74,dx,dom,2017-11-30 15:10:01,TD18
32,42,59,dx,dom,2017-11-30 15:10:02,TD18
18,62,64,dx,dom,2017-11-30 15:10:03,TD18
26,43,62,dx,dom,2017-11-30 15:10:04,TD18
33,67,48,dx,dom,2017-11-30 15:10:05,TD18
58,41,52,dx,dom,2017-11-30 15:10:06,TD18
49,50,50,dx,dom,2017-11-30 15:10:07,TD18
66,53,67,dx,dom,2017-11-30 15:10:08,TD18
34,38,46,dx,dom,2017-11-30 15:10:09,TD18
32,57,13,dx,dom,2017-11-30 15:10:10,TD18
43,33,18,dx,dom,2017-11-30 15:10:11,TD18
30,58,38,dx,dom,2017-11-30 15:10:12,TD18
93,14,41,dx,dom,2017-11-30 15:10:13,TD18
60,75,12,dx,dom,2017-11-30 15:10:14,TD18
52,59,66,dx,dom,2017-11-30 15:10:15,TD18
53,45,7,dx,dom,2017-11-30 15:10:16,TD18
67,72,75,dx,dom,2017-11-30 15:10:17,TD18
55,62,31,dx,dom,2017-11-30 15:10:18,TD18
61,54,31,dx,dom,2017-11-30 15:10:19,TD18
57,88,68,dx,dom,2017-11-30 15:10:20,TD18
43,68,95,dx,dom,2017-11-30 15:10:21,TD18
56,72,81,dx,dom,2017-11-30 15:10:22,TD18
42,109,62,dx,dom,2017-11-30 15:10:23,TD18
26,47,30,dx,dom,2017-11-30 15:10:24,TD18
102,149,37,dx,dom,2017-11-30 15:10:25,TD18
43,98,101,sx,ndom,2017-11-30 15:07:20,TD18
90,99,31,sx,ndom,2017-11-30 15:07:21,TD18
81,44,57,sx,ndom,2017-11-30 15:07:22,TD18
197,56,61,sx,ndom,2017-11-30 15:07:23,TD18
139,52,50,sx,ndom,2017-11-30 15:07:24,TD18
181,28,52,sx,ndom,2017-11-30 15:07:25,TD18
86,40,21,sx,ndom,2017-11-30 15:07:26,TD18
71,118,44,sx,ndom,2017-11-30 15:07:27,TD18
72,36,32,sx,ndom,2017-11-30 15:07:28,TD18
77,27,62,sx,ndom,2017-11-30 15:07:29,TD18
92,8,42,sx,ndom,2017-11-30 15:07:30,TD18
58,63,28,sx,ndom,2017-11-30 15:07:31,TD18
45,68,27,sx,ndom,2017-11-30 15:07:32,TD18
5,64,41,sx,ndom,2017-11-30 15:07:33,TD18
25,49,32,sx,ndom,2017-11-30 15:07:34,TD18
40,45,36,sx,ndom,2017-11-30 15:07:35,TD18
99,42,30,sx,ndom,2017-11-30 15:07:36,TD18
53,42,24,sx,ndom,2017-11-30 15:07:37,TD18
37,21,15,sx,ndom,2017-11-30 15:07:38,TD18
56,25,35,sx,ndom,2017-11-30 15:07:39,TD18
140,81,25,sx,ndom,2017-11-30 15:07:40,TD18
134,12,37,sx,ndom,2017-11-30 15:07:41,TD18
70,22,36,sx,ndom,2017-11-30 15:07:42,TD18
39,19,30,sx,ndom,2017-11-30 15:07:43,TD18
60,46,53,sx,ndom,2017-11-30 15:07:44,TD18
59,78,14,sx,ndom,2017-11-30 15:07:45,TD18
106,69,40,sx,ndom,2017-11-30 15:07:46,TD18
79,30,22,sx,ndom,2017-11-30 15:07:47,TD18
104,4,24,sx,ndom,2017-11-30 15:07:48,TD18
97,38,31,sx,ndom,2017-11-30 15:07:49,TD18
70,34,31,sx,ndom,2017-11-30 15:07:50,TD18
52,26,36,sx,ndom,2017-11-30 15:07:51,TD18
32,48,31,sx,ndom,2017-11-30 15:07:52,TD18
29,31,29,sx,ndom,2017-11-30 15:07:53,TD18
23,4,33,sx,ndom,2017-11-30 15:07:54,TD18
62,40,41,sx,ndom,2017-11-30 15:07:55,TD18
62,28,26,sx,ndom,2017-11-30 15:07:56,TD18
100,53,41,sx,ndom,2017-11-30 15:07:57,TD18
131,22,29,sx,ndom,2017-11-30 15:07:58,TD18
123,52,67,sx,ndom,2017-11-30 15:07:59,TD18
74,28,19,sx,ndom,2017-11-30 15:08:00,TD18
36,35,14,sx,ndom,2017-11-30 15:08:01,TD18
27,4,42,sx,ndom,2017-11-30 15:08:02,TD18
36,34,51,sx,ndom,2017-11-30 15:08:03,TD18
43,53,54,sx,ndom,2017-11-30 15:08:04,TD18
19,48,38,sx,ndom,2017-11-30 15:08:05,TD18
32,64,55,sx,ndom,2017-11-30 15:08:06,TD18
44,41,62,sx,ndom,2017-11-30 15:08:07,TD18
46,44,76,sx,ndom,2017-11-30 15:08:08,TD18
55,45,45,sx,ndom,2017-11-30 15:08:09,TD18
27,39,52,sx,ndom,2017-11-30 15:08:10,TD18
26,49,14,sx,ndom,2017-11-30 15:08:11,TD18
47,56,34,sx,ndom,2017-11-30 15:08:12,TD18
68,67,53,sx,ndom,2017-11-30 15:08:13,TD18
28,29,78,sx,ndom,2017-11-30 15:08:14,TD18
31,11,38,sx,ndom,2017-11-30 15:08:15,TD18
74,40,24,sx,ndom,2017-11-30 15:08:16,TD18
63,46,27,sx,ndom,2017-11-30 15:08:17,TD18
49,54,30,sx,ndom,2017-11-30 15:08:18,TD18
38,39,11,sx,ndom,2017-11-30 15:08:19,TD18
95,51,14,sx,ndom,2017-11-30 15:08:20,TD18
0,2,0,dx,ndom,2017-11-30 15:07:20,TD18
0,0,0,dx,ndom,2017-11-30 15:07:21,TD18
0,0,0,dx,ndom,2017-11-30 15:07:22,TD18
0,0,0,dx,ndom,2017-11-30 15:07:23,TD18
0,0,0,dx,ndom,2017-11-30 15:07:24,TD18
0,0,0,dx,ndom,2017-11-30 15:07:25,TD18
0,0,0,dx,ndom,2017-11-30 15:07:26,TD18
0,0,0,dx,ndom,2017-11-30 15:07:27,TD18
0,0,0,dx,ndom,2017-11-30 15:07:28,TD18
0,0,0,dx,ndom,2017-11-30 15:07:29,TD18
0,0,0,dx,ndom,2017-11-30 15:07:30,TD18
0,0,0,dx,ndom,2017-11-30 15:07:31,TD18
0,0,0,dx,ndom,2017-11-30 15:07:32,TD18
0,0,0,dx,ndom,2017-11-30 15:07:33,TD18
0,0,0,dx,ndom,2017-11-30 15:07:34,TD18
0,0,0,dx,ndom,2017-11-30 15:07:35,TD18
0,0,0,dx,ndom,2017-11-30 15:07:36,TD18
0,0,0,dx,ndom,2017-11-30 15:07:37,TD18
0,0,0,dx,ndom,2017-11-30 15:07:38,TD18
0,0,0,dx,ndom,2017-11-30 15:07:39,TD18
0,0,0,dx,ndom,2017-11-30 15:07:40,TD18
0,0,0,dx,ndom,2017-11-30 15:07:41,TD18
0,0,0,dx,ndom,2017-11-30 15:07:42,TD18
0,0,0,dx,ndom,2017-11-30 15:07:43,TD18
0,0,0,dx,ndom,2017-11-30 15:07:44,TD18
0,0,0,dx,ndom,2017-11-30 15:07:45,TD18
0,0,0,dx,ndom,2017-11-30 15:07:46,TD18
0,0,0,dx,ndom,2017-11-30 15:07:47,TD18
0,0,0,dx,ndom,2017-11-30 15:07:48,TD18
0,0,0,dx,ndom,2017-11-30 15:07:49,TD18
0,0,0,dx,ndom,2017-11-30 15:07:50,TD18
0,0,0,dx,ndom,2017-11-30 15:07:51,TD18
0,0,0,dx,ndom,2017-11-30 15:07:52,TD18
0,0,0,dx,ndom,2017-11-30 15:07:53,TD18
0,0,0,dx,ndom,2017-11-30 15:07:54,TD18
0,0,0,dx,ndom,2017-11-30 15:07:55,TD18
0,0,0,dx,ndom,2017-11-30 15:07:56,TD18
0,0,0,dx,ndom,2017-11-30 15:07:57,TD18
0,0,0,dx,ndom,2017-11-30 15:07:58,TD18
0,0,0,dx,ndom,2017-11-30 15:07:59,TD18
0,0,0,dx,ndom,2017-11-30 15:08:00,TD18
0,0,0,dx,ndom,2017-11-30 15:08:01,TD18
0,0,0,dx,ndom,2017-11-30 15:08:02,TD18
0,0,0,dx,ndom,2017-11-30 15:08:03,TD18
0,0,0,dx,ndom,2017-11-30 15:08:04,TD18
0,0,0,dx,ndom,2017-11-30 15:08:05,TD18
0,0,0,dx,ndom,2017-11-30 15:08:06,TD18
0,0,0,dx,ndom,2017-11-30 15:08:07,TD18
0,0,0,dx,ndom,2017-11-30 15:08:08,TD18
0,0,0,dx,ndom,2017-11-30 15:08:09,TD18
0,0,0,dx,ndom,2017-11-30 15:08:10,TD18
0,0,0,dx,ndom,2017-11-30 15:08:11,TD18
0,0,0,dx,ndom,2017-11-30 15:08:12,TD18
0,0,0,dx,ndom,2017-11-30 15:08:13,TD18
0,0,0,dx,ndom,2017-11-30 15:08:14,TD18
0,0,0,dx,ndom,2017-11-30 15:08:15,TD18
0,0,0,dx,ndom,2017-11-30 15:08:16,TD18
0,0,0,dx,ndom,2017-11-30 15:08:17,TD18
0,0,0,dx,ndom,2017-11-30 15:08:18,TD18
0,0,0,dx,ndom,2017-11-30 15:08:19,TD18
0,0,0,dx,ndom,2017-11-30 15:08:20,TD18
0,10,23,sx,dom,2017-11-30 16:43:25,TD19
0,0,2,sx,dom,2017-11-30 16:43:26,TD19
0,25,52,sx,dom,2017-11-30 16:43:27,TD19
0,17,23,sx,dom,2017-11-30 16:43:28,TD19
0,9,26,sx,dom,2017-11-30 16:43:29,TD19
0,32,63,sx,dom,2017-11-30 16:43:30,TD19
0,23,59,sx,dom,2017-11-30 16:43:31,TD19
0,3,28,sx,dom,2017-11-30 16:43:32,TD19
0,63,120,sx,dom,2017-11-30 16:43:33,TD19
0,32,85,sx,dom,2017-11-30 16:43:34,TD19
1,24,74,sx,dom,2017-11-30 16:43:35,TD19
49,50,87,sx,dom,2017-11-30 16:43:36,TD19
31,16,50,sx,dom,2017-11-30 16:43:37,TD19
16,40,92,sx,dom,2017-11-30 16:43:38,TD19
10,29,74,sx,dom,2017-11-30 16:43:39,TD19
37,51,97,sx,dom,2017-11-30 16:43:40,TD19
28,44,81,sx,dom,2017-11-30 16:43:41,TD19
27,53,88,sx,dom,2017-11-30 16:43:42,TD19
13,22,39,sx,dom,2017-11-30 16:43:43,TD19
0,0,18,sx,dom,2017-11-30 16:43:44,TD19
20,29,47,sx,dom,2017-11-30 16:43:45,TD19
9,27,42,sx,dom,2017-11-30 16:43:46,TD19
11,13,17,sx,dom,2017-11-30 16:43:47,TD19
24,0,36,sx,dom,2017-11-30 16:43:48,TD19
35,0,15,sx,dom,2017-11-30 16:43:49,TD19
0,2,16,sx,dom,2017-11-30 16:43:50,TD19
4,23,34,sx,dom,2017-11-30 16:43:51,TD19
11,11,30,sx,dom,2017-11-30 16:43:52,TD19
2,0,20,sx,dom,2017-11-30 16:43:53,TD19
22,42,90,sx,dom,2017-11-30 16:43:54,TD19
0,22,29,sx,dom,2017-11-30 16:43:55,TD19
0,26,60,sx,dom,2017-11-30 16:43:56,TD19
0,11,31,sx,dom,2017-11-30 16:43:57,TD19
0,8,30,sx,dom,2017-11-30 16:43:58,TD19
0,0,25,sx,dom,2017-11-30 16:43:59,TD19
6,0,8,sx,dom,2017-11-30 16:44:00,TD19
0,0,11,sx,dom,2017-11-30 16:44:01,TD19
5,0,0,sx,dom,2017-11-30 16:44:02,TD19
1,0,15,sx,dom,2017-11-30 16:44:03,TD19
0,0,25,sx,dom,2017-11-30 16:44:04,TD19
4,0,0,sx,dom,2017-11-30 16:44:05,TD19
8,0,0,sx,dom,2017-11-30 16:44:06,TD19
16,2,30,sx,dom,2017-11-30 16:44:07,TD19
1,0,1,sx,dom,2017-11-30 16:44:08,TD19
0,0,23,sx,dom,2017-11-30 16:44:09,TD19
24,0,33,sx,dom,2017-11-30 16:44:10,TD19
7,0,23,sx,dom,2017-11-30 16:44:11,TD19
0,0,10,sx,dom,2017-11-30 16:44:12,TD19
58,59,57,sx,dom,2017-11-30 16:44:13,TD19
122,100,34,sx,dom,2017-11-30 16:44:14,TD19
20,22,24,sx,dom,2017-11-30 16:44:15,TD19
47,0,0,sx,dom,2017-11-30 16:44:16,TD19
13,31,0,sx,dom,2017-11-30 16:44:17,TD19
0,10,0,sx,dom,2017-11-30 16:44:18,TD19
0,0,0,sx,dom,2017-11-30 16:44:19,TD19
0,0,0,sx,dom,2017-11-30 16:44:20,TD19
0,0,0,sx,dom,2017-11-30 16:44:21,TD19
0,0,0,sx,dom,2017-11-30 16:44:22,TD19
0,0,0,sx,dom,2017-11-30 16:44:23,TD19
0,0,0,sx,dom,2017-11-30 16:44:24,TD19
0,0,0,sx,dom,2017-11-30 16:44:25,TD19
146,62,56,dx,dom,2017-11-30 16:43:25,TD19
255,111,164,dx,dom,2017-11-30 16:43:26,TD19
246,144,176,dx,dom,2017-11-30 16:43:27,TD19
336,105,103,dx,dom,2017-11-30 16:43:28,TD19
345,107,102,dx,dom,2017-11-30 16:43:29,TD19
108,103,62,dx,dom,2017-11-30 16:43:30,TD19
226,157,101,dx,dom,2017-11-30 16:43:31,TD19
216,104,67,dx,dom,2017-11-30 16:43:32,TD19
327,122,110,dx,dom,2017-11-30 16:43:33,TD19
109,163,61,dx,dom,2017-11-30 16:43:34,TD19
79,68,13,dx,dom,2017-11-30 16:43:35,TD19
96,92,18,dx,dom,2017-11-30 16:43:36,TD19
103,54,20,dx,dom,2017-11-30 16:43:37,TD19
87,113,40,dx,dom,2017-11-30 16:43:38,TD19
82,124,10,dx,dom,2017-11-30 16:43:39,TD19
68,94,33,dx,dom,2017-11-30 16:43:40,TD19
45,42,25,dx,dom,2017-11-30 16:43:41,TD19
58,96,42,dx,dom,2017-11-30 16:43:42,TD19
51,63,28,dx,dom,2017-11-30 16:43:43,TD19
81,60,63,dx,dom,2017-11-30 16:43:44,TD19
26,20,18,dx,dom,2017-11-30 16:43:45,TD19
69,16,19,dx,dom,2017-11-30 16:43:46,TD19
56,64,47,dx,dom,2017-11-30 16:43:47,TD19
67,81,46,dx,dom,2017-11-30 16:43:48,TD19
79,57,33,dx,dom,2017-11-30 16:43:49,TD19
95,66,46,dx,dom,2017-11-30 16:43:50,TD19
52,22,31,dx,dom,2017-11-30 16:43:51,TD19
38,54,23,dx,dom,2017-11-30 16:43:52,TD19
84,40,78,dx,dom,2017-11-30 16:43:53,TD19
63,37,32,dx,dom,2017-11-30 16:43:54,TD19
70,14,54,dx,dom,2017-11-30 16:43:55,TD19
59,81,19,dx,dom,2017-11-30 16:43:56,TD19
85,35,72,dx,dom,2017-11-30 16:43:57,TD19
45,62,43,dx,dom,2017-11-30 16:43:58,TD19
63,41,43,dx,dom,2017-11-30 16:43:59,TD19
48,64,17,dx,dom,2017-11-30 16:44:00,TD19
76,89,13,dx,dom,2017-11-30 16:44:01,TD19
82,25,25,dx,dom,2017-11-30 16:44:02,TD19
131,81,31,dx,dom,2017-11-30 16:44:03,TD19
102,141,35,dx,dom,2017-11-30 16:44:04,TD19
69,81,39,dx,dom,2017-11-30 16:44:05,TD19
87,56,52,dx,dom,2017-11-30 16:44:06,TD19
46,56,13,dx,dom,2017-11-30 16:44:07,TD19
75,62,42,dx,dom,2017-11-30 16:44:08,TD19
77,118,40,dx,dom,2017-11-30 16:44:09,TD19
98,27,118,dx,dom,2017-11-30 16:44:10,TD19
75,53,55,dx,dom,2017-11-30 16:44:11,TD19
37,48,32,dx,dom,2017-11-30 16:44:12,TD19
80,31,18,dx,dom,2017-11-30 16:44:13,TD19
113,51,12,dx,dom,2017-11-30 16:44:14,TD19
92,24,47,dx,dom,2017-11-30 16:44:15,TD19
90,40,35,dx,dom,2017-11-30 16:44:16,TD19
86,35,34,dx,dom,2017-11-30 16:44:17,TD19
52,68,40,dx,dom,2017-11-30 16:44:18,TD19
77,44,31,dx,dom,2017-11-30 16:44:19,TD19
75,7,45,dx,dom,2017-11-30 16:44:20,TD19
63,38,24,dx,dom,2017-11-30 16:44:21,TD19
29,63,7,dx,dom,2017-11-30 16:44:22,TD19
62,36,14,dx,dom,2017-11-30 16:44:23,TD19
62,56,34,dx,dom,2017-11-30 16:44:24,TD19
24,101,88,dx,dom,2017-11-30 16:44:25,TD19
109,56,111,sx,ndom,2017-11-30 16:45:25,TD19
49,37,119,sx,ndom,2017-11-30 16:45:26,TD19
40,64,54,sx,ndom,2017-11-30 16:45:27,TD19
40,44,61,sx,ndom,2017-11-30 16:45:28,TD19
46,60,48,sx,ndom,2017-11-30 16:45:29,TD19
56,53,108,sx,ndom,2017-11-30 16:45:30,TD19
23,56,51,sx,ndom,2017-11-30 16:45:31,TD19
41,28,57,sx,ndom,2017-11-30 16:45:32,TD19
70,39,36,sx,ndom,2017-11-30 16:45:33,TD19
46,24,30,sx,ndom,2017-11-30 16:45:34,TD19
27,29,11,sx,ndom,2017-11-30 16:45:35,TD19
33,7,41,sx,ndom,2017-11-30 16:45:36,TD19
92,27,42,sx,ndom,2017-11-30 16:45:37,TD19
41,69,39,sx,ndom,2017-11-30 16:45:38,TD19
61,47,34,sx,ndom,2017-11-30 16:45:39,TD19
50,23,20,sx,ndom,2017-11-30 16:45:40,TD19
51,26,23,sx,ndom,2017-11-30 16:45:41,TD19
62,15,23,sx,ndom,2017-11-30 16:45:42,TD19
78,49,16,sx,ndom,2017-11-30 16:45:43,TD19
58,11,7,sx,ndom,2017-11-30 16:45:44,TD19
97,78,80,sx,ndom,2017-11-30 16:45:45,TD19
101,98,77,sx,ndom,2017-11-30 16:45:46,TD19
86,49,88,sx,ndom,2017-11-30 16:45:47,TD19
28,35,41,sx,ndom,2017-11-30 16:45:48,TD19
56,37,84,sx,ndom,2017-11-30 16:45:49,TD19
12,15,33,sx,ndom,2017-11-30 16:45:50,TD19
44,53,125,sx,ndom,2017-11-30 16:45:51,TD19
6,12,2,sx,ndom,2017-11-30 16:45:52,TD19
29,5,11,sx,ndom,2017-11-30 16:45:53,TD19
49,53,74,sx,ndom,2017-11-30 16:45:54,TD19
49,45,58,sx,ndom,2017-11-30 16:45:55,TD19
8,21,78,sx,ndom,2017-11-30 16:45:56,TD19
25,38,48,sx,ndom,2017-11-30 16:45:57,TD19
37,27,19,sx,ndom,2017-11-30 16:45:58,TD19
55,35,51,sx,ndom,2017-11-30 16:45:59,TD19
47,24,182,sx,ndom,2017-11-30 16:46:00,TD19
19,221,207,sx,ndom,2017-11-30 16:46:01,TD19
25,177,90,sx,ndom,2017-11-30 16:46:02,TD19
3,84,66,sx,ndom,2017-11-30 16:46:03,TD19
59,45,35,sx,ndom,2017-11-30 16:46:04,TD19
32,58,46,sx,ndom,2017-11-30 16:46:05,TD19
65,105,40,sx,ndom,2017-11-30 16:46:06,TD19
0,78,21,sx,ndom,2017-11-30 16:46:07,TD19
39,53,35,sx,ndom,2017-11-30 16:46:08,TD19
90,36,86,sx,ndom,2017-11-30 16:46:09,TD19
62,28,22,sx,ndom,2017-11-30 16:46:10,TD19
65,66,57,sx,ndom,2017-11-30 16:46:11,TD19
62,27,34,sx,ndom,2017-11-30 16:46:12,TD19
39,33,0,sx,ndom,2017-11-30 16:46:13,TD19
16,25,5,sx,ndom,2017-11-30 16:46:14,TD19
71,137,35,sx,ndom,2017-11-30 16:46:15,TD19
30,123,44,sx,ndom,2017-11-30 16:46:16,TD19
110,57,96,sx,ndom,2017-11-30 16:46:17,TD19
59,50,83,sx,ndom,2017-11-30 16:46:18,TD19
98,72,91,sx,ndom,2017-11-30 16:46:19,TD19
78,91,111,sx,ndom,2017-11-30 16:46:20,TD19
38,84,49,sx,ndom,2017-11-30 16:46:21,TD19
94,44,57,sx,ndom,2017-11-30 16:46:22,TD19
93,107,125,sx,ndom,2017-11-30 16:46:23,TD19
172,94,213,sx,ndom,2017-11-30 16:46:24,TD19
21,230,98,sx,ndom,2017-11-30 16:46:25,TD19
14,0,0,dx,ndom,2017-11-30 16:45:25,TD19
15,0,0,dx,ndom,2017-11-30 16:45:26,TD19
0,0,0,dx,ndom,2017-11-30 16:45:27,TD19
0,0,0,dx,ndom,2017-11-30 16:45:28,TD19
0,0,0,dx,ndom,2017-11-30 16:45:29,TD19
0,0,0,dx,ndom,2017-11-30 16:45:30,TD19
0,0,0,dx,ndom,2017-11-30 16:45:31,TD19
0,0,0,dx,ndom,2017-11-30 16:45:32,TD19
0,0,0,dx,ndom,2017-11-30 16:45:33,TD19
0,0,0,dx,ndom,2017-11-30 16:45:34,TD19
0,0,0,dx,ndom,2017-11-30 16:45:35,TD19
0,0,0,dx,ndom,2017-11-30 16:45:36,TD19
0,0,0,dx,ndom,2017-11-30 16:45:37,TD19
0,0,0,dx,ndom,2017-11-30 16:45:38,TD19
0,0,0,dx,ndom,2017-11-30 16:45:39,TD19
0,0,0,dx,ndom,2017-11-30 16:45:40,TD19
0,0,0,dx,ndom,2017-11-30 16:45:41,TD19
0,0,0,dx,ndom,2017-11-30 16:45:42,TD19
35,0,15,dx,ndom,2017-11-30 16:45:43,TD19
176,150,59,dx,ndom,2017-11-30 16:45:44,TD19
254,18,81,dx,ndom,2017-11-30 16:45:45,TD19
82,184,105,dx,ndom,2017-11-30 16:45:46,TD19
0,21,4,dx,ndom,2017-11-30 16:45:47,TD19
0,0,0,dx,ndom,2017-11-30 16:45:48,TD19
0,0,0,dx,ndom,2017-11-30 16:45:49,TD19
0,0,0,dx,ndom,2017-11-30 16:45:50,TD19
0,0,0,dx,ndom,2017-11-30 16:45:51,TD19
0,0,0,dx,ndom,2017-11-30 16:45:52,TD19
0,0,0,dx,ndom,2017-11-30 16:45:53,TD19
0,0,0,dx,ndom,2017-11-30 16:45:54,TD19
0,0,0,dx,ndom,2017-11-30 16:45:55,TD19
0,0,0,dx,ndom,2017-11-30 16:45:56,TD19
0,0,0,dx,ndom,2017-11-30 16:45:57,TD19
0,0,0,dx,ndom,2017-11-30 16:45:58,TD19
8,0,0,dx,ndom,2017-11-30 16:45:59,TD19
0,0,0,dx,ndom,2017-11-30 16:46:00,TD19
0,0,0,dx,ndom,2017-11-30 16:46:01,TD19
0,0,0,dx,ndom,2017-11-30 16:46:02,TD19
0,0,0,dx,ndom,2017-11-30 16:46:03,TD19
0,0,0,dx,ndom,2017-11-30 16:46:04,TD19
0,0,0,dx,ndom,2017-11-30 16:46:05,TD19
0,0,0,dx,ndom,2017-11-30 16:46:06,TD19
0,0,0,dx,ndom,2017-11-30 16:46:07,TD19
0,0,0,dx,ndom,2017-11-30 16:46:08,TD19
0,0,0,dx,ndom,2017-11-30 16:46:09,TD19
0,0,0,dx,ndom,2017-11-30 16:46:10,TD19
0,0,0,dx,ndom,2017-11-30 16:46:11,TD19
0,0,0,dx,ndom,2017-11-30 16:46:12,TD19
0,0,0,dx,ndom,2017-11-30 16:46:13,TD19
0,2,0,dx,ndom,2017-11-30 16:46:14,TD19
0,0,0,dx,ndom,2017-11-30 16:46:15,TD19
0,0,5,dx,ndom,2017-11-30 16:46:16,TD19
0,0,0,dx,ndom,2017-11-30 16:46:17,TD19
0,0,0,dx,ndom,2017-11-30 16:46:18,TD19
0,0,0,dx,ndom,2017-11-30 16:46:19,TD19
3,0,0,dx,ndom,2017-11-30 16:46:20,TD19
0,0,0,dx,ndom,2017-11-30 16:46:21,TD19
0,0,0,dx,ndom,2017-11-30 16:46:22,TD19
21,19,61,dx,ndom,2017-11-30 16:46:23,TD19
88,171,183,dx,ndom,2017-11-30 16:46:24,TD19
23,11,33,dx,ndom,2017-11-30 16:46:25,TD19
0,0,0,sx,dom,2016-03-09 19:11:19,TD20
0,0,0,sx,dom,2016-03-09 19:11:20,TD20
0,0,0,sx,dom,2016-03-09 19:11:21,TD20
0,0,0,sx,dom,2016-03-09 19:11:22,TD20
0,0,2,sx,dom,2016-03-09 19:11:23,TD20
5,1,9,sx,dom,2016-03-09 19:11:24,TD20
7,17,18,sx,dom,2016-03-09 19:11:25,TD20
0,1,0,sx,dom,2016-03-09 19:11:26,TD20
0,0,0,sx,dom,2016-03-09 19:11:27,TD20
0,0,0,sx,dom,2016-03-09 19:11:28,TD20
0,0,0,sx,dom,2016-03-09 19:11:29,TD20
0,0,0,sx,dom,2016-03-09 19:11:30,TD20
0,0,4,sx,dom,2016-03-09 19:11:31,TD20
0,0,8,sx,dom,2016-03-09 19:11:32,TD20
0,0,13,sx,dom,2016-03-09 19:11:33,TD20
0,5,4,sx,dom,2016-03-09 19:11:34,TD20
34,30,38,sx,dom,2016-03-09 19:11:35,TD20
28,151,83,sx,dom,2016-03-09 19:11:36,TD20
9,110,99,sx,dom,2016-03-09 19:11:37,TD20
5,88,30,sx,dom,2016-03-09 19:11:38,TD20
0,65,0,sx,dom,2016-03-09 19:11:39,TD20
0,8,0,sx,dom,2016-03-09 19:11:40,TD20
0,0,0,sx,dom,2016-03-09 19:11:41,TD20
48,145,93,sx,dom,2016-03-09 19:11:42,TD20
0,57,32,sx,dom,2016-03-09 19:11:43,TD20
95,204,227,sx,dom,2016-03-09 19:11:44,TD20
80,262,125,sx,dom,2016-03-09 19:11:45,TD20
49,52,73,sx,dom,2016-03-09 19:11:46,TD20
37,124,123,sx,dom,2016-03-09 19:11:47,TD20
49,37,78,sx,dom,2016-03-09 19:11:48,TD20
4,13,3,sx,dom,2016-03-09 19:11:49,TD20
35,0,15,sx,dom,2016-03-09 19:11:50,TD20
3,4,22,sx,dom,2016-03-09 19:11:51,TD20
0,64,10,sx,dom,2016-03-09 19:11:52,TD20
0,17,7,sx,dom,2016-03-09 19:11:53,TD20
28,90,61,sx,dom,2016-03-09 19:11:54,TD20
165,83,115,sx,dom,2016-03-09 19:11:55,TD20
97,102,89,sx,dom,2016-03-09 19:11:56,TD20
41,57,53,sx,dom,2016-03-09 19:11:57,TD20
19,5,14,sx,dom,2016-03-09 19:11:58,TD20
92,44,62,sx,dom,2016-03-09 19:11:59,TD20
67,121,29,sx,dom,2016-03-09 19:12:00,TD20
12,87,19,sx,dom,2016-03-09 19:12:01,TD20
0,19,0,sx,dom,2016-03-09 19:12:02,TD20
0,10,0,sx,dom,2016-03-09 19:12:03,TD20
18,19,28,sx,dom,2016-03-09 19:12:04,TD20
38,20,14,sx,dom,2016-03-09 19:12:05,TD20
49,107,50,sx,dom,2016-03-09 19:12:06,TD20
9,15,10,sx,dom,2016-03-09 19:12:07,TD20
0,17,13,sx,dom,2016-03-09 19:12:08,TD20
0,16,0,sx,dom,2016-03-09 19:12:09,TD20
0,0,0,sx,dom,2016-03-09 19:12:10,TD20
0,0,0,sx,dom,2016-03-09 19:12:11,TD20
0,43,19,sx,dom,2016-03-09 19:12:12,TD20
0,17,26,sx,dom,2016-03-09 19:12:13,TD20
0,2,0,sx,dom,2016-03-09 19:12:14,TD20
0,6,0,sx,dom,2016-03-09 19:12:15,TD20
0,0,0,sx,dom,2016-03-09 19:12:16,TD20
0,12,0,sx,dom,2016-03-09 19:12:17,TD20
0,3,0,sx,dom,2016-03-09 19:12:18,TD20
148,178,72,sx,dom,2016-03-09 19:12:19,TD20
112,43,4,dx,dom,2016-03-09 19:11:19,TD20
73,205,181,dx,dom,2016-03-09 19:11:20,TD20
9,59,42,dx,dom,2016-03-09 19:11:21,TD20
0,1,0,dx,dom,2016-03-09 19:11:22,TD20
0,0,0,dx,dom,2016-03-09 19:11:23,TD20
0,0,0,dx,dom,2016-03-09 19:11:24,TD20
0,0,0,dx,dom,2016-03-09 19:11:25,TD20
0,0,0,dx,dom,2016-03-09 19:11:26,TD20
0,0,0,dx,dom,2016-03-09 19:11:27,TD20
0,7,0,dx,dom,2016-03-09 19:11:28,TD20
0,0,0,dx,dom,2016-03-09 19:11:29,TD20
0,0,0,dx,dom,2016-03-09 19:11:30,TD20
0,0,0,dx,dom,2016-03-09 19:11:31,TD20
0,0,0,dx,dom,2016-03-09 19:11:32,TD20
0,0,0,dx,dom,2016-03-09 19:11:33,TD20
0,0,0,dx,dom,2016-03-09 19:11:34,TD20
0,0,0,dx,dom,2016-03-09 19:11:35,TD20
0,0,0,dx,dom,2016-03-09 19:11:36,TD20
0,0,0,dx,dom,2016-03-09 19:11:37,TD20
0,0,0,dx,dom,2016-03-09 19:11:38,TD20
0,0,0,dx,dom,2016-03-09 19:11:39,TD20
0,0,0,dx,dom,2016-03-09 19:11:40,TD20
0,0,0,dx,dom,2016-03-09 19:11:41,TD20
0,0,0,dx,dom,2016-03-09 19:11:42,TD20
0,0,0,dx,dom,2016-03-09 19:11:43,TD20
185,97,121,dx,dom,2016-03-09 19:11:44,TD20
70,46,49,dx,dom,2016-03-09 19:11:45,TD20
90,89,85,dx,dom,2016-03-09 19:11:46,TD20
138,93,265,dx,dom,2016-03-09 19:11:47,TD20
82,85,96,dx,dom,2016-03-09 19:11:48,TD20
20,38,34,dx,dom,2016-03-09 19:11:49,TD20
16,15,19,dx,dom,2016-03-09 19:11:50,TD20
91,137,12,dx,dom,2016-03-09 19:11:51,TD20
13,58,20,dx,dom,2016-03-09 19:11:52,TD20
24,20,18,dx,dom,2016-03-09 19:11:53,TD20
6,64,37,dx,dom,2016-03-09 19:11:54,TD20
35,49,55,dx,dom,2016-03-09 19:11:55,TD20
68,4,52,dx,dom,2016-03-09 19:11:56,TD20
72,88,71,dx,dom,2016-03-09 19:11:57,TD20
45,45,42,dx,dom,2016-03-09 19:11:58,TD20
0,0,46,dx,dom,2016-03-09 19:11:59,TD20
31,64,97,dx,dom,2016-03-09 19:12:00,TD20
11,39,16,dx,dom,2016-03-09 19:12:01,TD20
0,41,14,dx,dom,2016-03-09 19:12:02,TD20
12,13,8,dx,dom,2016-03-09 19:12:03,TD20
0,0,0,dx,dom,2016-03-09 19:12:04,TD20
13,14,8,dx,dom,2016-03-09 19:12:05,TD20
62,50,59,dx,dom,2016-03-09 19:12:06,TD20
0,8,22,dx,dom,2016-03-09 19:12:07,TD20
0,3,0,dx,dom,2016-03-09 19:12:08,TD20
0,0,0,dx,dom,2016-03-09 19:12:09,TD20
0,0,0,dx,dom,2016-03-09 19:12:10,TD20
0,0,0,dx,dom,2016-03-09 19:12:11,TD20
76,167,186,dx,dom,2016-03-09 19:12:12,TD20
109,230,273,dx,dom,2016-03-09 19:12:13,TD20
19,58,33,dx,dom,2016-03-09 19:12:14,TD20
0,0,0,dx,dom,2016-03-09 19:12:15,TD20
0,0,0,dx,dom,2016-03-09 19:12:16,TD20
0,0,0,dx,dom,2016-03-09 19:12:17,TD20
0,0,0,dx,dom,2016-03-09 19:12:18,TD20
95,102,21,dx,dom,2016-03-09 19:12:19,TD20
0,0,0,sx,ndom,2016-03-09 19:21:02,TD20
0,0,0,sx,ndom,2016-03-09 19:21:03,TD20
0,0,0,sx,ndom,2016-03-09 19:21:04,TD20
0,40,0,sx,ndom,2016-03-09 19:21:05,TD20
0,11,0,sx,ndom,2016-03-09 19:21:06,TD20
0,0,0,sx,ndom,2016-03-09 19:21:07,TD20
0,1,0,sx,ndom,2016-03-09 19:21:08,TD20
0,4,0,sx,ndom,2016-03-09 19:21:09,TD20
0,0,0,sx,ndom,2016-03-09 19:21:10,TD20
0,0,0,sx,ndom,2016-03-09 19:21:11,TD20
0,0,0,sx,ndom,2016-03-09 19:21:12,TD20
0,0,0,sx,ndom,2016-03-09 19:21:13,TD20
0,0,0,sx,ndom,2016-03-09 19:21:14,TD20
0,0,0,sx,ndom,2016-03-09 19:21:15,TD20
0,0,0,sx,ndom,2016-03-09 19:21:16,TD20
0,0,0,sx,ndom,2016-03-09 19:21:17,TD20
0,0,0,sx,ndom,2016-03-09 19:21:18,TD20
0,0,0,sx,ndom,2016-03-09 19:21:19,TD20
0,0,0,sx,ndom,2016-03-09 19:21:20,TD20
0,0,0,sx,ndom,2016-03-09 19:21:21,TD20
0,0,0,sx,ndom,2016-03-09 19:21:22,TD20
0,0,0,sx,ndom,2016-03-09 19:21:23,TD20
0,0,0,sx,ndom,2016-03-09 19:21:24,TD20
0,0,0,sx,ndom,2016-03-09 19:21:25,TD20
0,0,0,sx,ndom,2016-03-09 19:21:26,TD20
0,0,0,sx,ndom,2016-03-09 19:21:27,TD20
0,0,0,sx,ndom,2016-03-09 19:21:28,TD20
0,0,0,sx,ndom,2016-03-09 19:21:29,TD20
0,0,0,sx,ndom,2016-03-09 19:21:30,TD20
0,0,0,sx,ndom,2016-03-09 19:21:31,TD20
0,0,0,sx,ndom,2016-03-09 19:21:32,TD20
0,0,0,sx,ndom,2016-03-09 19:21:33,TD20
0,0,0,sx,ndom,2016-03-09 19:21:34,TD20
0,0,0,sx,ndom,2016-03-09 19:21:35,TD20
0,0,0,sx,ndom,2016-03-09 19:21:36,TD20
0,0,0,sx,ndom,2016-03-09 19:21:37,TD20
0,0,0,sx,ndom,2016-03-09 19:21:38,TD20
0,0,0,sx,ndom,2016-03-09 19:21:39,TD20
0,0,0,sx,ndom,2016-03-09 19:21:40,TD20
0,0,0,sx,ndom,2016-03-09 19:21:41,TD20
0,0,0,sx,ndom,2016-03-09 19:21:42,TD20
0,0,0,sx,ndom,2016-03-09 19:21:43,TD20
0,0,0,sx,ndom,2016-03-09 19:21:44,TD20
0,0,0,sx,ndom,2016-03-09 19:21:45,TD20
0,0,0,sx,ndom,2016-03-09 19:21:46,TD20
0,0,0,sx,ndom,2016-03-09 19:21:47,TD20
0,0,0,sx,ndom,2016-03-09 19:21:48,TD20
0,0,0,sx,ndom,2016-03-09 19:21:49,TD20
0,0,0,sx,ndom,2016-03-09 19:21:50,TD20
0,0,0,sx,ndom,2016-03-09 19:21:51,TD20
0,0,0,sx,ndom,2016-03-09 19:21:52,TD20
0,0,0,sx,ndom,2016-03-09 19:21:53,TD20
0,0,0,sx,ndom,2016-03-09 19:21:54,TD20
0,0,0,sx,ndom,2016-03-09 19:21:55,TD20
0,0,0,sx,ndom,2016-03-09 19:21:56,TD20
0,0,0,sx,ndom,2016-03-09 19:21:57,TD20
0,0,0,sx,ndom,2016-03-09 19:21:58,TD20
0,0,0,sx,ndom,2016-03-09 19:21:59,TD20
0,0,0,sx,ndom,2016-03-09 19:22:00,TD20
0,0,0,sx,ndom,2016-03-09 19:22:01,TD20
53,45,4,sx,ndom,2016-03-09 19:22:02,TD20
0,0,0,dx,ndom,2016-03-09 19:21:02,TD20
0,0,0,dx,ndom,2016-03-09 19:21:03,TD20
0,6,2,dx,ndom,2016-03-09 19:21:04,TD20
0,0,10,dx,ndom,2016-03-09 19:21:05,TD20
0,0,0,dx,ndom,2016-03-09 19:21:06,TD20
0,0,0,dx,ndom,2016-03-09 19:21:07,TD20
0,0,0,dx,ndom,2016-03-09 19:21:08,TD20
0,0,0,dx,ndom,2016-03-09 19:21:09,TD20
9,4,7,dx,ndom,2016-03-09 19:21:10,TD20
0,0,0,dx,ndom,2016-03-09 19:21:11,TD20
0,0,0,dx,ndom,2016-03-09 19:21:12,TD20
0,0,0,dx,ndom,2016-03-09 19:21:13,TD20
0,0,0,dx,ndom,2016-03-09 19:21:14,TD20
0,0,0,dx,ndom,2016-03-09 19:21:15,TD20
0,0,0,dx,ndom,2016-03-09 19:21:16,TD20
0,1,0,dx,ndom,2016-03-09 19:21:17,TD20
0,2,0,dx,ndom,2016-03-09 19:21:18,TD20
0,0,0,dx,ndom,2016-03-09 19:21:19,TD20
0,0,0,dx,ndom,2016-03-09 19:21:20,TD20
10,19,17,dx,ndom,2016-03-09 19:21:21,TD20
0,11,6,dx,ndom,2016-03-09 19:21:22,TD20
0,0,2,dx,ndom,2016-03-09 19:21:23,TD20
0,0,0,dx,ndom,2016-03-09 19:21:24,TD20
0,0,0,dx,ndom,2016-03-09 19:21:25,TD20
0,0,0,dx,ndom,2016-03-09 19:21:26,TD20
0,0,0,dx,ndom,2016-03-09 19:21:27,TD20
0,0,0,dx,ndom,2016-03-09 19:21:28,TD20
0,2,0,dx,ndom,2016-03-09 19:21:29,TD20
0,0,0,dx,ndom,2016-03-09 19:21:30,TD20
0,0,0,dx,ndom,2016-03-09 19:21:31,TD20
0,12,10,dx,ndom,2016-03-09 19:21:32,TD20
0,0,0,dx,ndom,2016-03-09 19:21:33,TD20
0,0,0,dx,ndom,2016-03-09 19:21:34,TD20
0,0,0,dx,ndom,2016-03-09 19:21:35,TD20
0,0,0,dx,ndom,2016-03-09 19:21:36,TD20
0,0,0,dx,ndom,2016-03-09 19:21:37,TD20
5,2,0,dx,ndom,2016-03-09 19:21:38,TD20
0,0,0,dx,ndom,2016-03-09 19:21:39,TD20
0,3,0,dx,ndom,2016-03-09 19:21:40,TD20
0,0,0,dx,ndom,2016-03-09 19:21:41,TD20
0,0,0,dx,ndom,2016-03-09 19:21:42,TD20
0,0,0,dx,ndom,2016-03-09 19:21:43,TD20
8,9,4,dx,ndom,2016-03-09 19:21:44,TD20
0,0,0,dx,ndom,2016-03-09 19:21:45,TD20
0,0,0,dx,ndom,2016-03-09 19:21:46,TD20
5,5,7,dx,ndom,2016-03-09 19:21:47,TD20
0,0,0,dx,ndom,2016-03-09 19:21:48,TD20
0,3,0,dx,ndom,2016-03-09 19:21:49,TD20
1,2,0,dx,ndom,2016-03-09 19:21:50,TD20
0,0,0,dx,ndom,2016-03-09 19:21:51,TD20
0,0,0,dx,ndom,2016-03-09 19:21:52,TD20
0,0,0,dx,ndom,2016-03-09 19:21:53,TD20
0,0,2,dx,ndom,2016-03-09 19:21:54,TD20
0,0,0,dx,ndom,2016-03-09 19:21:55,TD20
0,1,0,dx,ndom,2016-03-09 19:21:56,TD20
0,0,0,dx,ndom,2016-03-09 19:21:57,TD20
0,2,0,dx,ndom,2016-03-09 19:21:58,TD20
0,0,2,dx,ndom,2016-03-09 19:21:59,TD20
0,0,0,dx,ndom,2016-03-09 19:22:00,TD20
0,14,11,dx,ndom,2016-03-09 19:22:01,TD20
20,29,49,dx,ndom,2016-03-09 19:22:02,TD20
0,0,0,sx,dom,2017-12-03 18:47:20,TD21
0,0,0,sx,dom,2017-12-03 18:47:21,TD21
0,0,0,sx,dom,2017-12-03 18:47:22,TD21
0,0,0,sx,dom,2017-12-03 18:47:23,TD21
0,0,0,sx,dom,2017-12-03 18:47:24,TD21
4,0,0,sx,dom,2017-12-03 18:47:25,TD21
0,0,0,sx,dom,2017-12-03 18:47:26,TD21
0,0,0,sx,dom,2017-12-03 18:47:27,TD21
0,0,0,sx,dom,2017-12-03 18:47:28,TD21
0,0,0,sx,dom,2017-12-03 18:47:29,TD21
0,0,0,sx,dom,2017-12-03 18:47:30,TD21
0,0,0,sx,dom,2017-12-03 18:47:31,TD21
0,0,0,sx,dom,2017-12-03 18:47:32,TD21
0,0,0,sx,dom,2017-12-03 18:47:33,TD21
0,0,0,sx,dom,2017-12-03 18:47:34,TD21
0,0,0,sx,dom,2017-12-03 18:47:35,TD21
0,0,0,sx,dom,2017-12-03 18:47:36,TD21
0,0,0,sx,dom,2017-12-03 18:47:37,TD21
0,0,0,sx,dom,2017-12-03 18:47:38,TD21
0,0,0,sx,dom,2017-12-03 18:47:39,TD21
0,0,0,sx,dom,2017-12-03 18:47:40,TD21
0,0,0,sx,dom,2017-12-03 18:47:41,TD21
0,0,0,sx,dom,2017-12-03 18:47:42,TD21
0,0,0,sx,dom,2017-12-03 18:47:43,TD21
0,0,0,sx,dom,2017-12-03 18:47:44,TD21
0,0,0,sx,dom,2017-12-03 18:47:45,TD21
0,0,0,sx,dom,2017-12-03 18:47:46,TD21
0,0,0,sx,dom,2017-12-03 18:47:47,TD21
4,0,0,sx,dom,2017-12-03 18:47:48,TD21
0,0,0,sx,dom,2017-12-03 18:47:49,TD21
0,0,0,sx,dom,2017-12-03 18:47:50,TD21
0,0,0,sx,dom,2017-12-03 18:47:51,TD21
0,0,0,sx,dom,2017-12-03 18:47:52,TD21
0,0,0,sx,dom,2017-12-03 18:47:53,TD21
0,0,0,sx,dom,2017-12-03 18:47:54,TD21
0,0,0,sx,dom,2017-12-03 18:47:55,TD21
0,0,0,sx,dom,2017-12-03 18:47:56,TD21
0,0,0,sx,dom,2017-12-03 18:47:57,TD21
0,2,0,sx,dom,2017-12-03 18:47:58,TD21
0,2,0,sx,dom,2017-12-03 18:47:59,TD21
0,0,0,sx,dom,2017-12-03 18:48:00,TD21
0,8,0,sx,dom,2017-12-03 18:48:01,TD21
0,1,0,sx,dom,2017-12-03 18:48:02,TD21
0,1,0,sx,dom,2017-12-03 18:48:03,TD21
0,2,0,sx,dom,2017-12-03 18:48:04,TD21
0,1,0,sx,dom,2017-12-03 18:48:05,TD21
15,9,15,sx,dom,2017-12-03 18:48:06,TD21
64,46,29,sx,dom,2017-12-03 18:48:07,TD21
14,2,0,sx,dom,2017-12-03 18:48:08,TD21
0,0,0,sx,dom,2017-12-03 18:48:09,TD21
0,0,0,sx,dom,2017-12-03 18:48:10,TD21
0,0,0,sx,dom,2017-12-03 18:48:11,TD21
0,0,0,sx,dom,2017-12-03 18:48:12,TD21
0,0,0,sx,dom,2017-12-03 18:48:13,TD21
54,15,4,sx,dom,2017-12-03 18:48:14,TD21
29,0,0,sx,dom,2017-12-03 18:48:15,TD21
2,0,0,sx,dom,2017-12-03 18:48:16,TD21
0,0,0,sx,dom,2017-12-03 18:48:17,TD21
0,0,0,sx,dom,2017-12-03 18:48:18,TD21
36,49,31,sx,dom,2017-12-03 18:48:19,TD21
74,58,124,sx,dom,2017-12-03 18:48:20,TD21
170,105,76,dx,dom,2017-12-03 18:47:20,TD21
187,107,120,dx,dom,2017-12-03 18:47:21,TD21
194,109,131,dx,dom,2017-12-03 18:47:22,TD21
176,121,101,dx,dom,2017-12-03 18:47:23,TD21
229,132,112,dx,dom,2017-12-03 18:47:24,TD21
194,98,93,dx,dom,2017-12-03 18:47:25,TD21
133,71,74,dx,dom,2017-12-03 18:47:26,TD21
141,83,119,dx,dom,2017-12-03 18:47:27,TD21
204,94,132,dx,dom,2017-12-03 18:47:28,TD21
245,87,156,dx,dom,2017-12-03 18:47:29,TD21
134,56,80,dx,dom,2017-12-03 18:47:30,TD21
82,50,78,dx,dom,2017-12-03 18:47:31,TD21
154,92,53,dx,dom,2017-12-03 18:47:32,TD21
100,71,53,dx,dom,2017-12-03 18:47:33,TD21
17,18,16,dx,dom,2017-12-03 18:47:34,TD21
41,47,32,dx,dom,2017-12-03 18:47:35,TD21
151,77,84,dx,dom,2017-12-03 18:47:36,TD21
168,37,95,dx,dom,2017-12-03 18:47:37,TD21
116,44,46,dx,dom,2017-12-03 18:47:38,TD21
208,45,140,dx,dom,2017-12-03 18:47:39,TD21
134,80,49,dx,dom,2017-12-03 18:47:40,TD21
249,62,108,dx,dom,2017-12-03 18:47:41,TD21
101,51,93,dx,dom,2017-12-03 18:47:42,TD21
185,42,55,dx,dom,2017-12-03 18:47:43,TD21
174,83,54,dx,dom,2017-12-03 18:47:44,TD21
101,105,44,dx,dom,2017-12-03 18:47:45,TD21
280,66,81,dx,dom,2017-12-03 18:47:46,TD21
210,48,38,dx,dom,2017-12-03 18:47:47,TD21
57,40,61,dx,dom,2017-12-03 18:47:48,TD21
150,34,79,dx,dom,2017-12-03 18:47:49,TD21
147,29,82,dx,dom,2017-12-03 18:47:50,TD21
138,69,103,dx,dom,2017-12-03 18:47:51,TD21
125,77,105,dx,dom,2017-12-03 18:47:52,TD21
144,56,99,dx,dom,2017-12-03 18:47:53,TD21
99,33,98,dx,dom,2017-12-03 18:47:54,TD21
121,39,66,dx,dom,2017-12-03 18:47:55,TD21
104,56,65,dx,dom,2017-12-03 18:47:56,TD21
95,11,63,dx,dom,2017-12-03 18:47:57,TD21
84,27,65,dx,dom,2017-12-03 18:47:58,TD21
115,42,49,dx,dom,2017-12-03 18:47:59,TD21
64,46,67,dx,dom,2017-12-03 18:48:00,TD21
129,46,50,dx,dom,2017-12-03 18:48:01,TD21
95,52,105,dx,dom,2017-12-03 18:48:02,TD21
115,51,51,dx,dom,2017-12-03 18:48:03,TD21
139,57,60,dx,dom,2017-12-03 18:48:04,TD21
140,22,56,dx,dom,2017-12-03 18:48:05,TD21
147,36,86,dx,dom,2017-12-03 18:48:06,TD21
101,24,72,dx,dom,2017-12-03 18:48:07,TD21
68,25,57,dx,dom,2017-12-03 18:48:08,TD21
43,40,45,dx,dom,2017-12-03 18:48:09,TD21
102,45,63,dx,dom,2017-12-03 18:48:10,TD21
137,8,30,dx,dom,2017-12-03 18:48:11,TD21
111,61,70,dx,dom,2017-12-03 18:48:12,TD21
98,46,35,dx,dom,2017-12-03 18:48:13,TD21
75,47,71,dx,dom,2017-12-03 18:48:14,TD21
101,45,59,dx,dom,2017-12-03 18:48:15,TD21
85,78,45,dx,dom,2017-12-03 18:48:16,TD21
15,63,56,dx,dom,2017-12-03 18:48:17,TD21
53,78,98,dx,dom,2017-12-03 18:48:18,TD21
150,103,145,dx,dom,2017-12-03 18:48:19,TD21
191,51,84,dx,dom,2017-12-03 18:48:20,TD21
228,172,101,sx,ndom,2017-12-03 18:44:15,TD21
237,125,68,sx,ndom,2017-12-03 18:44:16,TD21
175,153,59,sx,ndom,2017-12-03 18:44:17,TD21
186,100,60,sx,ndom,2017-12-03 18:44:18,TD21
186,71,73,sx,ndom,2017-12-03 18:44:19,TD21
186,154,80,sx,ndom,2017-12-03 18:44:20,TD21
271,124,57,sx,ndom,2017-12-03 18:44:21,TD21
177,115,50,sx,ndom,2017-12-03 18:44:22,TD21
212,112,70,sx,ndom,2017-12-03 18:44:23,TD21
197,105,77,sx,ndom,2017-12-03 18:44:24,TD21
238,96,57,sx,ndom,2017-12-03 18:44:25,TD21
174,115,72,sx,ndom,2017-12-03 18:44:26,TD21
223,122,45,sx,ndom,2017-12-03 18:44:27,TD21
179,42,61,sx,ndom,2017-12-03 18:44:28,TD21
206,43,87,sx,ndom,2017-12-03 18:44:29,TD21
260,27,106,sx,ndom,2017-12-03 18:44:30,TD21
190,84,127,sx,ndom,2017-12-03 18:44:31,TD21
102,66,31,sx,ndom,2017-12-03 18:44:32,TD21
145,60,48,sx,ndom,2017-12-03 18:44:33,TD21
84,66,59,sx,ndom,2017-12-03 18:44:34,TD21
127,105,59,sx,ndom,2017-12-03 18:44:35,TD21
56,29,29,sx,ndom,2017-12-03 18:44:36,TD21
19,6,35,sx,ndom,2017-12-03 18:44:37,TD21
201,100,54,sx,ndom,2017-12-03 18:44:38,TD21
115,179,42,sx,ndom,2017-12-03 18:44:39,TD21
88,33,30,sx,ndom,2017-12-03 18:44:40,TD21
101,58,68,sx,ndom,2017-12-03 18:44:41,TD21
133,45,98,sx,ndom,2017-12-03 18:44:42,TD21
140,83,68,sx,ndom,2017-12-03 18:44:43,TD21
122,112,35,sx,ndom,2017-12-03 18:44:44,TD21
173,74,44,sx,ndom,2017-12-03 18:44:45,TD21
169,111,62,sx,ndom,2017-12-03 18:44:46,TD21
185,156,45,sx,ndom,2017-12-03 18:44:47,TD21
112,93,11,sx,ndom,2017-12-03 18:44:48,TD21
167,79,27,sx,ndom,2017-12-03 18:44:49,TD21
123,66,75,sx,ndom,2017-12-03 18:44:50,TD21
120,35,50,sx,ndom,2017-12-03 18:44:51,TD21
97,77,57,sx,ndom,2017-12-03 18:44:52,TD21
126,89,46,sx,ndom,2017-12-03 18:44:53,TD21
123,148,30,sx,ndom,2017-12-03 18:44:54,TD21
147,80,65,sx,ndom,2017-12-03 18:44:55,TD21
146,105,41,sx,ndom,2017-12-03 18:44:56,TD21
113,93,41,sx,ndom,2017-12-03 18:44:57,TD21
115,91,52,sx,ndom,2017-12-03 18:44:58,TD21
148,75,45,sx,ndom,2017-12-03 18:44:59,TD21
94,58,29,sx,ndom,2017-12-03 18:45:00,TD21
95,112,41,sx,ndom,2017-12-03 18:45:01,TD21
107,73,36,sx,ndom,2017-12-03 18:45:02,TD21
87,107,41,sx,ndom,2017-12-03 18:45:03,TD21
83,104,19,sx,ndom,2017-12-03 18:45:04,TD21
108,65,46,sx,ndom,2017-12-03 18:45:05,TD21
110,75,59,sx,ndom,2017-12-03 18:45:06,TD21
132,112,49,sx,ndom,2017-12-03 18:45:07,TD21
138,69,13,sx,ndom,2017-12-03 18:45:08,TD21
171,112,93,sx,ndom,2017-12-03 18:45:09,TD21
166,53,49,sx,ndom,2017-12-03 18:45:10,TD21
126,55,33,sx,ndom,2017-12-03 18:45:11,TD21
156,96,58,sx,ndom,2017-12-03 18:45:12,TD21
122,88,55,sx,ndom,2017-12-03 18:45:13,TD21
123,23,36,sx,ndom,2017-12-03 18:45:14,TD21
114,136,120,sx,ndom,2017-12-03 18:45:15,TD21
0,0,0,dx,ndom,2017-12-03 18:44:15,TD21
0,0,0,dx,ndom,2017-12-03 18:44:16,TD21
0,0,0,dx,ndom,2017-12-03 18:44:17,TD21
0,0,0,dx,ndom,2017-12-03 18:44:18,TD21
0,0,0,dx,ndom,2017-12-03 18:44:19,TD21
0,0,0,dx,ndom,2017-12-03 18:44:20,TD21
0,0,0,dx,ndom,2017-12-03 18:44:21,TD21
0,0,0,dx,ndom,2017-12-03 18:44:22,TD21
0,0,0,dx,ndom,2017-12-03 18:44:23,TD21
0,0,0,dx,ndom,2017-12-03 18:44:24,TD21
0,0,0,dx,ndom,2017-12-03 18:44:25,TD21
0,0,0,dx,ndom,2017-12-03 18:44:26,TD21
0,2,4,dx,ndom,2017-12-03 18:44:27,TD21
11,2,37,dx,ndom,2017-12-03 18:44:28,TD21
381,124,118,dx,ndom,2017-12-03 18:44:29,TD21
348,107,135,dx,ndom,2017-12-03 18:44:30,TD21
54,40,40,dx,ndom,2017-12-03 18:44:31,TD21
41,163,113,dx,ndom,2017-12-03 18:44:32,TD21
27,45,3,dx,ndom,2017-12-03 18:44:33,TD21
0,46,10,dx,ndom,2017-12-03 18:44:34,TD21
4,0,0,dx,ndom,2017-12-03 18:44:35,TD21
0,0,0,dx,ndom,2017-12-03 18:44:36,TD21
0,0,0,dx,ndom,2017-12-03 18:44:37,TD21
0,0,0,dx,ndom,2017-12-03 18:44:38,TD21
0,0,0,dx,ndom,2017-12-03 18:44:39,TD21
0,0,0,dx,ndom,2017-12-03 18:44:40,TD21
0,0,0,dx,ndom,2017-12-03 18:44:41,TD21
0,0,0,dx,ndom,2017-12-03 18:44:42,TD21
0,0,0,dx,ndom,2017-12-03 18:44:43,TD21
0,0,0,dx,ndom,2017-12-03 18:44:44,TD21
0,0,0,dx,ndom,2017-12-03 18:44:45,TD21
0,0,0,dx,ndom,2017-12-03 18:44:46,TD21
0,0,0,dx,ndom,2017-12-03 18:44:47,TD21
0,0,0,dx,ndom,2017-12-03 18:44:48,TD21
0,0,0,dx,ndom,2017-12-03 18:44:49,TD21
0,0,0,dx,ndom,2017-12-03 18:44:50,TD21
6,0,0,dx,ndom,2017-12-03 18:44:51,TD21
0,0,0,dx,ndom,2017-12-03 18:44:52,TD21
0,0,0,dx,ndom,2017-12-03 18:44:53,TD21
0,0,0,dx,ndom,2017-12-03 18:44:54,TD21
0,0,0,dx,ndom,2017-12-03 18:44:55,TD21
0,0,0,dx,ndom,2017-12-03 18:44:56,TD21
0,0,0,dx,ndom,2017-12-03 18:44:57,TD21
0,0,0,dx,ndom,2017-12-03 18:44:58,TD21
0,0,0,dx,ndom,2017-12-03 18:44:59,TD21
0,0,0,dx,ndom,2017-12-03 18:45:00,TD21
0,0,0,dx,ndom,2017-12-03 18:45:01,TD21
0,0,0,dx,ndom,2017-12-03 18:45:02,TD21
0,0,0,dx,ndom,2017-12-03 18:45:03,TD21
0,0,0,dx,ndom,2017-12-03 18:45:04,TD21
0,0,0,dx,ndom,2017-12-03 18:45:05,TD21
0,0,0,dx,ndom,2017-12-03 18:45:06,TD21
0,0,0,dx,ndom,2017-12-03 18:45:07,TD21
0,0,0,dx,ndom,2017-12-03 18:45:08,TD21
21,0,0,dx,ndom,2017-12-03 18:45:09,TD21
20,0,0,dx,ndom,2017-12-03 18:45:10,TD21
0,0,0,dx,ndom,2017-12-03 18:45:11,TD21
0,0,0,dx,ndom,2017-12-03 18:45:12,TD21
0,0,0,dx,ndom,2017-12-03 18:45:13,TD21
0,0,0,dx,ndom,2017-12-03 18:45:14,TD21
46,37,22,dx,ndom,2017-12-03 18:45:15,TD21
42,22,17,sx,dom,2017-12-03 18:51:30,TD22
3,0,1,sx,dom,2017-12-03 18:51:31,TD22
0,0,0,sx,dom,2017-12-03 18:51:32,TD22
0,0,0,sx,dom,2017-12-03 18:51:33,TD22
0,0,0,sx,dom,2017-12-03 18:51:34,TD22
0,0,0,sx,dom,2017-12-03 18:51:35,TD22
0,0,0,sx,dom,2017-12-03 18:51:36,TD22
0,0,0,sx,dom,2017-12-03 18:51:37,TD22
0,0,0,sx,dom,2017-12-03 18:51:38,TD22
0,0,0,sx,dom,2017-12-03 18:51:39,TD22
0,0,0,sx,dom,2017-12-03 18:51:40,TD22
0,0,0,sx,dom,2017-12-03 18:51:41,TD22
0,0,0,sx,dom,2017-12-03 18:51:42,TD22
7,0,0,sx,dom,2017-12-03 18:51:43,TD22
0,0,0,sx,dom,2017-12-03 18:51:44,TD22
0,0,0,sx,dom,2017-12-03 18:51:45,TD22
0,0,0,sx,dom,2017-12-03 18:51:46,TD22
0,0,0,sx,dom,2017-12-03 18:51:47,TD22
0,0,0,sx,dom,2017-12-03 18:51:48,TD22
0,0,0,sx,dom,2017-12-03 18:51:49,TD22
14,11,7,sx,dom,2017-12-03 18:51:50,TD22
147,25,60,sx,dom,2017-12-03 18:51:51,TD22
79,13,46,sx,dom,2017-12-03 18:51:52,TD22
18,25,43,sx,dom,2017-12-03 18:51:53,TD22
0,24,46,sx,dom,2017-12-03 18:51:54,TD22
2,51,27,sx,dom,2017-12-03 18:51:55,TD22
0,61,21,sx,dom,2017-12-03 18:51:56,TD22
0,0,0,sx,dom,2017-12-03 18:51:57,TD22
0,0,0,sx,dom,2017-12-03 18:51:58,TD22
0,0,0,sx,dom,2017-12-03 18:51:59,TD22
0,0,0,sx,dom,2017-12-03 18:52:00,TD22
0,0,0,sx,dom,2017-12-03 18:52:01,TD22
0,0,0,sx,dom,2017-12-03 18:52:02,TD22
0,0,0,sx,dom,2017-12-03 18:52:03,TD22
0,0,0,sx,dom,2017-12-03 18:52:04,TD22
0,0,0,sx,dom,2017-12-03 18:52:05,TD22
0,0,0,sx,dom,2017-12-03 18:52:06,TD22
0,0,0,sx,dom,2017-12-03 18:52:07,TD22
8,0,16,sx,dom,2017-12-03 18:52:08,TD22
0,0,0,sx,dom,2017-12-03 18:52:09,TD22
0,0,0,sx,dom,2017-12-03 18:52:10,TD22
0,0,0,sx,dom,2017-12-03 18:52:11,TD22
0,0,0,sx,dom,2017-12-03 18:52:12,TD22
0,0,0,sx,dom,2017-12-03 18:52:13,TD22
0,0,0,sx,dom,2017-12-03 18:52:14,TD22
0,0,0,sx,dom,2017-12-03 18:52:15,TD22
0,0,0,sx,dom,2017-12-03 18:52:16,TD22
0,0,0,sx,dom,2017-12-03 18:52:17,TD22
0,0,0,sx,dom,2017-12-03 18:52:18,TD22
0,0,0,sx,dom,2017-12-03 18:52:19,TD22
0,0,0,sx,dom,2017-12-03 18:52:20,TD22
0,0,0,sx,dom,2017-12-03 18:52:21,TD22
0,0,0,sx,dom,2017-12-03 18:52:22,TD22
0,0,0,sx,dom,2017-12-03 18:52:23,TD22
0,0,0,sx,dom,2017-12-03 18:52:24,TD22
0,0,0,sx,dom,2017-12-03 18:52:25,TD22
0,0,0,sx,dom,2017-12-03 18:52:26,TD22
0,0,0,sx,dom,2017-12-03 18:52:27,TD22
0,0,0,sx,dom,2017-12-03 18:52:28,TD22
0,0,0,sx,dom,2017-12-03 18:52:29,TD22
0,0,0,sx,dom,2017-12-03 18:52:30,TD22
197,186,168,dx,dom,2017-12-03 18:51:30,TD22
299,228,287,dx,dom,2017-12-03 18:51:31,TD22
188,149,198,dx,dom,2017-12-03 18:51:32,TD22
256,170,183,dx,dom,2017-12-03 18:51:33,TD22
216,125,152,dx,dom,2017-12-03 18:51:34,TD22
175,130,193,dx,dom,2017-12-03 18:51:35,TD22
107,101,122,dx,dom,2017-12-03 18:51:36,TD22
42,65,218,dx,dom,2017-12-03 18:51:37,TD22
137,153,159,dx,dom,2017-12-03 18:51:38,TD22
135,189,148,dx,dom,2017-12-03 18:51:39,TD22
101,78,121,dx,dom,2017-12-03 18:51:40,TD22
193,58,158,dx,dom,2017-12-03 18:51:41,TD22
219,52,157,dx,dom,2017-12-03 18:51:42,TD22
170,167,159,dx,dom,2017-12-03 18:51:43,TD22
166,152,235,dx,dom,2017-12-03 18:51:44,TD22
183,91,181,dx,dom,2017-12-03 18:51:45,TD22
210,82,219,dx,dom,2017-12-03 18:51:46,TD22
190,92,254,dx,dom,2017-12-03 18:51:47,TD22
165,47,153,dx,dom,2017-12-03 18:51:48,TD22
149,153,153,dx,dom,2017-12-03 18:51:49,TD22
106,88,57,dx,dom,2017-12-03 18:51:50,TD22
168,59,104,dx,dom,2017-12-03 18:51:51,TD22
143,127,184,dx,dom,2017-12-03 18:51:52,TD22
106,89,131,dx,dom,2017-12-03 18:51:53,TD22
131,83,124,dx,dom,2017-12-03 18:51:54,TD22
102,206,79,dx,dom,2017-12-03 18:51:55,TD22
80,65,95,dx,dom,2017-12-03 18:51:56,TD22
104,65,185,dx,dom,2017-12-03 18:51:57,TD22
35,49,50,dx,dom,2017-12-03 18:51:58,TD22
312,114,184,dx,dom,2017-12-03 18:51:59,TD22
246,71,229,dx,dom,2017-12-03 18:52:00,TD22
222,119,159,dx,dom,2017-12-03 18:52:01,TD22
59,28,59,dx,dom,2017-12-03 18:52:02,TD22
114,58,48,dx,dom,2017-12-03 18:52:03,TD22
149,63,112,dx,dom,2017-12-03 18:52:04,TD22
190,89,149,dx,dom,2017-12-03 18:52:05,TD22
184,81,262,dx,dom,2017-12-03 18:52:06,TD22
304,43,224,dx,dom,2017-12-03 18:52:07,TD22
168,103,157,dx,dom,2017-12-03 18:52:08,TD22
83,72,183,dx,dom,2017-12-03 18:52:09,TD22
138,80,153,dx,dom,2017-12-03 18:52:10,TD22
27,59,21,dx,dom,2017-12-03 18:52:11,TD22
30,98,36,dx,dom,2017-12-03 18:52:12,TD22
85,162,113,dx,dom,2017-12-03 18:52:13,TD22
22,36,41,dx,dom,2017-12-03 18:52:14,TD22
109,176,148,dx,dom,2017-12-03 18:52:15,TD22
196,139,145,dx,dom,2017-12-03 18:52:16,TD22
142,189,269,dx,dom,2017-12-03 18:52:17,TD22
113,246,112,dx,dom,2017-12-03 18:52:18,TD22
142,67,73,dx,dom,2017-12-03 18:52:19,TD22
119,207,111,dx,dom,2017-12-03 18:52:20,TD22
89,49,165,dx,dom,2017-12-03 18:52:21,TD22
136,124,226,dx,dom,2017-12-03 18:52:22,TD22
113,73,231,dx,dom,2017-12-03 18:52:23,TD22
137,107,128,dx,dom,2017-12-03 18:52:24,TD22
26,28,40,dx,dom,2017-12-03 18:52:25,TD22
43,17,57,dx,dom,2017-12-03 18:52:26,TD22
70,12,20,dx,dom,2017-12-03 18:52:27,TD22
126,48,22,dx,dom,2017-12-03 18:52:28,TD22
238,57,64,dx,dom,2017-12-03 18:52:29,TD22
31,3,0,dx,dom,2017-12-03 18:52:30,TD22
0,0,0,sx,ndom,2017-12-03 18:54:15,TD22
0,0,0,sx,ndom,2017-12-03 18:54:16,TD22
0,7,0,sx,ndom,2017-12-03 18:54:17,TD22
0,3,2,sx,ndom,2017-12-03 18:54:18,TD22
0,0,0,sx,ndom,2017-12-03 18:54:19,TD22
2,0,0,sx,ndom,2017-12-03 18:54:20,TD22
0,0,0,sx,ndom,2017-12-03 18:54:21,TD22
0,0,0,sx,ndom,2017-12-03 18:54:22,TD22
0,0,1,sx,ndom,2017-12-03 18:54:23,TD22
0,0,1,sx,ndom,2017-12-03 18:54:24,TD22
0,0,0,sx,ndom,2017-12-03 18:54:25,TD22
0,0,0,sx,ndom,2017-12-03 18:54:26,TD22
0,0,0,sx,ndom,2017-12-03 18:54:27,TD22
0,0,0,sx,ndom,2017-12-03 18:54:28,TD22
0,0,0,sx,ndom,2017-12-03 18:54:29,TD22
0,0,0,sx,ndom,2017-12-03 18:54:30,TD22
229,38,49,sx,ndom,2017-12-03 18:54:31,TD22
58,61,10,sx,ndom,2017-12-03 18:54:32,TD22
94,5,9,sx,ndom,2017-12-03 18:54:33,TD22
48,38,59,sx,ndom,2017-12-03 18:54:34,TD22
67,138,101,sx,ndom,2017-12-03 18:54:35,TD22
24,55,131,sx,ndom,2017-12-03 18:54:36,TD22
66,28,58,sx,ndom,2017-12-03 18:54:37,TD22
53,37,0,sx,ndom,2017-12-03 18:54:38,TD22
0,0,0,sx,ndom,2017-12-03 18:54:39,TD22
29,5,43,sx,ndom,2017-12-03 18:54:40,TD22
22,10,20,sx,ndom,2017-12-03 18:54:41,TD22
38,19,135,sx,ndom,2017-12-03 18:54:42,TD22
0,113,123,sx,ndom,2017-12-03 18:54:43,TD22
0,40,92,sx,ndom,2017-12-03 18:54:44,TD22
12,89,44,sx,ndom,2017-12-03 18:54:45,TD22
27,106,106,sx,ndom,2017-12-03 18:54:46,TD22
40,48,92,sx,ndom,2017-12-03 18:54:47,TD22
0,51,75,sx,ndom,2017-12-03 18:54:48,TD22
0,0,19,sx,ndom,2017-12-03 18:54:49,TD22
0,0,0,sx,ndom,2017-12-03 18:54:50,TD22
0,0,0,sx,ndom,2017-12-03 18:54:51,TD22
8,3,93,sx,ndom,2017-12-03 18:54:52,TD22
50,19,75,sx,ndom,2017-12-03 18:54:53,TD22
14,101,191,sx,ndom,2017-12-03 18:54:54,TD22
8,106,65,sx,ndom,2017-12-03 18:54:55,TD22
69,119,110,sx,ndom,2017-12-03 18:54:56,TD22
94,11,42,sx,ndom,2017-12-03 18:54:57,TD22
15,0,34,sx,ndom,2017-12-03 18:54:58,TD22
0,0,0,sx,ndom,2017-12-03 18:54:59,TD22
0,0,0,sx,ndom,2017-12-03 18:55:00,TD22
0,0,0,sx,ndom,2017-12-03 18:55:01,TD22
19,0,0,sx,ndom,2017-12-03 18:55:02,TD22
48,8,18,sx,ndom,2017-12-03 18:55:03,TD22
49,9,7,sx,ndom,2017-12-03 18:55:04,TD22
0,24,45,sx,ndom,2017-12-03 18:55:05,TD22
0,38,44,sx,ndom,2017-12-03 18:55:06,TD22
9,59,58,sx,ndom,2017-12-03 18:55:07,TD22
20,11,1,sx,ndom,2017-12-03 18:55:08,TD22
0,0,4,sx,ndom,2017-12-03 18:55:09,TD22
0,0,22,sx,ndom,2017-12-03 18:55:10,TD22
0,0,8,sx,ndom,2017-12-03 18:55:11,TD22
6,1,43,sx,ndom,2017-12-03 18:55:12,TD22
7,4,15,sx,ndom,2017-12-03 18:55:13,TD22
21,5,3,sx,ndom,2017-12-03 18:55:14,TD22
44,56,27,sx,ndom,2017-12-03 18:55:15,TD22
2,57,14,dx,ndom,2017-12-03 18:54:15,TD22
0,26,8,dx,ndom,2017-12-03 18:54:16,TD22
11,3,0,dx,ndom,2017-12-03 18:54:17,TD22
3,5,2,dx,ndom,2017-12-03 18:54:18,TD22
41,27,21,dx,ndom,2017-12-03 18:54:19,TD22
9,23,15,dx,ndom,2017-12-03 18:54:20,TD22
1,1,0,dx,ndom,2017-12-03 18:54:21,TD22
2,1,0,dx,ndom,2017-12-03 18:54:22,TD22
1,2,9,dx,ndom,2017-12-03 18:54:23,TD22
21,0,5,dx,ndom,2017-12-03 18:54:24,TD22
0,0,0,dx,ndom,2017-12-03 18:54:25,TD22
31,0,0,dx,ndom,2017-12-03 18:54:26,TD22
8,0,0,dx,ndom,2017-12-03 18:54:27,TD22
0,0,0,dx,ndom,2017-12-03 18:54:28,TD22
4,0,0,dx,ndom,2017-12-03 18:54:29,TD22
0,0,0,dx,ndom,2017-12-03 18:54:30,TD22
0,0,0,dx,ndom,2017-12-03 18:54:31,TD22
0,0,0,dx,ndom,2017-12-03 18:54:32,TD22
0,0,0,dx,ndom,2017-12-03 18:54:33,TD22
0,0,0,dx,ndom,2017-12-03 18:54:34,TD22
0,7,15,dx,ndom,2017-12-03 18:54:35,TD22
7,0,0,dx,ndom,2017-12-03 18:54:36,TD22
0,0,0,dx,ndom,2017-12-03 18:54:37,TD22
0,0,0,dx,ndom,2017-12-03 18:54:38,TD22
0,0,4,dx,ndom,2017-12-03 18:54:39,TD22
0,0,0,dx,ndom,2017-12-03 18:54:40,TD22
0,0,0,dx,ndom,2017-12-03 18:54:41,TD22
0,0,0,dx,ndom,2017-12-03 18:54:42,TD22
0,0,0,dx,ndom,2017-12-03 18:54:43,TD22
0,0,0,dx,ndom,2017-12-03 18:54:44,TD22
0,0,0,dx,ndom,2017-12-03 18:54:45,TD22
0,0,0,dx,ndom,2017-12-03 18:54:46,TD22
0,0,0,dx,ndom,2017-12-03 18:54:47,TD22
0,0,0,dx,ndom,2017-12-03 18:54:48,TD22
1,0,0,dx,ndom,2017-12-03 18:54:49,TD22
0,0,0,dx,ndom,2017-12-03 18:54:50,TD22
0,0,0,dx,ndom,2017-12-03 18:54:51,TD22
6,0,0,dx,ndom,2017-12-03 18:54:52,TD22
18,0,1,dx,ndom,2017-12-03 18:54:53,TD22
14,0,4,dx,ndom,2017-12-03 18:54:54,TD22
30,0,10,dx,ndom,2017-12-03 18:54:55,TD22
0,0,0,dx,ndom,2017-12-03 18:54:56,TD22
2,0,0,dx,ndom,2017-12-03 18:54:57,TD22
1,0,0,dx,ndom,2017-12-03 18:54:58,TD22
9,0,0,dx,ndom,2017-12-03 18:54:59,TD22
2,0,0,dx,ndom,2017-12-03 18:55:00,TD22
0,0,0,dx,ndom,2017-12-03 18:55:01,TD22
0,0,10,dx,ndom,2017-12-03 18:55:02,TD22
5,0,0,dx,ndom,2017-12-03 18:55:03,TD22
0,0,27,dx,ndom,2017-12-03 18:55:04,TD22
0,0,0,dx,ndom,2017-12-03 18:55:05,TD22
9,0,0,dx,ndom,2017-12-03 18:55:06,TD22
14,0,10,dx,ndom,2017-12-03 18:55:07,TD22
3,0,15,dx,ndom,2017-12-03 18:55:08,TD22
0,0,0,dx,ndom,2017-12-03 18:55:09,TD22
0,0,0,dx,ndom,2017-12-03 18:55:10,TD22
0,0,0,dx,ndom,2017-12-03 18:55:11,TD22
0,0,0,dx,ndom,2017-12-03 18:55:12,TD22
0,0,0,dx,ndom,2017-12-03 18:55:13,TD22
12,0,0,dx,ndom,2017-12-03 18:55:14,TD22
0,0,0,dx,ndom,2017-12-03 18:55:15,TD22
0,0,0,sx,dom,2017-12-03 18:39:55,TD23
101,78,72,sx,dom,2017-12-03 18:39:56,TD23
183,104,113,sx,dom,2017-12-03 18:39:57,TD23
99,0,47,sx,dom,2017-12-03 18:39:58,TD23
0,0,10,sx,dom,2017-12-03 18:39:59,TD23
0,0,0,sx,dom,2017-12-03 18:40:00,TD23
0,0,0,sx,dom,2017-12-03 18:40:01,TD23
0,0,0,sx,dom,2017-12-03 18:40:02,TD23
0,0,0,sx,dom,2017-12-03 18:40:03,TD23
0,0,0,sx,dom,2017-12-03 18:40:04,TD23
0,0,0,sx,dom,2017-12-03 18:40:05,TD23
0,0,0,sx,dom,2017-12-03 18:40:06,TD23
0,0,0,sx,dom,2017-12-03 18:40:07,TD23
0,0,0,sx,dom,2017-12-03 18:40:08,TD23
0,0,0,sx,dom,2017-12-03 18:40:09,TD23
0,0,0,sx,dom,2017-12-03 18:40:10,TD23
0,0,0,sx,dom,2017-12-03 18:40:11,TD23
0,0,0,sx,dom,2017-12-03 18:40:12,TD23
0,0,0,sx,dom,2017-12-03 18:40:13,TD23
0,0,0,sx,dom,2017-12-03 18:40:14,TD23
0,0,0,sx,dom,2017-12-03 18:40:15,TD23
0,0,0,sx,dom,2017-12-03 18:40:16,TD23
0,0,0,sx,dom,2017-12-03 18:40:17,TD23
0,0,0,sx,dom,2017-12-03 18:40:18,TD23
0,0,0,sx,dom,2017-12-03 18:40:19,TD23
0,0,0,sx,dom,2017-12-03 18:40:20,TD23
0,0,0,sx,dom,2017-12-03 18:40:21,TD23
0,0,0,sx,dom,2017-12-03 18:40:22,TD23
0,0,0,sx,dom,2017-12-03 18:40:23,TD23
0,0,0,sx,dom,2017-12-03 18:40:24,TD23
0,0,0,sx,dom,2017-12-03 18:40:25,TD23
0,0,0,sx,dom,2017-12-03 18:40:26,TD23
0,0,0,sx,dom,2017-12-03 18:40:27,TD23
0,0,0,sx,dom,2017-12-03 18:40:28,TD23
0,0,0,sx,dom,2017-12-03 18:40:29,TD23
0,0,0,sx,dom,2017-12-03 18:40:30,TD23
0,0,0,sx,dom,2017-12-03 18:40:31,TD23
0,0,0,sx,dom,2017-12-03 18:40:32,TD23
0,0,0,sx,dom,2017-12-03 18:40:33,TD23
0,0,0,sx,dom,2017-12-03 18:40:34,TD23
0,0,0,sx,dom,2017-12-03 18:40:35,TD23
0,0,0,sx,dom,2017-12-03 18:40:36,TD23
0,0,0,sx,dom,2017-12-03 18:40:37,TD23
0,0,0,sx,dom,2017-12-03 18:40:38,TD23
0,0,0,sx,dom,2017-12-03 18:40:39,TD23
0,0,0,sx,dom,2017-12-03 18:40:40,TD23
0,0,0,sx,dom,2017-12-03 18:40:41,TD23
0,0,0,sx,dom,2017-12-03 18:40:42,TD23
0,0,0,sx,dom,2017-12-03 18:40:43,TD23
0,0,0,sx,dom,2017-12-03 18:40:44,TD23
0,0,0,sx,dom,2017-12-03 18:40:45,TD23
0,0,0,sx,dom,2017-12-03 18:40:46,TD23
0,0,0,sx,dom,2017-12-03 18:40:47,TD23
0,0,0,sx,dom,2017-12-03 18:40:48,TD23
0,0,0,sx,dom,2017-12-03 18:40:49,TD23
0,0,0,sx,dom,2017-12-03 18:40:50,TD23
0,0,0,sx,dom,2017-12-03 18:40:51,TD23
0,0,0,sx,dom,2017-12-03 18:40:52,TD23
0,0,0,sx,dom,2017-12-03 18:40:53,TD23
0,0,0,sx,dom,2017-12-03 18:40:54,TD23
30,29,53,sx,dom,2017-12-03 18:40:55,TD23
117,141,86,dx,dom,2017-12-03 18:39:55,TD23
83,71,117,dx,dom,2017-12-03 18:39:56,TD23
86,87,14,dx,dom,2017-12-03 18:39:57,TD23
125,77,71,dx,dom,2017-12-03 18:39:58,TD23
108,55,95,dx,dom,2017-12-03 18:39:59,TD23
52,98,84,dx,dom,2017-12-03 18:40:00,TD23
91,29,67,dx,dom,2017-12-03 18:40:01,TD23
51,80,39,dx,dom,2017-12-03 18:40:02,TD23
79,57,92,dx,dom,2017-12-03 18:40:03,TD23
108,52,122,dx,dom,2017-12-03 18:40:04,TD23
126,94,95,dx,dom,2017-12-03 18:40:05,TD23
80,71,99,dx,dom,2017-12-03 18:40:06,TD23
55,34,44,dx,dom,2017-12-03 18:40:07,TD23
80,90,31,dx,dom,2017-12-03 18:40:08,TD23
57,91,57,dx,dom,2017-12-03 18:40:09,TD23
23,78,55,dx,dom,2017-12-03 18:40:10,TD23
27,42,77,dx,dom,2017-12-03 18:40:11,TD23
43,85,25,dx,dom,2017-12-03 18:40:12,TD23
49,48,82,dx,dom,2017-12-03 18:40:13,TD23
48,67,59,dx,dom,2017-12-03 18:40:14,TD23
23,54,46,dx,dom,2017-12-03 18:40:15,TD23
43,111,85,dx,dom,2017-12-03 18:40:16,TD23
82,71,59,dx,dom,2017-12-03 18:40:17,TD23
72,75,63,dx,dom,2017-12-03 18:40:18,TD23
85,30,23,dx,dom,2017-12-03 18:40:19,TD23
77,73,40,dx,dom,2017-12-03 18:40:20,TD23
70,67,64,dx,dom,2017-12-03 18:40:21,TD23
52,80,56,dx,dom,2017-12-03 18:40:22,TD23
18,94,37,dx,dom,2017-12-03 18:40:23,TD23
60,142,63,dx,dom,2017-12-03 18:40:24,TD23
75,88,88,dx,dom,2017-12-03 18:40:25,TD23
51,52,62,dx,dom,2017-12-03 18:40:26,TD23
34,89,33,dx,dom,2017-12-03 18:40:27,TD23
95,109,44,dx,dom,2017-12-03 18:40:28,TD23
46,163,59,dx,dom,2017-12-03 18:40:29,TD23
109,125,21,dx,dom,2017-12-03 18:40:30,TD23
81,76,20,dx,dom,2017-12-03 18:40:31,TD23
76,103,26,dx,dom,2017-12-03 18:40:32,TD23
82,127,18,dx,dom,2017-12-03 18:40:33,TD23
88,87,9,dx,dom,2017-12-03 18:40:34,TD23
120,82,16,dx,dom,2017-12-03 18:40:35,TD23
152,47,27,dx,dom,2017-12-03 18:40:36,TD23
111,145,36,dx,dom,2017-12-03 18:40:37,TD23
79,59,27,dx,dom,2017-12-03 18:40:38,TD23
79,132,66,dx,dom,2017-12-03 18:40:39,TD23
69,112,28,dx,dom,2017-12-03 18:40:40,TD23
47,97,35,dx,dom,2017-12-03 18:40:41,TD23
65,85,69,dx,dom,2017-12-03 18:40:42,TD23
47,105,60,dx,dom,2017-12-03 18:40:43,TD23
52,71,44,dx,dom,2017-12-03 18:40:44,TD23
82,98,70,dx,dom,2017-12-03 18:40:45,TD23
76,51,67,dx,dom,2017-12-03 18:40:46,TD23
63,45,80,dx,dom,2017-12-03 18:40:47,TD23
64,49,51,dx,dom,2017-12-03 18:40:48,TD23
80,131,19,dx,dom,2017-12-03 18:40:49,TD23
50,86,40,dx,dom,2017-12-03 18:40:50,TD23
62,116,30,dx,dom,2017-12-03 18:40:51,TD23
73,134,65,dx,dom,2017-12-03 18:40:52,TD23
51,159,94,dx,dom,2017-12-03 18:40:53,TD23
51,98,92,dx,dom,2017-12-03 18:40:54,TD23
172,86,118,dx,dom,2017-12-03 18:40:55,TD23
91,103,62,sx,ndom,2017-12-03 18:37:30,TD23
103,74,135,sx,ndom,2017-12-03 18:37:31,TD23
133,127,114,sx,ndom,2017-12-03 18:37:32,TD23
92,97,53,sx,ndom,2017-12-03 18:37:33,TD23
38,106,41,sx,ndom,2017-12-03 18:37:34,TD23
84,48,85,sx,ndom,2017-12-03 18:37:35,TD23
83,61,70,sx,ndom,2017-12-03 18:37:36,TD23
85,67,45,sx,ndom,2017-12-03 18:37:37,TD23
66,31,76,sx,ndom,2017-12-03 18:37:38,TD23
78,16,69,sx,ndom,2017-12-03 18:37:39,TD23
100,21,52,sx,ndom,2017-12-03 18:37:40,TD23
34,13,43,sx,ndom,2017-12-03 18:37:41,TD23
38,59,65,sx,ndom,2017-12-03 18:37:42,TD23
15,74,30,sx,ndom,2017-12-03 18:37:43,TD23
75,94,91,sx,ndom,2017-12-03 18:37:44,TD23
52,38,91,sx,ndom,2017-12-03 18:37:45,TD23
69,97,52,sx,ndom,2017-12-03 18:37:46,TD23
56,77,73,sx,ndom,2017-12-03 18:37:47,TD23
57,73,89,sx,ndom,2017-12-03 18:37:48,TD23
88,87,63,sx,ndom,2017-12-03 18:37:49,TD23
90,19,50,sx,ndom,2017-12-03 18:37:50,TD23
127,83,106,sx,ndom,2017-12-03 18:37:51,TD23
58,36,32,sx,ndom,2017-12-03 18:37:52,TD23
30,54,12,sx,ndom,2017-12-03 18:37:53,TD23
109,54,77,sx,ndom,2017-12-03 18:37:54,TD23
87,33,57,sx,ndom,2017-12-03 18:37:55,TD23
117,70,47,sx,ndom,2017-12-03 18:37:56,TD23
102,53,69,sx,ndom,2017-12-03 18:37:57,TD23
121,48,42,sx,ndom,2017-12-03 18:37:58,TD23
187,69,24,sx,ndom,2017-12-03 18:37:59,TD23
41,40,39,sx,ndom,2017-12-03 18:38:00,TD23
55,48,53,sx,ndom,2017-12-03 18:38:01,TD23
30,52,40,sx,ndom,2017-12-03 18:38:02,TD23
49,73,29,sx,ndom,2017-12-03 18:38:03,TD23
95,90,70,sx,ndom,2017-12-03 18:38:04,TD23
98,44,89,sx,ndom,2017-12-03 18:38:05,TD23
98,18,91,sx,ndom,2017-12-03 18:38:06,TD23
85,37,60,sx,ndom,2017-12-03 18:38:07,TD23
56,27,64,sx,ndom,2017-12-03 18:38:08,TD23
86,66,77,sx,ndom,2017-12-03 18:38:09,TD23
68,88,65,sx,ndom,2017-12-03 18:38:10,TD23
35,87,66,sx,ndom,2017-12-03 18:38:11,TD23
54,69,70,sx,ndom,2017-12-03 18:38:12,TD23
50,80,69,sx,ndom,2017-12-03 18:38:13,TD23
105,98,69,sx,ndom,2017-12-03 18:38:14,TD23
58,65,43,sx,ndom,2017-12-03 18:38:15,TD23
112,120,81,sx,ndom,2017-12-03 18:38:16,TD23
100,77,72,sx,ndom,2017-12-03 18:38:17,TD23
98,87,52,sx,ndom,2017-12-03 18:38:18,TD23
108,49,68,sx,ndom,2017-12-03 18:38:19,TD23
101,69,55,sx,ndom,2017-12-03 18:38:20,TD23
128,72,65,sx,ndom,2017-12-03 18:38:21,TD23
91,108,90,sx,ndom,2017-12-03 18:38:22,TD23
103,49,86,sx,ndom,2017-12-03 18:38:23,TD23
115,61,58,sx,ndom,2017-12-03 18:38:24,TD23
120,92,94,sx,ndom,2017-12-03 18:38:25,TD23
91,108,104,sx,ndom,2017-12-03 18:38:26,TD23
111,88,65,sx,ndom,2017-12-03 18:38:27,TD23
74,65,68,sx,ndom,2017-12-03 18:38:28,TD23
51,78,65,sx,ndom,2017-12-03 18:38:29,TD23
77,43,82,sx,ndom,2017-12-03 18:38:30,TD23
0,0,0,dx,ndom,2017-12-03 18:37:30,TD23
0,0,0,dx,ndom,2017-12-03 18:37:31,TD23
0,0,0,dx,ndom,2017-12-03 18:37:32,TD23
0,0,0,dx,ndom,2017-12-03 18:37:33,TD23
0,0,0,dx,ndom,2017-12-03 18:37:34,TD23
0,0,0,dx,ndom,2017-12-03 18:37:35,TD23
0,0,0,dx,ndom,2017-12-03 18:37:36,TD23
0,0,0,dx,ndom,2017-12-03 18:37:37,TD23
0,0,0,dx,ndom,2017-12-03 18:37:38,TD23
0,0,0,dx,ndom,2017-12-03 18:37:39,TD23
0,0,0,dx,ndom,2017-12-03 18:37:40,TD23
0,0,0,dx,ndom,2017-12-03 18:37:41,TD23
0,0,0,dx,ndom,2017-12-03 18:37:42,TD23
0,0,0,dx,ndom,2017-12-03 18:37:43,TD23
0,0,0,dx,ndom,2017-12-03 18:37:44,TD23
0,0,0,dx,ndom,2017-12-03 18:37:45,TD23
0,0,0,dx,ndom,2017-12-03 18:37:46,TD23
0,0,0,dx,ndom,2017-12-03 18:37:47,TD23
0,0,0,dx,ndom,2017-12-03 18:37:48,TD23
0,0,0,dx,ndom,2017-12-03 18:37:49,TD23
0,0,0,dx,ndom,2017-12-03 18:37:50,TD23
0,0,0,dx,ndom,2017-12-03 18:37:51,TD23
0,0,0,dx,ndom,2017-12-03 18:37:52,TD23
0,0,0,dx,ndom,2017-12-03 18:37:53,TD23
0,0,0,dx,ndom,2017-12-03 18:37:54,TD23
0,0,0,dx,ndom,2017-12-03 18:37:55,TD23
0,0,0,dx,ndom,2017-12-03 18:37:56,TD23
0,0,0,dx,ndom,2017-12-03 18:37:57,TD23
0,0,0,dx,ndom,2017-12-03 18:37:58,TD23
0,0,0,dx,ndom,2017-12-03 18:37:59,TD23
0,0,0,dx,ndom,2017-12-03 18:38:00,TD23
0,0,0,dx,ndom,2017-12-03 18:38:01,TD23
0,0,0,dx,ndom,2017-12-03 18:38:02,TD23
0,0,0,dx,ndom,2017-12-03 18:38:03,TD23
0,0,0,dx,ndom,2017-12-03 18:38:04,TD23
0,0,0,dx,ndom,2017-12-03 18:38:05,TD23
0,0,0,dx,ndom,2017-12-03 18:38:06,TD23
0,0,0,dx,ndom,2017-12-03 18:38:07,TD23
0,0,0,dx,ndom,2017-12-03 18:38:08,TD23
0,0,0,dx,ndom,2017-12-03 18:38:09,TD23
0,0,0,dx,ndom,2017-12-03 18:38:10,TD23
0,0,0,dx,ndom,2017-12-03 18:38:11,TD23
0,0,0,dx,ndom,2017-12-03 18:38:12,TD23
0,0,0,dx,ndom,2017-12-03 18:38:13,TD23
0,0,0,dx,ndom,2017-12-03 18:38:14,TD23
0,0,0,dx,ndom,2017-12-03 18:38:15,TD23
0,0,0,dx,ndom,2017-12-03 18:38:16,TD23
0,0,0,dx,ndom,2017-12-03 18:38:17,TD23
0,0,0,dx,ndom,2017-12-03 18:38:18,TD23
0,0,0,dx,ndom,2017-12-03 18:38:19,TD23
0,0,0,dx,ndom,2017-12-03 18:38:20,TD23
0,0,0,dx,ndom,2017-12-03 18:38:21,TD23
0,0,0,dx,ndom,2017-12-03 18:38:22,TD23
0,0,0,dx,ndom,2017-12-03 18:38:23,TD23
0,0,0,dx,ndom,2017-12-03 18:38:24,TD23
0,0,0,dx,ndom,2017-12-03 18:38:25,TD23
0,0,0,dx,ndom,2017-12-03 18:38:26,TD23
0,0,0,dx,ndom,2017-12-03 18:38:27,TD23
0,0,0,dx,ndom,2017-12-03 18:38:28,TD23
0,0,0,dx,ndom,2017-12-03 18:38:29,TD23
2,0,6,dx,ndom,2017-12-03 18:38:30,TD23
0,0,0,sx,dom,2017-12-19 22:05:50,TD24
0,0,0,sx,dom,2017-12-19 22:05:51,TD24
0,0,0,sx,dom,2017-12-19 22:05:52,TD24
0,0,0,sx,dom,2017-12-19 22:05:53,TD24
0,0,0,sx,dom,2017-12-19 22:05:54,TD24
0,0,0,sx,dom,2017-12-19 22:05:55,TD24
0,0,0,sx,dom,2017-12-19 22:05:56,TD24
0,0,0,sx,dom,2017-12-19 22:05:57,TD24
0,0,0,sx,dom,2017-12-19 22:05:58,TD24
0,0,0,sx,dom,2017-12-19 22:05:59,TD24
0,0,0,sx,dom,2017-12-19 22:06:00,TD24
0,0,0,sx,dom,2017-12-19 22:06:01,TD24
0,0,0,sx,dom,2017-12-19 22:06:02,TD24
0,0,0,sx,dom,2017-12-19 22:06:03,TD24
0,0,0,sx,dom,2017-12-19 22:06:04,TD24
0,0,0,sx,dom,2017-12-19 22:06:05,TD24
0,0,0,sx,dom,2017-12-19 22:06:06,TD24
0,0,0,sx,dom,2017-12-19 22:06:07,TD24
0,0,0,sx,dom,2017-12-19 22:06:08,TD24
0,0,0,sx,dom,2017-12-19 22:06:09,TD24
0,0,0,sx,dom,2017-12-19 22:06:10,TD24
0,0,0,sx,dom,2017-12-19 22:06:11,TD24
0,0,0,sx,dom,2017-12-19 22:06:12,TD24
0,0,0,sx,dom,2017-12-19 22:06:13,TD24
0,0,0,sx,dom,2017-12-19 22:06:14,TD24
0,0,0,sx,dom,2017-12-19 22:06:15,TD24
0,0,0,sx,dom,2017-12-19 22:06:16,TD24
0,0,0,sx,dom,2017-12-19 22:06:17,TD24
0,0,0,sx,dom,2017-12-19 22:06:18,TD24
0,0,0,sx,dom,2017-12-19 22:06:19,TD24
0,0,0,sx,dom,2017-12-19 22:06:20,TD24
0,0,0,sx,dom,2017-12-19 22:06:21,TD24
0,0,0,sx,dom,2017-12-19 22:06:22,TD24
0,0,0,sx,dom,2017-12-19 22:06:23,TD24
0,0,0,sx,dom,2017-12-19 22:06:24,TD24
0,0,0,sx,dom,2017-12-19 22:06:25,TD24
0,0,0,sx,dom,2017-12-19 22:06:26,TD24
0,0,0,sx,dom,2017-12-19 22:06:27,TD24
0,0,0,sx,dom,2017-12-19 22:06:28,TD24
0,0,0,sx,dom,2017-12-19 22:06:29,TD24
0,0,0,sx,dom,2017-12-19 22:06:30,TD24
0,0,0,sx,dom,2017-12-19 22:06:31,TD24
0,0,0,sx,dom,2017-12-19 22:06:32,TD24
0,0,0,sx,dom,2017-12-19 22:06:33,TD24
0,0,0,sx,dom,2017-12-19 22:06:34,TD24
0,0,0,sx,dom,2017-12-19 22:06:35,TD24
0,0,0,sx,dom,2017-12-19 22:06:36,TD24
0,0,0,sx,dom,2017-12-19 22:06:37,TD24
0,0,0,sx,dom,2017-12-19 22:06:38,TD24
0,0,0,sx,dom,2017-12-19 22:06:39,TD24
0,0,0,sx,dom,2017-12-19 22:06:40,TD24
0,0,0,sx,dom,2017-12-19 22:06:41,TD24
0,0,0,sx,dom,2017-12-19 22:06:42,TD24
0,0,0,sx,dom,2017-12-19 22:06:43,TD24
0,0,0,sx,dom,2017-12-19 22:06:44,TD24
0,0,0,sx,dom,2017-12-19 22:06:45,TD24
0,0,0,sx,dom,2017-12-19 22:06:46,TD24
0,0,0,sx,dom,2017-12-19 22:06:47,TD24
0,0,0,sx,dom,2017-12-19 22:06:48,TD24
20,41,11,sx,dom,2017-12-19 22:06:49,TD24
0,20,0,sx,dom,2017-12-19 22:06:50,TD24
85,22,82,dx,dom,2017-12-19 22:05:50,TD24
122,45,105,dx,dom,2017-12-19 22:05:51,TD24
113,75,93,dx,dom,2017-12-19 22:05:52,TD24
72,69,97,dx,dom,2017-12-19 22:05:53,TD24
56,48,94,dx,dom,2017-12-19 22:05:54,TD24
123,48,80,dx,dom,2017-12-19 22:05:55,TD24
173,43,50,dx,dom,2017-12-19 22:05:56,TD24
97,70,80,dx,dom,2017-12-19 22:05:57,TD24
50,81,95,dx,dom,2017-12-19 22:05:58,TD24
69,93,118,dx,dom,2017-12-19 22:05:59,TD24
63,45,121,dx,dom,2017-12-19 22:06:00,TD24
54,29,122,dx,dom,2017-12-19 22:06:01,TD24
59,38,116,dx,dom,2017-12-19 22:06:02,TD24
73,70,105,dx,dom,2017-12-19 22:06:03,TD24
52,34,125,dx,dom,2017-12-19 22:06:04,TD24
44,49,122,dx,dom,2017-12-19 22:06:05,TD24
75,44,136,dx,dom,2017-12-19 22:06:06,TD24
68,74,70,dx,dom,2017-12-19 22:06:07,TD24
64,62,121,dx,dom,2017-12-19 22:06:08,TD24
109,53,66,dx,dom,2017-12-19 22:06:09,TD24
177,46,69,dx,dom,2017-12-19 22:06:10,TD24
122,40,79,dx,dom,2017-12-19 22:06:11,TD24
78,96,70,dx,dom,2017-12-19 22:06:12,TD24
45,95,62,dx,dom,2017-12-19 22:06:13,TD24
134,42,82,dx,dom,2017-12-19 22:06:14,TD24
25,57,88,dx,dom,2017-12-19 22:06:15,TD24
123,68,70,dx,dom,2017-12-19 22:06:16,TD24
174,51,59,dx,dom,2017-12-19 22:06:17,TD24
70,29,126,dx,dom,2017-12-19 22:06:18,TD24
60,15,115,dx,dom,2017-12-19 22:06:19,TD24
71,71,160,dx,dom,2017-12-19 22:06:20,TD24
42,12,156,dx,dom,2017-12-19 22:06:21,TD24
45,31,117,dx,dom,2017-12-19 22:06:22,TD24
57,36,154,dx,dom,2017-12-19 22:06:23,TD24
62,25,136,dx,dom,2017-12-19 22:06:24,TD24
81,88,47,dx,dom,2017-12-19 22:06:25,TD24
79,93,141,dx,dom,2017-12-19 22:06:26,TD24
70,28,141,dx,dom,2017-12-19 22:06:27,TD24
56,98,117,dx,dom,2017-12-19 22:06:28,TD24
78,89,34,dx,dom,2017-12-19 22:06:29,TD24
45,34,100,dx,dom,2017-12-19 22:06:30,TD24
68,67,115,dx,dom,2017-12-19 22:06:31,TD24
96,26,114,dx,dom,2017-12-19 22:06:32,TD24
47,48,143,dx,dom,2017-12-19 22:06:33,TD24
64,81,138,dx,dom,2017-12-19 22:06:34,TD24
48,139,64,dx,dom,2017-12-19 22:06:35,TD24
137,57,88,dx,dom,2017-12-19 22:06:36,TD24
151,63,64,dx,dom,2017-12-19 22:06:37,TD24
131,59,62,dx,dom,2017-12-19 22:06:38,TD24
75,59,128,dx,dom,2017-12-19 22:06:39,TD24
106,78,120,dx,dom,2017-12-19 22:06:40,TD24
88,100,105,dx,dom,2017-12-19 22:06:41,TD24
85,65,104,dx,dom,2017-12-19 22:06:42,TD24
54,61,75,dx,dom,2017-12-19 22:06:43,TD24
85,104,87,dx,dom,2017-12-19 22:06:44,TD24
32,66,102,dx,dom,2017-12-19 22:06:45,TD24
28,43,131,dx,dom,2017-12-19 22:06:46,TD24
56,26,96,dx,dom,2017-12-19 22:06:47,TD24
32,24,93,dx,dom,2017-12-19 22:06:48,TD24
81,81,117,dx,dom,2017-12-19 22:06:49,TD24
13,93,6,dx,dom,2017-12-19 22:06:50,TD24
72,58,94,sx,ndom,2017-12-19 22:08:20,TD24
68,42,112,sx,ndom,2017-12-19 22:08:21,TD24
118,26,90,sx,ndom,2017-12-19 22:08:22,TD24
113,18,100,sx,ndom,2017-12-19 22:08:23,TD24
114,56,120,sx,ndom,2017-12-19 22:08:24,TD24
183,24,48,sx,ndom,2017-12-19 22:08:25,TD24
173,56,51,sx,ndom,2017-12-19 22:08:26,TD24
169,42,46,sx,ndom,2017-12-19 22:08:27,TD24
173,46,71,sx,ndom,2017-12-19 22:08:28,TD24
87,62,88,sx,ndom,2017-12-19 22:08:29,TD24
136,69,87,sx,ndom,2017-12-19 22:08:30,TD24
79,70,97,sx,ndom,2017-12-19 22:08:31,TD24
53,146,117,sx,ndom,2017-12-19 22:08:32,TD24
164,39,97,sx,ndom,2017-12-19 22:08:33,TD24
82,43,75,sx,ndom,2017-12-19 22:08:34,TD24
70,33,76,sx,ndom,2017-12-19 22:08:35,TD24
66,59,55,sx,ndom,2017-12-19 22:08:36,TD24
68,35,99,sx,ndom,2017-12-19 22:08:37,TD24
56,23,85,sx,ndom,2017-12-19 22:08:38,TD24
74,61,103,sx,ndom,2017-12-19 22:08:39,TD24
63,107,86,sx,ndom,2017-12-19 22:08:40,TD24
94,85,90,sx,ndom,2017-12-19 22:08:41,TD24
158,22,98,sx,ndom,2017-12-19 22:08:42,TD24
78,37,44,sx,ndom,2017-12-19 22:08:43,TD24
66,32,112,sx,ndom,2017-12-19 22:08:44,TD24
114,32,101,sx,ndom,2017-12-19 22:08:45,TD24
103,25,82,sx,ndom,2017-12-19 22:08:46,TD24
91,44,99,sx,ndom,2017-12-19 22:08:47,TD24
107,53,99,sx,ndom,2017-12-19 22:08:48,TD24
55,64,113,sx,ndom,2017-12-19 22:08:49,TD24
91,44,136,sx,ndom,2017-12-19 22:08:50,TD24
91,67,95,sx,ndom,2017-12-19 22:08:51,TD24
67,57,92,sx,ndom,2017-12-19 22:08:52,TD24
89,71,109,sx,ndom,2017-12-19 22:08:53,TD24
102,54,74,sx,ndom,2017-12-19 22:08:54,TD24
73,31,73,sx,ndom,2017-12-19 22:08:55,TD24
55,51,95,sx,ndom,2017-12-19 22:08:56,TD24
58,65,64,sx,ndom,2017-12-19 22:08:57,TD24
64,130,64,sx,ndom,2017-12-19 22:08:58,TD24
55,100,55,sx,ndom,2017-12-19 22:08:59,TD24
160,104,51,sx,ndom,2017-12-19 22:09:00,TD24
120,52,60,sx,ndom,2017-12-19 22:09:01,TD24
191,53,52,sx,ndom,2017-12-19 22:09:02,TD24
124,88,44,sx,ndom,2017-12-19 22:09:03,TD24
105,43,78,sx,ndom,2017-12-19 22:09:04,TD24
56,35,115,sx,ndom,2017-12-19 22:09:05,TD24
32,67,67,sx,ndom,2017-12-19 22:09:06,TD24
30,60,56,sx,ndom,2017-12-19 22:09:07,TD24
85,28,125,sx,ndom,2017-12-19 22:09:08,TD24
111,32,129,sx,ndom,2017-12-19 22:09:09,TD24
48,85,96,sx,ndom,2017-12-19 22:09:10,TD24
93,74,31,sx,ndom,2017-12-19 22:09:11,TD24
83,46,115,sx,ndom,2017-12-19 22:09:12,TD24
43,47,116,sx,ndom,2017-12-19 22:09:13,TD24
94,66,130,sx,ndom,2017-12-19 22:09:14,TD24
48,90,105,sx,ndom,2017-12-19 22:09:15,TD24
59,66,117,sx,ndom,2017-12-19 22:09:16,TD24
45,46,124,sx,ndom,2017-12-19 22:09:17,TD24
76,73,114,sx,ndom,2017-12-19 22:09:18,TD24
84,38,39,sx,ndom,2017-12-19 22:09:19,TD24
107,112,78,sx,ndom,2017-12-19 22:09:20,TD24
0,0,0,dx,ndom,2017-12-19 22:08:20,TD24
0,0,0,dx,ndom,2017-12-19 22:08:21,TD24
0,0,0,dx,ndom,2017-12-19 22:08:22,TD24
0,0,0,dx,ndom,2017-12-19 22:08:23,TD24
0,0,0,dx,ndom,2017-12-19 22:08:24,TD24
0,0,0,dx,ndom,2017-12-19 22:08:25,TD24
0,0,0,dx,ndom,2017-12-19 22:08:26,TD24
0,0,0,dx,ndom,2017-12-19 22:08:27,TD24
0,0,0,dx,ndom,2017-12-19 22:08:28,TD24
0,0,0,dx,ndom,2017-12-19 22:08:29,TD24
0,0,0,dx,ndom,2017-12-19 22:08:30,TD24
0,0,0,dx,ndom,2017-12-19 22:08:31,TD24
0,0,0,dx,ndom,2017-12-19 22:08:32,TD24
0,0,0,dx,ndom,2017-12-19 22:08:33,TD24
0,0,0,dx,ndom,2017-12-19 22:08:34,TD24
0,0,0,dx,ndom,2017-12-19 22:08:35,TD24
0,0,0,dx,ndom,2017-12-19 22:08:36,TD24
0,0,0,dx,ndom,2017-12-19 22:08:37,TD24
0,0,0,dx,ndom,2017-12-19 22:08:38,TD24
0,0,0,dx,ndom,2017-12-19 22:08:39,TD24
0,0,0,dx,ndom,2017-12-19 22:08:40,TD24
0,0,0,dx,ndom,2017-12-19 22:08:41,TD24
0,0,0,dx,ndom,2017-12-19 22:08:42,TD24
0,0,0,dx,ndom,2017-12-19 22:08:43,TD24
0,0,0,dx,ndom,2017-12-19 22:08:44,TD24
0,0,0,dx,ndom,2017-12-19 22:08:45,TD24
0,0,0,dx,ndom,2017-12-19 22:08:46,TD24
0,0,0,dx,ndom,2017-12-19 22:08:47,TD24
0,0,0,dx,ndom,2017-12-19 22:08:48,TD24
0,0,0,dx,ndom,2017-12-19 22:08:49,TD24
0,0,0,dx,ndom,2017-12-19 22:08:50,TD24
0,0,0,dx,ndom,2017-12-19 22:08:51,TD24
0,0,0,dx,ndom,2017-12-19 22:08:52,TD24
0,0,0,dx,ndom,2017-12-19 22:08:53,TD24
0,0,0,dx,ndom,2017-12-19 22:08:54,TD24
0,0,0,dx,ndom,2017-12-19 22:08:55,TD24
0,0,0,dx,ndom,2017-12-19 22:08:56,TD24
0,0,0,dx,ndom,2017-12-19 22:08:57,TD24
0,0,0,dx,ndom,2017-12-19 22:08:58,TD24
0,0,0,dx,ndom,2017-12-19 22:08:59,TD24
0,0,0,dx,ndom,2017-12-19 22:09:00,TD24
0,0,0,dx,ndom,2017-12-19 22:09:01,TD24
0,0,0,dx,ndom,2017-12-19 22:09:02,TD24
0,0,0,dx,ndom,2017-12-19 22:09:03,TD24
0,0,0,dx,ndom,2017-12-19 22:09:04,TD24
0,0,0,dx,ndom,2017-12-19 22:09:05,TD24
0,0,0,dx,ndom,2017-12-19 22:09:06,TD24
0,0,0,dx,ndom,2017-12-19 22:09:07,TD24
0,0,0,dx,ndom,2017-12-19 22:09:08,TD24
0,0,0,dx,ndom,2017-12-19 22:09:09,TD24
0,0,0,dx,ndom,2017-12-19 22:09:10,TD24
0,0,0,dx,ndom,2017-12-19 22:09:11,TD24
0,0,0,dx,ndom,2017-12-19 22:09:12,TD24
0,0,0,dx,ndom,2017-12-19 22:09:13,TD24
0,0,0,dx,ndom,2017-12-19 22:09:14,TD24
0,0,0,dx,ndom,2017-12-19 22:09:15,TD24
0,0,0,dx,ndom,2017-12-19 22:09:16,TD24
0,0,0,dx,ndom,2017-12-19 22:09:17,TD24
0,0,0,dx,ndom,2017-12-19 22:09:18,TD24
0,0,0,dx,ndom,2017-12-19 22:09:19,TD24
6,1,1,dx,ndom,2017-12-19 22:09:20,TD24
0,0,30,sx,dom,2017-12-03 18:47:20,TD25
0,0,19,sx,dom,2017-12-03 18:47:21,TD25
0,0,1,sx,dom,2017-12-03 18:47:22,TD25
0,0,17,sx,dom,2017-12-03 18:47:23,TD25
0,0,18,sx,dom,2017-12-03 18:47:24,TD25
0,0,0,sx,dom,2017-12-03 18:47:25,TD25
0,0,0,sx,dom,2017-12-03 18:47:26,TD25
154,83,63,sx,dom,2017-12-03 18:47:27,TD25
145,94,40,sx,dom,2017-12-03 18:47:28,TD25
83,88,114,sx,dom,2017-12-03 18:47:29,TD25
0,7,59,sx,dom,2017-12-03 18:47:30,TD25
0,0,0,sx,dom,2017-12-03 18:47:31,TD25
0,0,0,sx,dom,2017-12-03 18:47:32,TD25
0,0,0,sx,dom,2017-12-03 18:47:33,TD25
0,0,0,sx,dom,2017-12-03 18:47:34,TD25
0,0,0,sx,dom,2017-12-03 18:47:35,TD25
0,0,0,sx,dom,2017-12-03 18:47:36,TD25
0,0,0,sx,dom,2017-12-03 18:47:37,TD25
57,134,38,sx,dom,2017-12-03 18:47:38,TD25
19,40,50,sx,dom,2017-12-03 18:47:39,TD25
27,20,60,sx,dom,2017-12-03 18:47:40,TD25
100,84,89,sx,dom,2017-12-03 18:47:41,TD25
65,95,28,sx,dom,2017-12-03 18:47:42,TD25
85,72,29,sx,dom,2017-12-03 18:47:43,TD25
68,91,69,sx,dom,2017-12-03 18:47:44,TD25
7,12,54,sx,dom,2017-12-03 18:47:45,TD25
26,42,15,sx,dom,2017-12-03 18:47:46,TD25
0,13,0,sx,dom,2017-12-03 18:47:47,TD25
1,0,0,sx,dom,2017-12-03 18:47:48,TD25
24,6,12,sx,dom,2017-12-03 18:47:49,TD25
8,0,0,sx,dom,2017-12-03 18:47:50,TD25
0,0,0,sx,dom,2017-12-03 18:47:51,TD25
0,0,0,sx,dom,2017-12-03 18:47:52,TD25
41,44,48,sx,dom,2017-12-03 18:47:53,TD25
15,47,14,sx,dom,2017-12-03 18:47:54,TD25
32,50,54,sx,dom,2017-12-03 18:47:55,TD25
15,25,40,sx,dom,2017-12-03 18:47:56,TD25
30,48,33,sx,dom,2017-12-03 18:47:57,TD25
0,3,0,sx,dom,2017-12-03 18:47:58,TD25
0,0,15,sx,dom,2017-12-03 18:47:59,TD25
26,34,40,sx,dom,2017-12-03 18:48:00,TD25
0,36,32,sx,dom,2017-12-03 18:48:01,TD25
0,6,10,sx,dom,2017-12-03 18:48:02,TD25
0,0,0,sx,dom,2017-12-03 18:48:03,TD25
0,0,0,sx,dom,2017-12-03 18:48:04,TD25
0,0,0,sx,dom,2017-12-03 18:48:05,TD25
0,0,0,sx,dom,2017-12-03 18:48:06,TD25
0,0,0,sx,dom,2017-12-03 18:48:07,TD25
0,0,0,sx,dom,2017-12-03 18:48:08,TD25
0,0,0,sx,dom,2017-12-03 18:48:09,TD25
0,0,0,sx,dom,2017-12-03 18:48:10,TD25
0,0,0,sx,dom,2017-12-03 18:48:11,TD25
0,0,0,sx,dom,2017-12-03 18:48:12,TD25
0,14,0,sx,dom,2017-12-03 18:48:13,TD25
0,0,0,sx,dom,2017-12-03 18:48:14,TD25
0,1,0,sx,dom,2017-12-03 18:48:15,TD25
0,0,5,sx,dom,2017-12-03 18:48:16,TD25
0,0,10,sx,dom,2017-12-03 18:48:17,TD25
0,0,0,sx,dom,2017-12-03 18:48:18,TD25
0,0,0,sx,dom,2017-12-03 18:48:19,TD25
9,23,0,sx,dom,2017-12-03 18:48:20,TD25
0,0,31,dx,dom,2017-12-03 18:47:20,TD25
0,0,0,dx,dom,2017-12-03 18:47:21,TD25
0,0,0,dx,dom,2017-12-03 18:47:22,TD25
9,18,22,dx,dom,2017-12-03 18:47:23,TD25
45,227,34,dx,dom,2017-12-03 18:47:24,TD25
0,87,39,dx,dom,2017-12-03 18:47:25,TD25
5,49,6,dx,dom,2017-12-03 18:47:26,TD25
148,274,40,dx,dom,2017-12-03 18:47:27,TD25
184,161,67,dx,dom,2017-12-03 18:47:28,TD25
229,11,69,dx,dom,2017-12-03 18:47:29,TD25
1,52,3,dx,dom,2017-12-03 18:47:30,TD25
0,2,0,dx,dom,2017-12-03 18:47:31,TD25
0,0,0,dx,dom,2017-12-03 18:47:32,TD25
0,0,0,dx,dom,2017-12-03 18:47:33,TD25
0,0,0,dx,dom,2017-12-03 18:47:34,TD25
0,0,0,dx,dom,2017-12-03 18:47:35,TD25
0,0,0,dx,dom,2017-12-03 18:47:36,TD25
0,0,0,dx,dom,2017-12-03 18:47:37,TD25
54,15,60,dx,dom,2017-12-03 18:47:38,TD25
65,33,66,dx,dom,2017-12-03 18:47:39,TD25
66,37,23,dx,dom,2017-12-03 18:47:40,TD25
125,35,73,dx,dom,2017-12-03 18:47:41,TD25
106,70,8,dx,dom,2017-12-03 18:47:42,TD25
224,83,50,dx,dom,2017-12-03 18:47:43,TD25
275,281,138,dx,dom,2017-12-03 18:47:44,TD25
8,129,96,dx,dom,2017-12-03 18:47:45,TD25
29,122,30,dx,dom,2017-12-03 18:47:46,TD25
10,39,0,dx,dom,2017-12-03 18:47:47,TD25
0,5,0,dx,dom,2017-12-03 18:47:48,TD25
6,0,0,dx,dom,2017-12-03 18:47:49,TD25
1,15,0,dx,dom,2017-12-03 18:47:50,TD25
74,119,117,dx,dom,2017-12-03 18:47:51,TD25
95,70,71,dx,dom,2017-12-03 18:47:52,TD25
206,113,67,dx,dom,2017-12-03 18:47:53,TD25
83,41,43,dx,dom,2017-12-03 18:47:54,TD25
51,104,82,dx,dom,2017-12-03 18:47:55,TD25
90,146,36,dx,dom,2017-12-03 18:47:56,TD25
6,19,43,dx,dom,2017-12-03 18:47:57,TD25
15,18,12,dx,dom,2017-12-03 18:47:58,TD25
0,7,19,dx,dom,2017-12-03 18:47:59,TD25
12,1,55,dx,dom,2017-12-03 18:48:00,TD25
89,97,76,dx,dom,2017-12-03 18:48:01,TD25
214,120,56,dx,dom,2017-12-03 18:48:02,TD25
319,151,112,dx,dom,2017-12-03 18:48:03,TD25
42,35,44,dx,dom,2017-12-03 18:48:04,TD25
37,11,3,dx,dom,2017-12-03 18:48:05,TD25
3,0,0,dx,dom,2017-12-03 18:48:06,TD25
0,0,0,dx,dom,2017-12-03 18:48:07,TD25
1,4,2,dx,dom,2017-12-03 18:48:08,TD25
308,115,83,dx,dom,2017-12-03 18:48:09,TD25
256,108,94,dx,dom,2017-12-03 18:48:10,TD25
139,68,92,dx,dom,2017-12-03 18:48:11,TD25
71,0,2,dx,dom,2017-12-03 18:48:12,TD25
88,14,26,dx,dom,2017-12-03 18:48:13,TD25
91,40,73,dx,dom,2017-12-03 18:48:14,TD25
129,40,80,dx,dom,2017-12-03 18:48:15,TD25
75,42,75,dx,dom,2017-12-03 18:48:16,TD25
138,1,18,dx,dom,2017-12-03 18:48:17,TD25
136,156,80,dx,dom,2017-12-03 18:48:18,TD25
62,138,21,dx,dom,2017-12-03 18:48:19,TD25
58,109,1,dx,dom,2017-12-03 18:48:20,TD25
0,15,0,sx,ndom,2017-12-03 18:44:15,TD25
3,40,24,sx,ndom,2017-12-03 18:44:16,TD25
47,143,117,sx,ndom,2017-12-03 18:44:17,TD25
35,159,15,sx,ndom,2017-12-03 18:44:18,TD25
9,48,103,sx,ndom,2017-12-03 18:44:19,TD25
4,18,22,sx,ndom,2017-12-03 18:44:20,TD25
144,82,62,sx,ndom,2017-12-03 18:44:21,TD25
67,31,46,sx,ndom,2017-12-03 18:44:22,TD25
52,20,26,sx,ndom,2017-12-03 18:44:23,TD25
0,2,0,sx,ndom,2017-12-03 18:44:24,TD25
6,43,2,sx,ndom,2017-12-03 18:44:25,TD25
66,139,30,sx,ndom,2017-12-03 18:44:26,TD25
131,99,36,sx,ndom,2017-12-03 18:44:27,TD25
19,71,5,sx,ndom,2017-12-03 18:44:28,TD25
0,4,0,sx,ndom,2017-12-03 18:44:29,TD25
0,0,0,sx,ndom,2017-12-03 18:44:30,TD25
0,0,0,sx,ndom,2017-12-03 18:44:31,TD25
0,0,0,sx,ndom,2017-12-03 18:44:32,TD25
0,0,0,sx,ndom,2017-12-03 18:44:33,TD25
0,0,0,sx,ndom,2017-12-03 18:44:34,TD25
0,0,0,sx,ndom,2017-12-03 18:44:35,TD25
0,0,0,sx,ndom,2017-12-03 18:44:36,TD25
0,0,0,sx,ndom,2017-12-03 18:44:37,TD25
31,0,0,sx,ndom,2017-12-03 18:44:38,TD25
14,0,0,sx,ndom,2017-12-03 18:44:39,TD25
0,0,0,sx,ndom,2017-12-03 18:44:40,TD25
0,0,0,sx,ndom,2017-12-03 18:44:41,TD25
0,0,0,sx,ndom,2017-12-03 18:44:42,TD25
0,0,0,sx,ndom,2017-12-03 18:44:43,TD25
0,0,0,sx,ndom,2017-12-03 18:44:44,TD25
0,0,0,sx,ndom,2017-12-03 18:44:45,TD25
0,0,0,sx,ndom,2017-12-03 18:44:46,TD25
0,0,0,sx,ndom,2017-12-03 18:44:47,TD25
0,0,0,sx,ndom,2017-12-03 18:44:48,TD25
135,167,142,sx,ndom,2017-12-03 18:44:49,TD25
111,104,34,sx,ndom,2017-12-03 18:44:50,TD25
111,174,186,sx,ndom,2017-12-03 18:44:51,TD25
14,55,30,sx,ndom,2017-12-03 18:44:52,TD25
0,0,17,sx,ndom,2017-12-03 18:44:53,TD25
0,0,0,sx,ndom,2017-12-03 18:44:54,TD25
0,0,0,sx,ndom,2017-12-03 18:44:55,TD25
0,0,0,sx,ndom,2017-12-03 18:44:56,TD25
0,0,0,sx,ndom,2017-12-03 18:44:57,TD25
0,0,0,sx,ndom,2017-12-03 18:44:58,TD25
0,0,0,sx,ndom,2017-12-03 18:44:59,TD25
1,32,0,sx,ndom,2017-12-03 18:45:00,TD25
0,2,0,sx,ndom,2017-12-03 18:45:01,TD25
0,0,0,sx,ndom,2017-12-03 18:45:02,TD25
0,0,0,sx,ndom,2017-12-03 18:45:03,TD25
0,0,0,sx,ndom,2017-12-03 18:45:04,TD25
0,0,0,sx,ndom,2017-12-03 18:45:05,TD25
0,0,0,sx,ndom,2017-12-03 18:45:06,TD25
0,0,0,sx,ndom,2017-12-03 18:45:07,TD25
93,13,83,sx,ndom,2017-12-03 18:45:08,TD25
158,85,150,sx,ndom,2017-12-03 18:45:09,TD25
26,74,40,sx,ndom,2017-12-03 18:45:10,TD25
0,23,32,sx,ndom,2017-12-03 18:45:11,TD25
10,68,64,sx,ndom,2017-12-03 18:45:12,TD25
46,50,17,sx,ndom,2017-12-03 18:45:13,TD25
5,31,0,sx,ndom,2017-12-03 18:45:14,TD25
14,38,0,sx,ndom,2017-12-03 18:45:15,TD25
5,26,43,dx,ndom,2017-12-03 18:44:15,TD25
0,19,27,dx,ndom,2017-12-03 18:44:16,TD25
38,94,109,dx,ndom,2017-12-03 18:44:17,TD25
13,109,57,dx,ndom,2017-12-03 18:44:18,TD25
0,60,92,dx,ndom,2017-12-03 18:44:19,TD25
0,40,1,dx,ndom,2017-12-03 18:44:20,TD25
96,71,27,dx,ndom,2017-12-03 18:44:21,TD25
37,29,49,dx,ndom,2017-12-03 18:44:22,TD25
15,35,5,dx,ndom,2017-12-03 18:44:23,TD25
0,28,0,dx,ndom,2017-12-03 18:44:24,TD25
2,21,16,dx,ndom,2017-12-03 18:44:25,TD25
20,72,38,dx,ndom,2017-12-03 18:44:26,TD25
20,37,4,dx,ndom,2017-12-03 18:44:27,TD25
0,39,20,dx,ndom,2017-12-03 18:44:28,TD25
0,8,0,dx,ndom,2017-12-03 18:44:29,TD25
0,0,0,dx,ndom,2017-12-03 18:44:30,TD25
0,0,0,dx,ndom,2017-12-03 18:44:31,TD25
0,0,0,dx,ndom,2017-12-03 18:44:32,TD25
0,0,0,dx,ndom,2017-12-03 18:44:33,TD25
0,0,0,dx,ndom,2017-12-03 18:44:34,TD25
0,0,0,dx,ndom,2017-12-03 18:44:35,TD25
0,11,10,dx,ndom,2017-12-03 18:44:36,TD25
0,28,25,dx,ndom,2017-12-03 18:44:37,TD25
0,2,2,dx,ndom,2017-12-03 18:44:38,TD25
0,0,0,dx,ndom,2017-12-03 18:44:39,TD25
0,0,0,dx,ndom,2017-12-03 18:44:40,TD25
0,0,0,dx,ndom,2017-12-03 18:44:41,TD25
0,0,0,dx,ndom,2017-12-03 18:44:42,TD25
0,0,0,dx,ndom,2017-12-03 18:44:43,TD25
0,0,0,dx,ndom,2017-12-03 18:44:44,TD25
0,0,0,dx,ndom,2017-12-03 18:44:45,TD25
0,0,0,dx,ndom,2017-12-03 18:44:46,TD25
0,0,0,dx,ndom,2017-12-03 18:44:47,TD25
0,0,0,dx,ndom,2017-12-03 18:44:48,TD25
38,75,140,dx,ndom,2017-12-03 18:44:49,TD25
163,162,69,dx,ndom,2017-12-03 18:44:50,TD25
173,46,100,dx,ndom,2017-12-03 18:44:51,TD25
5,7,18,dx,ndom,2017-12-03 18:44:52,TD25
0,0,0,dx,ndom,2017-12-03 18:44:53,TD25
0,0,0,dx,ndom,2017-12-03 18:44:54,TD25
0,0,0,dx,ndom,2017-12-03 18:44:55,TD25
0,0,0,dx,ndom,2017-12-03 18:44:56,TD25
0,0,0,dx,ndom,2017-12-03 18:44:57,TD25
0,0,0,dx,ndom,2017-12-03 18:44:58,TD25
0,0,0,dx,ndom,2017-12-03 18:44:59,TD25
0,20,9,dx,ndom,2017-12-03 18:45:00,TD25
0,25,1,dx,ndom,2017-12-03 18:45:01,TD25
0,0,0,dx,ndom,2017-12-03 18:45:02,TD25
0,0,0,dx,ndom,2017-12-03 18:45:03,TD25
0,0,0,dx,ndom,2017-12-03 18:45:04,TD25
0,0,0,dx,ndom,2017-12-03 18:45:05,TD25
0,0,0,dx,ndom,2017-12-03 18:45:06,TD25
0,0,0,dx,ndom,2017-12-03 18:45:07,TD25
0,0,0,dx,ndom,2017-12-03 18:45:08,TD25
46,73,65,dx,ndom,2017-12-03 18:45:09,TD25
1,0,1,dx,ndom,2017-12-03 18:45:10,TD25
0,0,9,dx,ndom,2017-12-03 18:45:11,TD25
0,0,13,dx,ndom,2017-12-03 18:45:12,TD25
18,0,25,dx,ndom,2017-12-03 18:45:13,TD25
31,21,114,dx,ndom,2017-12-03 18:45:14,TD25
50,148,91,dx,ndom,2017-12-03 18:45:15,TD25
0,0,0,sx,dom,2017-03-22 12:23:25,TD26
0,0,0,sx,dom,2017-03-22 12:23:26,TD26
0,0,0,sx,dom,2017-03-22 12:23:27,TD26
0,0,0,sx,dom,2017-03-22 12:23:28,TD26
0,0,0,sx,dom,2017-03-22 12:23:29,TD26
0,0,0,sx,dom,2017-03-22 12:23:30,TD26
0,0,0,sx,dom,2017-03-22 12:23:31,TD26
0,0,0,sx,dom,2017-03-22 12:23:32,TD26
0,0,0,sx,dom,2017-03-22 12:23:33,TD26
0,0,0,sx,dom,2017-03-22 12:23:34,TD26
0,0,0,sx,dom,2017-03-22 12:23:35,TD26
0,0,0,sx,dom,2017-03-22 12:23:36,TD26
0,0,0,sx,dom,2017-03-22 12:23:37,TD26
0,0,0,sx,dom,2017-03-22 12:23:38,TD26
0,0,0,sx,dom,2017-03-22 12:23:39,TD26
0,0,0,sx,dom,2017-03-22 12:23:40,TD26
0,0,0,sx,dom,2017-03-22 12:23:41,TD26
0,0,0,sx,dom,2017-03-22 12:23:42,TD26
0,0,0,sx,dom,2017-03-22 12:23:43,TD26
0,0,0,sx,dom,2017-03-22 12:23:44,TD26
0,0,0,sx,dom,2017-03-22 12:23:45,TD26
0,0,0,sx,dom,2017-03-22 12:23:46,TD26
0,0,0,sx,dom,2017-03-22 12:23:47,TD26
0,0,0,sx,dom,2017-03-22 12:23:48,TD26
0,0,0,sx,dom,2017-03-22 12:23:49,TD26
0,0,0,sx,dom,2017-03-22 12:23:50,TD26
0,0,0,sx,dom,2017-03-22 12:23:51,TD26
0,0,0,sx,dom,2017-03-22 12:23:52,TD26
0,0,0,sx,dom,2017-03-22 12:23:53,TD26
0,0,0,sx,dom,2017-03-22 12:23:54,TD26
0,0,0,sx,dom,2017-03-22 12:23:55,TD26
0,0,0,sx,dom,2017-03-22 12:23:56,TD26
0,0,0,sx,dom,2017-03-22 12:23:57,TD26
0,0,0,sx,dom,2017-03-22 12:23:58,TD26
0,0,0,sx,dom,2017-03-22 12:23:59,TD26
0,0,0,sx,dom,2017-03-22 12:24:00,TD26
0,0,0,sx,dom,2017-03-22 12:24:01,TD26
0,0,0,sx,dom,2017-03-22 12:24:02,TD26
0,0,0,sx,dom,2017-03-22 12:24:03,TD26
0,0,0,sx,dom,2017-03-22 12:24:04,TD26
0,0,0,sx,dom,2017-03-22 12:24:05,TD26
0,0,0,sx,dom,2017-03-22 12:24:06,TD26
0,0,0,sx,dom,2017-03-22 12:24:07,TD26
0,0,0,sx,dom,2017-03-22 12:24:08,TD26
0,0,0,sx,dom,2017-03-22 12:24:09,TD26
0,0,0,sx,dom,2017-03-22 12:24:10,TD26
0,0,0,sx,dom,2017-03-22 12:24:11,TD26
0,0,0,sx,dom,2017-03-22 12:24:12,TD26
0,0,0,sx,dom,2017-03-22 12:24:13,TD26
0,0,0,sx,dom,2017-03-22 12:24:14,TD26
0,0,0,sx,dom,2017-03-22 12:24:15,TD26
0,0,0,sx,dom,2017-03-22 12:24:16,TD26
0,0,0,sx,dom,2017-03-22 12:24:17,TD26
0,0,0,sx,dom,2017-03-22 12:24:18,TD26
0,0,0,sx,dom,2017-03-22 12:24:19,TD26
0,0,0,sx,dom,2017-03-22 12:24:20,TD26
0,0,0,sx,dom,2017-03-22 12:24:21,TD26
0,0,0,sx,dom,2017-03-22 12:24:22,TD26
0,0,0,sx,dom,2017-03-22 12:24:23,TD26
0,0,0,sx,dom,2017-03-22 12:24:24,TD26
72,41,64,sx,dom,2017-03-22 12:24:25,TD26
87,94,76,dx,dom,2017-03-22 12:23:25,TD26
74,36,90,dx,dom,2017-03-22 12:23:26,TD26
153,26,86,dx,dom,2017-03-22 12:23:27,TD26
141,41,69,dx,dom,2017-03-22 12:23:28,TD26
64,62,99,dx,dom,2017-03-22 12:23:29,TD26
62,65,99,dx,dom,2017-03-22 12:23:30,TD26
139,104,85,dx,dom,2017-03-22 12:23:31,TD26
142,87,73,dx,dom,2017-03-22 12:23:32,TD26
164,105,101,dx,dom,2017-03-22 12:23:33,TD26
75,62,67,dx,dom,2017-03-22 12:23:34,TD26
190,141,104,dx,dom,2017-03-22 12:23:35,TD26
191,167,124,dx,dom,2017-03-22 12:23:36,TD26
202,171,121,dx,dom,2017-03-22 12:23:37,TD26
63,135,88,dx,dom,2017-03-22 12:23:38,TD26
49,120,110,dx,dom,2017-03-22 12:23:39,TD26
48,81,115,dx,dom,2017-03-22 12:23:40,TD26
50,75,75,dx,dom,2017-03-22 12:23:41,TD26
76,131,65,dx,dom,2017-03-22 12:23:42,TD26
98,118,70,dx,dom,2017-03-22 12:23:43,TD26
89,142,82,dx,dom,2017-03-22 12:23:44,TD26
51,151,91,dx,dom,2017-03-22 12:23:45,TD26
60,135,115,dx,dom,2017-03-22 12:23:46,TD26
54,162,68,dx,dom,2017-03-22 12:23:47,TD26
74,83,91,dx,dom,2017-03-22 12:23:48,TD26
32,70,52,dx,dom,2017-03-22 12:23:49,TD26
57,120,57,dx,dom,2017-03-22 12:23:50,TD26
36,62,52,dx,dom,2017-03-22 12:23:51,TD26
97,116,56,dx,dom,2017-03-22 12:23:52,TD26
70,90,117,dx,dom,2017-03-22 12:23:53,TD26
73,69,90,dx,dom,2017-03-22 12:23:54,TD26
94,119,102,dx,dom,2017-03-22 12:23:55,TD26
91,95,82,dx,dom,2017-03-22 12:23:56,TD26
78,67,82,dx,dom,2017-03-22 12:23:57,TD26
155,74,91,dx,dom,2017-03-22 12:23:58,TD26
147,61,95,dx,dom,2017-03-22 12:23:59,TD26
167,55,105,dx,dom,2017-03-22 12:24:00,TD26
190,106,81,dx,dom,2017-03-22 12:24:01,TD26
75,94,50,dx,dom,2017-03-22 12:24:02,TD26
104,131,66,dx,dom,2017-03-22 12:24:03,TD26
104,118,76,dx,dom,2017-03-22 12:24:04,TD26
80,131,75,dx,dom,2017-03-22 12:24:05,TD26
69,150,67,dx,dom,2017-03-22 12:24:06,TD26
123,130,75,dx,dom,2017-03-22 12:24:07,TD26
186,128,76,dx,dom,2017-03-22 12:24:08,TD26
113,71,70,dx,dom,2017-03-22 12:24:09,TD26
109,81,58,dx,dom,2017-03-22 12:24:10,TD26
84,108,90,dx,dom,2017-03-22 12:24:11,TD26
81,116,63,dx,dom,2017-03-22 12:24:12,TD26
81,120,103,dx,dom,2017-03-22 12:24:13,TD26
66,108,66,dx,dom,2017-03-22 12:24:14,TD26
94,123,59,dx,dom,2017-03-22 12:24:15,TD26
55,71,74,dx,dom,2017-03-22 12:24:16,TD26
48,98,103,dx,dom,2017-03-22 12:24:17,TD26
50,129,59,dx,dom,2017-03-22 12:24:18,TD26
64,159,93,dx,dom,2017-03-22 12:24:19,TD26
53,139,101,dx,dom,2017-03-22 12:24:20,TD26
50,105,95,dx,dom,2017-03-22 12:24:21,TD26
28,75,52,dx,dom,2017-03-22 12:24:22,TD26
51,67,54,dx,dom,2017-03-22 12:24:23,TD26
69,28,70,dx,dom,2017-03-22 12:24:24,TD26
76,137,131,dx,dom,2017-03-22 12:24:25,TD26
30,113,82,sx,ndom,2017-03-22 12:26:10,TD26
66,92,56,sx,ndom,2017-03-22 12:26:11,TD26
98,39,26,sx,ndom,2017-03-22 12:26:12,TD26
118,67,52,sx,ndom,2017-03-22 12:26:13,TD26
112,57,54,sx,ndom,2017-03-22 12:26:14,TD26
72,56,76,sx,ndom,2017-03-22 12:26:15,TD26
87,82,67,sx,ndom,2017-03-22 12:26:16,TD26
107,138,45,sx,ndom,2017-03-22 12:26:17,TD26
30,90,70,sx,ndom,2017-03-22 12:26:18,TD26
46,71,64,sx,ndom,2017-03-22 12:26:19,TD26
41,127,47,sx,ndom,2017-03-22 12:26:20,TD26
76,122,65,sx,ndom,2017-03-22 12:26:21,TD26
148,83,61,sx,ndom,2017-03-22 12:26:22,TD26
172,43,80,sx,ndom,2017-03-22 12:26:23,TD26
121,107,68,sx,ndom,2017-03-22 12:26:24,TD26
85,72,38,sx,ndom,2017-03-22 12:26:25,TD26
89,78,41,sx,ndom,2017-03-22 12:26:26,TD26
135,111,70,sx,ndom,2017-03-22 12:26:27,TD26
99,107,59,sx,ndom,2017-03-22 12:26:28,TD26
88,159,45,sx,ndom,2017-03-22 12:26:29,TD26
95,108,67,sx,ndom,2017-03-22 12:26:30,TD26
79,96,52,sx,ndom,2017-03-22 12:26:31,TD26
158,69,41,sx,ndom,2017-03-22 12:26:32,TD26
142,87,79,sx,ndom,2017-03-22 12:26:33,TD26
142,159,60,sx,ndom,2017-03-22 12:26:34,TD26
151,146,62,sx,ndom,2017-03-22 12:26:35,TD26
44,95,51,sx,ndom,2017-03-22 12:26:36,TD26
72,74,44,sx,ndom,2017-03-22 12:26:37,TD26
43,170,22,sx,ndom,2017-03-22 12:26:38,TD26
51,58,49,sx,ndom,2017-03-22 12:26:39,TD26
42,92,23,sx,ndom,2017-03-22 12:26:40,TD26
69,81,69,sx,ndom,2017-03-22 12:26:41,TD26
86,103,44,sx,ndom,2017-03-22 12:26:42,TD26
89,93,62,sx,ndom,2017-03-22 12:26:43,TD26
71,106,52,sx,ndom,2017-03-22 12:26:44,TD26
73,93,68,sx,ndom,2017-03-22 12:26:45,TD26
61,71,67,sx,ndom,2017-03-22 12:26:46,TD26
74,102,95,sx,ndom,2017-03-22 12:26:47,TD26
72,82,90,sx,ndom,2017-03-22 12:26:48,TD26
90,110,95,sx,ndom,2017-03-22 12:26:49,TD26
70,80,56,sx,ndom,2017-03-22 12:26:50,TD26
40,60,71,sx,ndom,2017-03-22 12:26:51,TD26
58,79,61,sx,ndom,2017-03-22 12:26:52,TD26
32,58,66,sx,ndom,2017-03-22 12:26:53,TD26
73,75,109,sx,ndom,2017-03-22 12:26:54,TD26
77,94,96,sx,ndom,2017-03-22 12:26:55,TD26
108,89,69,sx,ndom,2017-03-22 12:26:56,TD26
79,107,67,sx,ndom,2017-03-22 12:26:57,TD26
117,142,55,sx,ndom,2017-03-22 12:26:58,TD26
47,121,65,sx,ndom,2017-03-22 12:26:59,TD26
78,68,40,sx,ndom,2017-03-22 12:27:00,TD26
92,98,50,sx,ndom,2017-03-22 12:27:01,TD26
121,100,78,sx,ndom,2017-03-22 12:27:02,TD26
52,62,63,sx,ndom,2017-03-22 12:27:03,TD26
47,114,79,sx,ndom,2017-03-22 12:27:04,TD26
45,101,67,sx,ndom,2017-03-22 12:27:05,TD26
89,93,77,sx,ndom,2017-03-22 12:27:06,TD26
80,61,62,sx,ndom,2017-03-22 12:27:07,TD26
86,90,77,sx,ndom,2017-03-22 12:27:08,TD26
65,77,70,sx,ndom,2017-03-22 12:27:09,TD26
176,44,125,sx,ndom,2017-03-22 12:27:10,TD26
0,0,0,dx,ndom,2017-03-22 12:26:10,TD26
0,0,0,dx,ndom,2017-03-22 12:26:11,TD26
0,0,0,dx,ndom,2017-03-22 12:26:12,TD26
0,0,0,dx,ndom,2017-03-22 12:26:13,TD26
0,0,0,dx,ndom,2017-03-22 12:26:14,TD26
0,0,0,dx,ndom,2017-03-22 12:26:15,TD26
0,0,0,dx,ndom,2017-03-22 12:26:16,TD26
0,0,0,dx,ndom,2017-03-22 12:26:17,TD26
0,0,0,dx,ndom,2017-03-22 12:26:18,TD26
0,0,0,dx,ndom,2017-03-22 12:26:19,TD26
0,0,0,dx,ndom,2017-03-22 12:26:20,TD26
0,0,0,dx,ndom,2017-03-22 12:26:21,TD26
0,0,0,dx,ndom,2017-03-22 12:26:22,TD26
0,0,0,dx,ndom,2017-03-22 12:26:23,TD26
0,0,0,dx,ndom,2017-03-22 12:26:24,TD26
0,0,0,dx,ndom,2017-03-22 12:26:25,TD26
0,0,0,dx,ndom,2017-03-22 12:26:26,TD26
0,0,0,dx,ndom,2017-03-22 12:26:27,TD26
0,0,0,dx,ndom,2017-03-22 12:26:28,TD26
0,0,0,dx,ndom,2017-03-22 12:26:29,TD26
0,0,0,dx,ndom,2017-03-22 12:26:30,TD26
0,0,0,dx,ndom,2017-03-22 12:26:31,TD26
0,0,0,dx,ndom,2017-03-22 12:26:32,TD26
0,0,0,dx,ndom,2017-03-22 12:26:33,TD26
0,0,0,dx,ndom,2017-03-22 12:26:34,TD26
0,0,0,dx,ndom,2017-03-22 12:26:35,TD26
0,0,0,dx,ndom,2017-03-22 12:26:36,TD26
0,0,0,dx,ndom,2017-03-22 12:26:37,TD26
0,0,0,dx,ndom,2017-03-22 12:26:38,TD26
0,0,0,dx,ndom,2017-03-22 12:26:39,TD26
0,0,0,dx,ndom,2017-03-22 12:26:40,TD26
0,0,0,dx,ndom,2017-03-22 12:26:41,TD26
0,0,0,dx,ndom,2017-03-22 12:26:42,TD26
0,0,0,dx,ndom,2017-03-22 12:26:43,TD26
0,0,0,dx,ndom,2017-03-22 12:26:44,TD26
0,0,0,dx,ndom,2017-03-22 12:26:45,TD26
0,0,0,dx,ndom,2017-03-22 12:26:46,TD26
0,0,0,dx,ndom,2017-03-22 12:26:47,TD26
0,0,0,dx,ndom,2017-03-22 12:26:48,TD26
0,0,0,dx,ndom,2017-03-22 12:26:49,TD26
0,0,0,dx,ndom,2017-03-22 12:26:50,TD26
0,0,0,dx,ndom,2017-03-22 12:26:51,TD26
0,0,0,dx,ndom,2017-03-22 12:26:52,TD26
0,0,0,dx,ndom,2017-03-22 12:26:53,TD26
0,0,0,dx,ndom,2017-03-22 12:26:54,TD26
0,0,0,dx,ndom,2017-03-22 12:26:55,TD26
0,0,0,dx,ndom,2017-03-22 12:26:56,TD26
0,0,0,dx,ndom,2017-03-22 12:26:57,TD26
0,0,0,dx,ndom,2017-03-22 12:26:58,TD26
0,0,0,dx,ndom,2017-03-22 12:26:59,TD26
0,0,0,dx,ndom,2017-03-22 12:27:00,TD26
0,0,0,dx,ndom,2017-03-22 12:27:01,TD26
0,0,0,dx,ndom,2017-03-22 12:27:02,TD26
0,0,0,dx,ndom,2017-03-22 12:27:03,TD26
0,0,0,dx,ndom,2017-03-22 12:27:04,TD26
0,0,0,dx,ndom,2017-03-22 12:27:05,TD26
0,0,0,dx,ndom,2017-03-22 12:27:06,TD26
0,0,0,dx,ndom,2017-03-22 12:27:07,TD26
0,0,0,dx,ndom,2017-03-22 12:27:08,TD26
0,0,0,dx,ndom,2017-03-22 12:27:09,TD26
0,0,0,dx,ndom,2017-03-22 12:27:10,TD26
0,0,5,sx,dom,2017-04-18 16:09:45,TD27
0,0,0,sx,dom,2017-04-18 16:09:46,TD27
0,0,0,sx,dom,2017-04-18 16:09:47,TD27
0,0,0,sx,dom,2017-04-18 16:09:48,TD27
0,0,0,sx,dom,2017-04-18 16:09:49,TD27
0,0,0,sx,dom,2017-04-18 16:09:50,TD27
0,0,0,sx,dom,2017-04-18 16:09:51,TD27
0,0,0,sx,dom,2017-04-18 16:09:52,TD27
0,0,0,sx,dom,2017-04-18 16:09:53,TD27
0,0,0,sx,dom,2017-04-18 16:09:54,TD27
0,0,0,sx,dom,2017-04-18 16:09:55,TD27
0,0,0,sx,dom,2017-04-18 16:09:56,TD27
0,0,0,sx,dom,2017-04-18 16:09:57,TD27
0,0,0,sx,dom,2017-04-18 16:09:58,TD27
0,0,0,sx,dom,2017-04-18 16:09:59,TD27
0,0,0,sx,dom,2017-04-18 16:10:00,TD27
0,0,0,sx,dom,2017-04-18 16:10:01,TD27
0,0,0,sx,dom,2017-04-18 16:10:02,TD27
0,0,0,sx,dom,2017-04-18 16:10:03,TD27
0,0,0,sx,dom,2017-04-18 16:10:04,TD27
0,0,0,sx,dom,2017-04-18 16:10:05,TD27
0,0,0,sx,dom,2017-04-18 16:10:06,TD27
0,0,0,sx,dom,2017-04-18 16:10:07,TD27
0,0,0,sx,dom,2017-04-18 16:10:08,TD27
0,0,0,sx,dom,2017-04-18 16:10:09,TD27
0,0,0,sx,dom,2017-04-18 16:10:10,TD27
0,0,0,sx,dom,2017-04-18 16:10:11,TD27
0,0,0,sx,dom,2017-04-18 16:10:12,TD27
0,0,0,sx,dom,2017-04-18 16:10:13,TD27
0,0,0,sx,dom,2017-04-18 16:10:14,TD27
0,0,0,sx,dom,2017-04-18 16:10:15,TD27
0,0,0,sx,dom,2017-04-18 16:10:16,TD27
0,0,0,sx,dom,2017-04-18 16:10:17,TD27
0,0,0,sx,dom,2017-04-18 16:10:18,TD27
0,0,0,sx,dom,2017-04-18 16:10:19,TD27
0,0,0,sx,dom,2017-04-18 16:10:20,TD27
0,0,0,sx,dom,2017-04-18 16:10:21,TD27
0,0,0,sx,dom,2017-04-18 16:10:22,TD27
0,0,0,sx,dom,2017-04-18 16:10:23,TD27
0,0,0,sx,dom,2017-04-18 16:10:24,TD27
0,0,0,sx,dom,2017-04-18 16:10:25,TD27
0,0,0,sx,dom,2017-04-18 16:10:26,TD27
0,0,0,sx,dom,2017-04-18 16:10:27,TD27
0,0,0,sx,dom,2017-04-18 16:10:28,TD27
0,0,0,sx,dom,2017-04-18 16:10:29,TD27
0,0,0,sx,dom,2017-04-18 16:10:30,TD27
0,0,0,sx,dom,2017-04-18 16:10:31,TD27
0,0,0,sx,dom,2017-04-18 16:10:32,TD27
0,0,0,sx,dom,2017-04-18 16:10:33,TD27
0,0,0,sx,dom,2017-04-18 16:10:34,TD27
0,0,0,sx,dom,2017-04-18 16:10:35,TD27
0,0,0,sx,dom,2017-04-18 16:10:36,TD27
0,0,0,sx,dom,2017-04-18 16:10:37,TD27
0,0,0,sx,dom,2017-04-18 16:10:38,TD27
0,0,0,sx,dom,2017-04-18 16:10:39,TD27
0,0,0,sx,dom,2017-04-18 16:10:40,TD27
0,0,0,sx,dom,2017-04-18 16:10:41,TD27
0,0,0,sx,dom,2017-04-18 16:10:42,TD27
0,0,0,sx,dom,2017-04-18 16:10:43,TD27
47,32,10,sx,dom,2017-04-18 16:10:44,TD27
107,78,47,sx,dom,2017-04-18 16:10:45,TD27
296,87,184,dx,dom,2017-04-18 16:09:45,TD27
351,82,217,dx,dom,2017-04-18 16:09:46,TD27
264,75,199,dx,dom,2017-04-18 16:09:47,TD27
140,40,123,dx,dom,2017-04-18 16:09:48,TD27
153,175,104,dx,dom,2017-04-18 16:09:49,TD27
80,121,92,dx,dom,2017-04-18 16:09:50,TD27
138,145,152,dx,dom,2017-04-18 16:09:51,TD27
177,125,139,dx,dom,2017-04-18 16:09:52,TD27
206,112,97,dx,dom,2017-04-18 16:09:53,TD27
195,81,115,dx,dom,2017-04-18 16:09:54,TD27
92,86,127,dx,dom,2017-04-18 16:09:55,TD27
123,108,116,dx,dom,2017-04-18 16:09:56,TD27
114,69,105,dx,dom,2017-04-18 16:09:57,TD27
117,91,115,dx,dom,2017-04-18 16:09:58,TD27
74,96,131,dx,dom,2017-04-18 16:09:59,TD27
84,103,103,dx,dom,2017-04-18 16:10:00,TD27
32,130,120,dx,dom,2017-04-18 16:10:01,TD27
34,76,107,dx,dom,2017-04-18 16:10:02,TD27
42,53,67,dx,dom,2017-04-18 16:10:03,TD27
44,55,61,dx,dom,2017-04-18 16:10:04,TD27
47,63,64,dx,dom,2017-04-18 16:10:05,TD27
72,77,76,dx,dom,2017-04-18 16:10:06,TD27
29,36,59,dx,dom,2017-04-18 16:10:07,TD27
76,67,96,dx,dom,2017-04-18 16:10:08,TD27
76,99,56,dx,dom,2017-04-18 16:10:09,TD27
107,75,89,dx,dom,2017-04-18 16:10:10,TD27
66,106,68,dx,dom,2017-04-18 16:10:11,TD27
39,56,117,dx,dom,2017-04-18 16:10:12,TD27
39,39,104,dx,dom,2017-04-18 16:10:13,TD27
47,87,89,dx,dom,2017-04-18 16:10:14,TD27
18,83,96,dx,dom,2017-04-18 16:10:15,TD27
43,51,114,dx,dom,2017-04-18 16:10:16,TD27
39,62,92,dx,dom,2017-04-18 16:10:17,TD27
73,78,63,dx,dom,2017-04-18 16:10:18,TD27
97,83,70,dx,dom,2017-04-18 16:10:19,TD27
89,45,26,dx,dom,2017-04-18 16:10:20,TD27
112,62,49,dx,dom,2017-04-18 16:10:21,TD27
37,62,62,dx,dom,2017-04-18 16:10:22,TD27
41,41,78,dx,dom,2017-04-18 16:10:23,TD27
45,41,76,dx,dom,2017-04-18 16:10:24,TD27
44,74,66,dx,dom,2017-04-18 16:10:25,TD27
67,68,50,dx,dom,2017-04-18 16:10:26,TD27
44,69,75,dx,dom,2017-04-18 16:10:27,TD27
83,20,81,dx,dom,2017-04-18 16:10:28,TD27
86,61,68,dx,dom,2017-04-18 16:10:29,TD27
113,87,78,dx,dom,2017-04-18 16:10:30,TD27
126,71,63,dx,dom,2017-04-18 16:10:31,TD27
54,50,80,dx,dom,2017-04-18 16:10:32,TD27
63,110,79,dx,dom,2017-04-18 16:10:33,TD27
105,84,61,dx,dom,2017-04-18 16:10:34,TD27
80,60,81,dx,dom,2017-04-18 16:10:35,TD27
84,57,103,dx,dom,2017-04-18 16:10:36,TD27
101,70,99,dx,dom,2017-04-18 16:10:37,TD27
133,54,107,dx,dom,2017-04-18 16:10:38,TD27
95,51,116,dx,dom,2017-04-18 16:10:39,TD27
175,102,100,dx,dom,2017-04-18 16:10:40,TD27
135,94,76,dx,dom,2017-04-18 16:10:41,TD27
143,41,112,dx,dom,2017-04-18 16:10:42,TD27
168,44,71,dx,dom,2017-04-18 16:10:43,TD27
200,85,84,dx,dom,2017-04-18 16:10:44,TD27
61,18,43,dx,dom,2017-04-18 16:10:45,TD27
178,150,75,sx,ndom,2017-04-18 16:12:00,TD27
122,112,46,sx,ndom,2017-04-18 16:12:01,TD27
167,110,44,sx,ndom,2017-04-18 16:12:02,TD27
158,90,76,sx,ndom,2017-04-18 16:12:03,TD27
70,136,55,sx,ndom,2017-04-18 16:12:04,TD27
130,111,46,sx,ndom,2017-04-18 16:12:05,TD27
86,115,66,sx,ndom,2017-04-18 16:12:06,TD27
40,47,60,sx,ndom,2017-04-18 16:12:07,TD27
76,84,55,sx,ndom,2017-04-18 16:12:08,TD27
38,85,45,sx,ndom,2017-04-18 16:12:09,TD27
88,54,65,sx,ndom,2017-04-18 16:12:10,TD27
199,105,37,sx,ndom,2017-04-18 16:12:11,TD27
129,51,51,sx,ndom,2017-04-18 16:12:12,TD27
48,111,40,sx,ndom,2017-04-18 16:12:13,TD27
77,57,36,sx,ndom,2017-04-18 16:12:14,TD27
64,64,84,sx,ndom,2017-04-18 16:12:15,TD27
103,66,63,sx,ndom,2017-04-18 16:12:16,TD27
87,76,52,sx,ndom,2017-04-18 16:12:17,TD27
102,81,25,sx,ndom,2017-04-18 16:12:18,TD27
119,89,43,sx,ndom,2017-04-18 16:12:19,TD27
69,47,27,sx,ndom,2017-04-18 16:12:20,TD27
117,72,33,sx,ndom,2017-04-18 16:12:21,TD27
114,30,66,sx,ndom,2017-04-18 16:12:22,TD27
151,72,58,sx,ndom,2017-04-18 16:12:23,TD27
69,65,63,sx,ndom,2017-04-18 16:12:24,TD27
72,96,54,sx,ndom,2017-04-18 16:12:25,TD27
83,64,106,sx,ndom,2017-04-18 16:12:26,TD27
61,78,58,sx,ndom,2017-04-18 16:12:27,TD27
48,107,18,sx,ndom,2017-04-18 16:12:28,TD27
96,102,49,sx,ndom,2017-04-18 16:12:29,TD27
79,85,38,sx,ndom,2017-04-18 16:12:30,TD27
50,158,28,sx,ndom,2017-04-18 16:12:31,TD27
60,116,46,sx,ndom,2017-04-18 16:12:32,TD27
45,161,32,sx,ndom,2017-04-18 16:12:33,TD27
106,129,61,sx,ndom,2017-04-18 16:12:34,TD27
47,93,34,sx,ndom,2017-04-18 16:12:35,TD27
75,85,36,sx,ndom,2017-04-18 16:12:36,TD27
104,145,37,sx,ndom,2017-04-18 16:12:37,TD27
78,154,29,sx,ndom,2017-04-18 16:12:38,TD27
103,63,31,sx,ndom,2017-04-18 16:12:39,TD27
77,98,0,sx,ndom,2017-04-18 16:12:40,TD27
116,115,32,sx,ndom,2017-04-18 16:12:41,TD27
56,100,33,sx,ndom,2017-04-18 16:12:42,TD27
76,86,41,sx,ndom,2017-04-18 16:12:43,TD27
84,95,22,sx,ndom,2017-04-18 16:12:44,TD27
76,68,123,sx,ndom,2017-04-18 16:12:45,TD27
91,137,187,sx,ndom,2017-04-18 16:12:46,TD27
85,87,52,sx,ndom,2017-04-18 16:12:47,TD27
86,101,77,sx,ndom,2017-04-18 16:12:48,TD27
97,75,66,sx,ndom,2017-04-18 16:12:49,TD27
59,110,61,sx,ndom,2017-04-18 16:12:50,TD27
69,64,24,sx,ndom,2017-04-18 16:12:51,TD27
108,60,49,sx,ndom,2017-04-18 16:12:52,TD27
102,91,54,sx,ndom,2017-04-18 16:12:53,TD27
45,62,86,sx,ndom,2017-04-18 16:12:54,TD27
62,87,104,sx,ndom,2017-04-18 16:12:55,TD27
91,109,34,sx,ndom,2017-04-18 16:12:56,TD27
50,64,82,sx,ndom,2017-04-18 16:12:57,TD27
36,105,68,sx,ndom,2017-04-18 16:12:58,TD27
166,141,160,sx,ndom,2017-04-18 16:12:59,TD27
132,154,92,sx,ndom,2017-04-18 16:13:00,TD27
0,0,0,dx,ndom,2017-04-18 16:12:00,TD27
0,0,0,dx,ndom,2017-04-18 16:12:01,TD27
0,0,0,dx,ndom,2017-04-18 16:12:02,TD27
0,0,0,dx,ndom,2017-04-18 16:12:03,TD27
0,0,0,dx,ndom,2017-04-18 16:12:04,TD27
0,0,0,dx,ndom,2017-04-18 16:12:05,TD27
0,0,0,dx,ndom,2017-04-18 16:12:06,TD27
0,0,0,dx,ndom,2017-04-18 16:12:07,TD27
0,0,0,dx,ndom,2017-04-18 16:12:08,TD27
0,0,0,dx,ndom,2017-04-18 16:12:09,TD27
0,0,0,dx,ndom,2017-04-18 16:12:10,TD27
0,0,0,dx,ndom,2017-04-18 16:12:11,TD27
0,0,0,dx,ndom,2017-04-18 16:12:12,TD27
0,0,0,dx,ndom,2017-04-18 16:12:13,TD27
0,0,0,dx,ndom,2017-04-18 16:12:14,TD27
0,0,0,dx,ndom,2017-04-18 16:12:15,TD27
0,0,0,dx,ndom,2017-04-18 16:12:16,TD27
0,0,0,dx,ndom,2017-04-18 16:12:17,TD27
0,0,0,dx,ndom,2017-04-18 16:12:18,TD27
0,0,0,dx,ndom,2017-04-18 16:12:19,TD27
0,0,0,dx,ndom,2017-04-18 16:12:20,TD27
0,0,0,dx,ndom,2017-04-18 16:12:21,TD27
0,0,0,dx,ndom,2017-04-18 16:12:22,TD27
0,0,0,dx,ndom,2017-04-18 16:12:23,TD27
0,0,0,dx,ndom,2017-04-18 16:12:24,TD27
0,0,0,dx,ndom,2017-04-18 16:12:25,TD27
0,0,0,dx,ndom,2017-04-18 16:12:26,TD27
0,0,0,dx,ndom,2017-04-18 16:12:27,TD27
0,0,0,dx,ndom,2017-04-18 16:12:28,TD27
0,0,0,dx,ndom,2017-04-18 16:12:29,TD27
0,0,0,dx,ndom,2017-04-18 16:12:30,TD27
0,0,0,dx,ndom,2017-04-18 16:12:31,TD27
0,0,0,dx,ndom,2017-04-18 16:12:32,TD27
0,0,0,dx,ndom,2017-04-18 16:12:33,TD27
0,0,0,dx,ndom,2017-04-18 16:12:34,TD27
0,0,0,dx,ndom,2017-04-18 16:12:35,TD27
0,0,0,dx,ndom,2017-04-18 16:12:36,TD27
0,0,0,dx,ndom,2017-04-18 16:12:37,TD27
0,0,0,dx,ndom,2017-04-18 16:12:38,TD27
0,0,0,dx,ndom,2017-04-18 16:12:39,TD27
0,0,0,dx,ndom,2017-04-18 16:12:40,TD27
0,0,0,dx,ndom,2017-04-18 16:12:41,TD27
0,0,0,dx,ndom,2017-04-18 16:12:42,TD27
0,0,0,dx,ndom,2017-04-18 16:12:43,TD27
0,0,0,dx,ndom,2017-04-18 16:12:44,TD27
0,0,0,dx,ndom,2017-04-18 16:12:45,TD27
0,0,0,dx,ndom,2017-04-18 16:12:46,TD27
0,0,0,dx,ndom,2017-04-18 16:12:47,TD27
0,0,0,dx,ndom,2017-04-18 16:12:48,TD27
0,0,0,dx,ndom,2017-04-18 16:12:49,TD27
0,0,0,dx,ndom,2017-04-18 16:12:50,TD27
0,0,0,dx,ndom,2017-04-18 16:12:51,TD27
0,0,0,dx,ndom,2017-04-18 16:12:52,TD27
0,0,0,dx,ndom,2017-04-18 16:12:53,TD27
0,0,0,dx,ndom,2017-04-18 16:12:54,TD27
0,0,0,dx,ndom,2017-04-18 16:12:55,TD27
0,0,0,dx,ndom,2017-04-18 16:12:56,TD27
0,0,0,dx,ndom,2017-04-18 16:12:57,TD27
0,0,0,dx,ndom,2017-04-18 16:12:58,TD27
0,0,0,dx,ndom,2017-04-18 16:12:59,TD27
134,93,127,dx,ndom,2017-04-18 16:13:00,TD27
